year,topic_id,display_name,primary_topic_count,ai_subfield_any_topic_count,total_ai_subfield_count,primary_share_per_million_ai,ai_any_share_per_million_ai,source,fetched_at
1990,T12157,Geochemistry and Geologic Mapping,1875,1894,21171,88564.54584100892,89461.99990553115,OpenAlex Works API primary_topic.id and AI-subfield topics.id grouped counts,2026-06-19T23:47:35+00:00
1991,T12157,Geochemistry and Geologic Mapping,1685,1702,22358,75364.52276590034,76124.87700152071,OpenAlex Works API primary_topic.id and AI-subfield topics.id grouped counts,2026-06-19T23:47:35+00:00
1992,T12157,Geochemistry and Geologic Mapping,1637,1651,23668,69165.11745817137,69756.63342910259,OpenAlex Works API primary_topic.id and AI-subfield topics.id grouped counts,2026-06-19T23:47:35+00:00
1993,T12157,Geochemistry and Geologic Mapping,1808,1825,25174,71820.13188210058,72495.43179470883,OpenAlex Works API primary_topic.id and AI-subfield topics.id grouped counts,2026-06-19T23:47:35+00:00
1994,T12157,Geochemistry and Geologic Mapping,1684,1708,26808,62817.06953148314,63712.32467920024,OpenAlex Works API primary_topic.id and AI-subfield topics.id grouped counts,2026-06-19T23:47:35+00:00
1995,T12157,Geochemistry and Geologic Mapping,1799,1817,26910,66852.4712002973,67521.36752136752,OpenAlex Works API primary_topic.id and AI-subfield topics.id grouped counts,2026-06-19T23:47:35+00:00
1996,T12157,Geochemistry and Geologic Mapping,1813,1834,29167,62159.289608118765,62879.28137964137,OpenAlex Works API primary_topic.id and AI-subfield topics.id grouped counts,2026-06-19T23:47:35+00:00
1997,T12157,Geochemistry and Geologic Mapping,1784,1806,29921,59623.67567928879,60358.94522241904,OpenAlex Works API primary_topic.id and AI-subfield topics.id grouped counts,2026-06-19T23:47:35+00:00
1998,T12157,Geochemistry and Geologic Mapping,1674,1689,31737,52746.00623877493,53218.640703280085,OpenAlex Works API primary_topic.id and AI-subfield topics.id grouped counts,2026-06-19T23:47:35+00:00
1999,T12157,Geochemistry and Geologic Mapping,1746,1777,33899,51505.94412814538,52420.42538127968,OpenAlex Works API primary_topic.id and AI-subfield topics.id grouped counts,2026-06-19T23:47:35+00:00
2000,T12157,Geochemistry and Geologic Mapping,2182,2224,41542,52525.15526455154,53536.180251311926,OpenAlex Works API primary_topic.id and AI-subfield topics.id grouped counts,2026-06-19T23:47:35+00:00
2001,T12157,Geochemistry and Geologic Mapping,2161,2190,44511,48549.79667947249,49201.321021769894,OpenAlex Works API primary_topic.id and AI-subfield topics.id grouped counts,2026-06-19T23:47:35+00:00
2002,T12157,Geochemistry and Geologic Mapping,2222,2253,73689,30153.754291685327,30574.441232748442,OpenAlex Works API primary_topic.id and AI-subfield topics.id grouped counts,2026-06-19T23:47:35+00:00
2003,T12157,Geochemistry and Geologic Mapping,2524,2561,67186,37567.350340844816,38118.060310183675,OpenAlex Works API primary_topic.id and AI-subfield topics.id grouped counts,2026-06-19T23:47:35+00:00
2004,T12157,Geochemistry and Geologic Mapping,2509,2555,70835,35420.34305075175,36069.739535540335,OpenAlex Works API primary_topic.id and AI-subfield topics.id grouped counts,2026-06-19T23:47:35+00:00
2005,T12157,Geochemistry and Geologic Mapping,2859,2902,82556,34631.03832550027,35151.89689422937,OpenAlex Works API primary_topic.id and AI-subfield topics.id grouped counts,2026-06-19T23:47:35+00:00
2006,T12157,Geochemistry and Geologic Mapping,2857,2907,89915,31774.453650670075,32330.53439359395,OpenAlex Works API primary_topic.id and AI-subfield topics.id grouped counts,2026-06-19T23:47:35+00:00
2007,T12157,Geochemistry and Geologic Mapping,2981,3017,94054,31694.558445148534,32077.317285814534,OpenAlex Works API primary_topic.id and AI-subfield topics.id grouped counts,2026-06-19T23:47:35+00:00
2008,T12157,Geochemistry and Geologic Mapping,3218,3248,97967,32847.795686302525,33154.02125205426,OpenAlex Works API primary_topic.id and AI-subfield topics.id grouped counts,2026-06-19T23:47:35+00:00
2009,T12157,Geochemistry and Geologic Mapping,3717,3776,104332,35626.65337576199,36192.155810297896,OpenAlex Works API primary_topic.id and AI-subfield topics.id grouped counts,2026-06-19T23:47:35+00:00
2010,T12157,Geochemistry and Geologic Mapping,3993,4044,110997,35973.94524176329,36433.41711938161,OpenAlex Works API primary_topic.id and AI-subfield topics.id grouped counts,2026-06-19T23:47:35+00:00
2011,T12157,Geochemistry and Geologic Mapping,3987,4055,113882,35009.92255141286,35607.03183997471,OpenAlex Works API primary_topic.id and AI-subfield topics.id grouped counts,2026-06-19T23:47:35+00:00
2012,T12157,Geochemistry and Geologic Mapping,4165,4237,117229,35528.751418164444,36142.93391566933,OpenAlex Works API primary_topic.id and AI-subfield topics.id grouped counts,2026-06-19T23:47:35+00:00
2013,T12157,Geochemistry and Geologic Mapping,4358,4429,119603,36437.21311338344,37030.843707933745,OpenAlex Works API primary_topic.id and AI-subfield topics.id grouped counts,2026-06-19T23:47:35+00:00
2014,T12157,Geochemistry and Geologic Mapping,5420,5508,123428,43912.24033444599,44625.206598178695,OpenAlex Works API primary_topic.id and AI-subfield topics.id grouped counts,2026-06-19T23:47:35+00:00
2015,T12157,Geochemistry and Geologic Mapping,4823,4885,123162,39159.805784251635,39663.207807602994,OpenAlex Works API primary_topic.id and AI-subfield topics.id grouped counts,2026-06-19T23:47:35+00:00
2016,T12157,Geochemistry and Geologic Mapping,4890,4943,133301,36683.89584474235,37081.4922618735,OpenAlex Works API primary_topic.id and AI-subfield topics.id grouped counts,2026-06-19T23:47:35+00:00
2017,T12157,Geochemistry and Geologic Mapping,4792,4858,135900,35261.221486387054,35746.87270051508,OpenAlex Works API primary_topic.id and AI-subfield topics.id grouped counts,2026-06-19T23:47:35+00:00
2018,T12157,Geochemistry and Geologic Mapping,5109,5179,151657,33687.861424134724,34149.42930428533,OpenAlex Works API primary_topic.id and AI-subfield topics.id grouped counts,2026-06-19T23:47:35+00:00
2019,T12157,Geochemistry and Geologic Mapping,5677,5771,170876,33222.921884875585,33773.02839485944,OpenAlex Works API primary_topic.id and AI-subfield topics.id grouped counts,2026-06-19T23:47:35+00:00
2020,T12157,Geochemistry and Geologic Mapping,5502,5577,187432,29354.64595159845,29754.791070895048,OpenAlex Works API primary_topic.id and AI-subfield topics.id grouped counts,2026-06-19T23:47:35+00:00
2021,T12157,Geochemistry and Geologic Mapping,5120,5215,188280,27193.541533885702,27698.10919906522,OpenAlex Works API primary_topic.id and AI-subfield topics.id grouped counts,2026-06-19T23:47:35+00:00
2022,T12157,Geochemistry and Geologic Mapping,4828,4928,182108,26511.740285984142,27060.864981219936,OpenAlex Works API primary_topic.id and AI-subfield topics.id grouped counts,2026-06-19T23:47:35+00:00
2023,T12157,Geochemistry and Geologic Mapping,5301,5402,213149,24869.92667101417,25343.773604380036,OpenAlex Works API primary_topic.id and AI-subfield topics.id grouped counts,2026-06-19T23:47:35+00:00
2024,T12157,Geochemistry and Geologic Mapping,5067,5160,233624,21688.69636681163,22086.771906995855,OpenAlex Works API primary_topic.id and AI-subfield topics.id grouped counts,2026-06-19T23:47:35+00:00
2025,T12157,Geochemistry and Geologic Mapping,5228,5296,287086,18210.571048396647,18447.433869990175,OpenAlex Works API primary_topic.id and AI-subfield topics.id grouped counts,2026-06-19T23:47:35+00:00
2026,T12157,Geochemistry and Geologic Mapping,1246,1262,214412,5811.241908102159,5885.864597130757,OpenAlex Works API primary_topic.id and AI-subfield topics.id grouped counts,2026-06-19T23:47:35+00:00
1990,T13650,Computational Physics and Python Applications,412,448,21171,19460.582872797695,21161.02215294507,OpenAlex Works API primary_topic.id and AI-subfield topics.id grouped counts,2026-06-19T23:47:35+00:00
1991,T13650,Computational Physics and Python Applications,386,414,22358,17264.5138205564,18516.861973342875,OpenAlex Works API primary_topic.id and AI-subfield topics.id grouped counts,2026-06-19T23:47:35+00:00
1992,T13650,Computational Physics and Python Applications,413,454,23668,17449.721142470844,19182.01791448369,OpenAlex Works API primary_topic.id and AI-subfield topics.id grouped counts,2026-06-19T23:47:35+00:00
1993,T13650,Computational Physics and Python Applications,436,483,25174,17319.456582187973,19186.462222928418,OpenAlex Works API primary_topic.id and AI-subfield topics.id grouped counts,2026-06-19T23:47:35+00:00
1994,T13650,Computational Physics and Python Applications,470,499,26808,17532.07997612653,18613.846612951354,OpenAlex Works API primary_topic.id and AI-subfield topics.id grouped counts,2026-06-19T23:47:35+00:00
1995,T13650,Computational Physics and Python Applications,568,603,26910,21107.3950204385,22408.026755852843,OpenAlex Works API primary_topic.id and AI-subfield topics.id grouped counts,2026-06-19T23:47:35+00:00
1996,T13650,Computational Physics and Python Applications,560,611,29167,19199.780573936296,20948.33201906264,OpenAlex Works API primary_topic.id and AI-subfield topics.id grouped counts,2026-06-19T23:47:35+00:00
1997,T13650,Computational Physics and Python Applications,571,617,29921,19083.58677851676,20620.968550516358,OpenAlex Works API primary_topic.id and AI-subfield topics.id grouped counts,2026-06-19T23:47:35+00:00
1998,T13650,Computational Physics and Python Applications,617,656,31737,19441.030973311907,20669.880581025303,OpenAlex Works API primary_topic.id and AI-subfield topics.id grouped counts,2026-06-19T23:47:35+00:00
1999,T13650,Computational Physics and Python Applications,669,721,33899,19735.095430543675,21269.063984188328,OpenAlex Works API primary_topic.id and AI-subfield topics.id grouped counts,2026-06-19T23:47:35+00:00
2000,T13650,Computational Physics and Python Applications,651,707,41542,15670.887294786,17018.920610466517,OpenAlex Works API primary_topic.id and AI-subfield topics.id grouped counts,2026-06-19T23:47:35+00:00
2001,T13650,Computational Physics and Python Applications,738,800,44511,16580.17119363753,17973.085304756125,OpenAlex Works API primary_topic.id and AI-subfield topics.id grouped counts,2026-06-19T23:47:35+00:00
2002,T13650,Computational Physics and Python Applications,806,922,73689,10937.860467641032,12512.043860006243,OpenAlex Works API primary_topic.id and AI-subfield topics.id grouped counts,2026-06-19T23:47:35+00:00
2003,T13650,Computational Physics and Python Applications,773,886,67186,11505.37314321436,13187.27115768166,OpenAlex Works API primary_topic.id and AI-subfield topics.id grouped counts,2026-06-19T23:47:35+00:00
2004,T13650,Computational Physics and Python Applications,854,958,70835,12056.1869132491,13524.387661466788,OpenAlex Works API primary_topic.id and AI-subfield topics.id grouped counts,2026-06-19T23:47:35+00:00
2005,T13650,Computational Physics and Python Applications,844,940,82556,10223.363535054992,11386.210572217646,OpenAlex Works API primary_topic.id and AI-subfield topics.id grouped counts,2026-06-19T23:47:35+00:00
2006,T13650,Computational Physics and Python Applications,974,1085,89915,10832.452872157037,12066.952121448034,OpenAlex Works API primary_topic.id and AI-subfield topics.id grouped counts,2026-06-19T23:47:35+00:00
2007,T13650,Computational Physics and Python Applications,1096,1201,94054,11652.880260276012,12769.260212218513,OpenAlex Works API primary_topic.id and AI-subfield topics.id grouped counts,2026-06-19T23:47:35+00:00
2008,T13650,Computational Physics and Python Applications,1122,1216,97967,11452.836159114804,12412.342931803567,OpenAlex Works API primary_topic.id and AI-subfield topics.id grouped counts,2026-06-19T23:47:35+00:00
2009,T13650,Computational Physics and Python Applications,1252,1416,104332,12000.153356592416,13572.058428861712,OpenAlex Works API primary_topic.id and AI-subfield topics.id grouped counts,2026-06-19T23:47:35+00:00
2010,T13650,Computational Physics and Python Applications,1311,1477,110997,11811.130030541366,13306.665945926467,OpenAlex Works API primary_topic.id and AI-subfield topics.id grouped counts,2026-06-19T23:47:35+00:00
2011,T13650,Computational Physics and Python Applications,1411,1568,113882,12390.017737658278,13768.637712720183,OpenAlex Works API primary_topic.id and AI-subfield topics.id grouped counts,2026-06-19T23:47:35+00:00
2012,T13650,Computational Physics and Python Applications,1455,1607,117229,12411.604637077855,13708.212131810387,OpenAlex Works API primary_topic.id and AI-subfield topics.id grouped counts,2026-06-19T23:47:35+00:00
2013,T13650,Computational Physics and Python Applications,1513,1670,119603,12650.184359924082,13962.860463366304,OpenAlex Works API primary_topic.id and AI-subfield topics.id grouped counts,2026-06-19T23:47:35+00:00
2014,T13650,Computational Physics and Python Applications,1796,1983,123428,14550.99329163561,16066.046602067601,OpenAlex Works API primary_topic.id and AI-subfield topics.id grouped counts,2026-06-19T23:47:35+00:00
2015,T13650,Computational Physics and Python Applications,2065,2234,123162,16766.535132589597,18138.71161559572,OpenAlex Works API primary_topic.id and AI-subfield topics.id grouped counts,2026-06-19T23:47:35+00:00
2016,T13650,Computational Physics and Python Applications,2253,2475,133301,16901.598637669635,18567.00249810579,OpenAlex Works API primary_topic.id and AI-subfield topics.id grouped counts,2026-06-19T23:47:35+00:00
2017,T13650,Computational Physics and Python Applications,2272,2589,135900,16718.175128771156,19050.772626931564,OpenAlex Works API primary_topic.id and AI-subfield topics.id grouped counts,2026-06-19T23:47:35+00:00
2018,T13650,Computational Physics and Python Applications,2571,2924,151657,16952.728855245718,19280.349736576616,OpenAlex Works API primary_topic.id and AI-subfield topics.id grouped counts,2026-06-19T23:47:35+00:00
2019,T13650,Computational Physics and Python Applications,3152,3678,170876,18446.12467520307,21524.38025234673,OpenAlex Works API primary_topic.id and AI-subfield topics.id grouped counts,2026-06-19T23:47:35+00:00
2020,T13650,Computational Physics and Python Applications,3878,4658,187432,20690.170301762773,24851.679542447393,OpenAlex Works API primary_topic.id and AI-subfield topics.id grouped counts,2026-06-19T23:47:35+00:00
2021,T13650,Computational Physics and Python Applications,2673,3161,188280,14196.940726577437,16788.82515402592,OpenAlex Works API primary_topic.id and AI-subfield topics.id grouped counts,2026-06-19T23:47:35+00:00
2022,T13650,Computational Physics and Python Applications,2515,3124,182108,13810.486085180222,17154.65547916621,OpenAlex Works API primary_topic.id and AI-subfield topics.id grouped counts,2026-06-19T23:47:35+00:00
2023,T13650,Computational Physics and Python Applications,2813,3492,213149,13197.340827308597,16382.905854589982,OpenAlex Works API primary_topic.id and AI-subfield topics.id grouped counts,2026-06-19T23:47:35+00:00
2024,T13650,Computational Physics and Python Applications,3062,3686,233624,13106.530151011882,15777.488614183474,OpenAlex Works API primary_topic.id and AI-subfield topics.id grouped counts,2026-06-19T23:47:35+00:00
2025,T13650,Computational Physics and Python Applications,2940,3676,287086,10240.83375713201,12804.525473203152,OpenAlex Works API primary_topic.id and AI-subfield topics.id grouped counts,2026-06-19T23:47:35+00:00
2026,T13650,Computational Physics and Python Applications,1668,2223,214412,7779.415331231461,10367.889856910993,OpenAlex Works API primary_topic.id and AI-subfield topics.id grouped counts,2026-06-19T23:47:35+00:00
1990,T10181,Natural Language Processing Techniques,1473,1967,21171,69576.30721269661,92910.11289027442,OpenAlex Works API primary_topic.id and AI-subfield topics.id grouped counts,2026-06-19T23:47:35+00:00
1991,T10181,Natural Language Processing Techniques,1553,2080,22358,69460.59575990697,93031.57706413811,OpenAlex Works API primary_topic.id and AI-subfield topics.id grouped counts,2026-06-19T23:47:35+00:00
1992,T10181,Natural Language Processing Techniques,1724,2311,23668,72840.96670610106,97642.3863444313,OpenAlex Works API primary_topic.id and AI-subfield topics.id grouped counts,2026-06-19T23:47:35+00:00
1993,T10181,Natural Language Processing Techniques,1772,2343,25174,70390.08500834195,93072.21736712482,OpenAlex Works API primary_topic.id and AI-subfield topics.id grouped counts,2026-06-19T23:47:35+00:00
1994,T10181,Natural Language Processing Techniques,2160,2814,26808,80572.96329453895,104968.66606982991,OpenAlex Works API primary_topic.id and AI-subfield topics.id grouped counts,2026-06-19T23:47:35+00:00
1995,T10181,Natural Language Processing Techniques,1855,2457,26910,68933.48197696023,91304.34782608696,OpenAlex Works API primary_topic.id and AI-subfield topics.id grouped counts,2026-06-19T23:47:35+00:00
1996,T10181,Natural Language Processing Techniques,2207,2895,29167,75667.7066547811,99256.00850275997,OpenAlex Works API primary_topic.id and AI-subfield topics.id grouped counts,2026-06-19T23:47:35+00:00
1997,T10181,Natural Language Processing Techniques,2241,3034,29921,74897.22937067611,101400.35426623443,OpenAlex Works API primary_topic.id and AI-subfield topics.id grouped counts,2026-06-19T23:47:35+00:00
1998,T10181,Natural Language Processing Techniques,2600,3456,31737,81923.30718089297,108894.98062198695,OpenAlex Works API primary_topic.id and AI-subfield topics.id grouped counts,2026-06-19T23:47:35+00:00
1999,T10181,Natural Language Processing Techniques,2371,3290,33899,69943.06616714358,97053.01041328652,OpenAlex Works API primary_topic.id and AI-subfield topics.id grouped counts,2026-06-19T23:47:35+00:00
2000,T10181,Natural Language Processing Techniques,3401,4536,41542,81868.95190409706,109190.6985701218,OpenAlex Works API primary_topic.id and AI-subfield topics.id grouped counts,2026-06-19T23:47:35+00:00
2001,T10181,Natural Language Processing Techniques,3104,4150,44511,69735.57098245378,93235.38001842241,OpenAlex Works API primary_topic.id and AI-subfield topics.id grouped counts,2026-06-19T23:47:35+00:00
2002,T10181,Natural Language Processing Techniques,3940,5957,73689,53467.95315447353,80839.74541654793,OpenAlex Works API primary_topic.id and AI-subfield topics.id grouped counts,2026-06-19T23:47:35+00:00
2003,T10181,Natural Language Processing Techniques,4061,5832,67186,60444.14014824518,86803.79841038311,OpenAlex Works API primary_topic.id and AI-subfield topics.id grouped counts,2026-06-19T23:47:35+00:00
2004,T10181,Natural Language Processing Techniques,4902,6916,70835,69203.0775746453,97635.34975647632,OpenAlex Works API primary_topic.id and AI-subfield topics.id grouped counts,2026-06-19T23:47:35+00:00
2005,T10181,Natural Language Processing Techniques,5014,7140,82556,60734.531711807744,86486.74838897232,OpenAlex Works API primary_topic.id and AI-subfield topics.id grouped counts,2026-06-19T23:47:35+00:00
2006,T10181,Natural Language Processing Techniques,5818,8294,89915,64705.55524662181,92242.67363621198,OpenAlex Works API primary_topic.id and AI-subfield topics.id grouped counts,2026-06-19T23:47:35+00:00
2007,T10181,Natural Language Processing Techniques,5984,8506,94054,63623.02507070407,90437.4082973611,OpenAlex Works API primary_topic.id and AI-subfield topics.id grouped counts,2026-06-19T23:47:35+00:00
2008,T10181,Natural Language Processing Techniques,6608,9440,97967,67451.28461624833,96358.97802321191,OpenAlex Works API primary_topic.id and AI-subfield topics.id grouped counts,2026-06-19T23:47:35+00:00
2009,T10181,Natural Language Processing Techniques,7174,10060,104332,68761.26212475558,96422.95748188476,OpenAlex Works API primary_topic.id and AI-subfield topics.id grouped counts,2026-06-19T23:47:35+00:00
2010,T10181,Natural Language Processing Techniques,7806,10860,110997,70326.225033109,97840.48217519392,OpenAlex Works API primary_topic.id and AI-subfield topics.id grouped counts,2026-06-19T23:47:35+00:00
2011,T10181,Natural Language Processing Techniques,7717,10807,113882,67763.12323281994,94896.47178658612,OpenAlex Works API primary_topic.id and AI-subfield topics.id grouped counts,2026-06-19T23:47:35+00:00
2012,T10181,Natural Language Processing Techniques,8558,11871,117229,73002.4140784277,101263.33927611768,OpenAlex Works API primary_topic.id and AI-subfield topics.id grouped counts,2026-06-19T23:47:35+00:00
2013,T10181,Natural Language Processing Techniques,8253,11869,119603,69003.28587075576,99236.64122137404,OpenAlex Works API primary_topic.id and AI-subfield topics.id grouped counts,2026-06-19T23:47:35+00:00
2014,T10181,Natural Language Processing Techniques,9151,12912,123428,74140.38953884046,104611.5954240529,OpenAlex Works API primary_topic.id and AI-subfield topics.id grouped counts,2026-06-19T23:47:35+00:00
2015,T10181,Natural Language Processing Techniques,8396,12447,123162,68170.37722674201,101062.0158815219,OpenAlex Works API primary_topic.id and AI-subfield topics.id grouped counts,2026-06-19T23:47:35+00:00
2016,T10181,Natural Language Processing Techniques,9388,14259,133301,70427.07856655239,106968.43984666282,OpenAlex Works API primary_topic.id and AI-subfield topics.id grouped counts,2026-06-19T23:47:35+00:00
2017,T10181,Natural Language Processing Techniques,8868,14082,135900,65253.86313465783,103620.30905077263,OpenAlex Works API primary_topic.id and AI-subfield topics.id grouped counts,2026-06-19T23:47:35+00:00
2018,T10181,Natural Language Processing Techniques,9806,16985,151657,64659.06618224018,111996.14920511418,OpenAlex Works API primary_topic.id and AI-subfield topics.id grouped counts,2026-06-19T23:47:35+00:00
2019,T10181,Natural Language Processing Techniques,10264,19145,170876,60066.949132704416,112040.30993234861,OpenAlex Works API primary_topic.id and AI-subfield topics.id grouped counts,2026-06-19T23:47:35+00:00
2020,T10181,Natural Language Processing Techniques,11103,21567,187432,59237.4834606684,115065.73050492979,OpenAlex Works API primary_topic.id and AI-subfield topics.id grouped counts,2026-06-19T23:47:35+00:00
2021,T10181,Natural Language Processing Techniques,9235,20953,188280,49049.288294030164,111286.38198427873,OpenAlex Works API primary_topic.id and AI-subfield topics.id grouped counts,2026-06-19T23:47:35+00:00
2022,T10181,Natural Language Processing Techniques,8352,18811,182108,45862.89454609353,103295.84642080523,OpenAlex Works API primary_topic.id and AI-subfield topics.id grouped counts,2026-06-19T23:47:35+00:00
2023,T10181,Natural Language Processing Techniques,9715,23993,213149,45578.44512524103,112564.45022026845,OpenAlex Works API primary_topic.id and AI-subfield topics.id grouped counts,2026-06-19T23:47:35+00:00
2024,T10181,Natural Language Processing Techniques,14835,26363,233624,63499.46923261308,112843.71468684725,OpenAlex Works API primary_topic.id and AI-subfield topics.id grouped counts,2026-06-19T23:47:35+00:00
2025,T10181,Natural Language Processing Techniques,13133,24275,287086,45745.87405864445,84556.54403210187,OpenAlex Works API primary_topic.id and AI-subfield topics.id grouped counts,2026-06-19T23:47:35+00:00
2026,T10181,Natural Language Processing Techniques,5749,12888,214412,26812.86495158853,60108.576012536614,OpenAlex Works API primary_topic.id and AI-subfield topics.id grouped counts,2026-06-19T23:47:35+00:00
1990,T14335,Educational Robotics and Engineering,843,844,21171,39818.61981011761,39865.85423456615,OpenAlex Works API primary_topic.id and AI-subfield topics.id grouped counts,2026-06-19T23:47:35+00:00
1991,T14335,Educational Robotics and Engineering,830,831,22358,37123.1773861705,37167.90410591287,OpenAlex Works API primary_topic.id and AI-subfield topics.id grouped counts,2026-06-19T23:47:35+00:00
1992,T14335,Educational Robotics and Engineering,918,921,23668,38786.5472367754,38913.30065911779,OpenAlex Works API primary_topic.id and AI-subfield topics.id grouped counts,2026-06-19T23:47:35+00:00
1993,T14335,Educational Robotics and Engineering,873,879,25174,34678.63668864702,34916.97783427346,OpenAlex Works API primary_topic.id and AI-subfield topics.id grouped counts,2026-06-19T23:47:35+00:00
1994,T14335,Educational Robotics and Engineering,944,952,26808,35213.36914353925,35511.787526111606,OpenAlex Works API primary_topic.id and AI-subfield topics.id grouped counts,2026-06-19T23:47:35+00:00
1995,T14335,Educational Robotics and Engineering,1106,1111,26910,41099.96283909327,41285.767372723894,OpenAlex Works API primary_topic.id and AI-subfield topics.id grouped counts,2026-06-19T23:47:35+00:00
1996,T14335,Educational Robotics and Engineering,1177,1180,29167,40353.824527719684,40456.68049508006,OpenAlex Works API primary_topic.id and AI-subfield topics.id grouped counts,2026-06-19T23:47:35+00:00
1997,T14335,Educational Robotics and Engineering,1142,1142,29921,38167.17355703352,38167.17355703352,OpenAlex Works API primary_topic.id and AI-subfield topics.id grouped counts,2026-06-19T23:47:35+00:00
1998,T14335,Educational Robotics and Engineering,1229,1235,31737,38724.5171251221,38913.57091092416,OpenAlex Works API primary_topic.id and AI-subfield topics.id grouped counts,2026-06-19T23:47:35+00:00
1999,T14335,Educational Robotics and Engineering,1335,1336,33899,39381.69267530016,39411.19207056255,OpenAlex Works API primary_topic.id and AI-subfield topics.id grouped counts,2026-06-19T23:47:35+00:00
2000,T14335,Educational Robotics and Engineering,1695,1696,41542,40802.07982282991,40826.1518463242,OpenAlex Works API primary_topic.id and AI-subfield topics.id grouped counts,2026-06-19T23:47:35+00:00
2001,T14335,Educational Robotics and Engineering,1968,1969,44511,44213.78984970008,44236.25620633102,OpenAlex Works API primary_topic.id and AI-subfield topics.id grouped counts,2026-06-19T23:47:35+00:00
2002,T14335,Educational Robotics and Engineering,2301,2305,73689,31225.82746407198,31280.109650015605,OpenAlex Works API primary_topic.id and AI-subfield topics.id grouped counts,2026-06-19T23:47:35+00:00
2003,T14335,Educational Robotics and Engineering,2499,2503,67186,37195.24901021046,37254.78522311196,OpenAlex Works API primary_topic.id and AI-subfield topics.id grouped counts,2026-06-19T23:47:35+00:00
2004,T14335,Educational Robotics and Engineering,3189,3193,70835,45020.11717371356,45076.586433260396,OpenAlex Works API primary_topic.id and AI-subfield topics.id grouped counts,2026-06-19T23:47:35+00:00
2005,T14335,Educational Robotics and Engineering,3569,3579,82556,43231.26120451572,43352.391104220165,OpenAlex Works API primary_topic.id and AI-subfield topics.id grouped counts,2026-06-19T23:47:35+00:00
2006,T14335,Educational Robotics and Engineering,3519,3533,89915,39136.96268698215,39292.665295000836,OpenAlex Works API primary_topic.id and AI-subfield topics.id grouped counts,2026-06-19T23:47:35+00:00
2007,T14335,Educational Robotics and Engineering,3746,3754,94054,39828.18380930104,39913.24132944904,OpenAlex Works API primary_topic.id and AI-subfield topics.id grouped counts,2026-06-19T23:47:35+00:00
2008,T14335,Educational Robotics and Engineering,3778,3783,97967,38564.00624700154,38615.0438412935,OpenAlex Works API primary_topic.id and AI-subfield topics.id grouped counts,2026-06-19T23:47:35+00:00
2009,T14335,Educational Robotics and Engineering,4185,4193,104332,40112.3337039451,40189.01200015336,OpenAlex Works API primary_topic.id and AI-subfield topics.id grouped counts,2026-06-19T23:47:35+00:00
2010,T14335,Educational Robotics and Engineering,4308,4316,110997,38811.859779994054,38883.933800012615,OpenAlex Works API primary_topic.id and AI-subfield topics.id grouped counts,2026-06-19T23:47:35+00:00
2011,T14335,Educational Robotics and Engineering,4285,4287,113882,37626.66619834566,37644.22823624453,OpenAlex Works API primary_topic.id and AI-subfield topics.id grouped counts,2026-06-19T23:47:35+00:00
2012,T14335,Educational Robotics and Engineering,4472,4486,117229,38147.55734502555,38266.98171954038,OpenAlex Works API primary_topic.id and AI-subfield topics.id grouped counts,2026-06-19T23:47:35+00:00
2013,T14335,Educational Robotics and Engineering,4837,4848,119603,40442.12937802563,40534.100315209485,OpenAlex Works API primary_topic.id and AI-subfield topics.id grouped counts,2026-06-19T23:47:35+00:00
2014,T14335,Educational Robotics and Engineering,4938,4945,123428,40007.12966263733,40063.84288816152,OpenAlex Works API primary_topic.id and AI-subfield topics.id grouped counts,2026-06-19T23:47:35+00:00
2015,T14335,Educational Robotics and Engineering,5128,5144,123162,41636.21896364138,41766.12916321593,OpenAlex Works API primary_topic.id and AI-subfield topics.id grouped counts,2026-06-19T23:47:35+00:00
2016,T14335,Educational Robotics and Engineering,9132,9155,133301,68506.612853617,68679.15469501354,OpenAlex Works API primary_topic.id and AI-subfield topics.id grouped counts,2026-06-19T23:47:35+00:00
2017,T14335,Educational Robotics and Engineering,7052,7066,135900,51891.09639440765,51994.113318616626,OpenAlex Works API primary_topic.id and AI-subfield topics.id grouped counts,2026-06-19T23:47:35+00:00
2018,T14335,Educational Robotics and Engineering,3895,3907,151657,25682.95561695141,25762.08153926294,OpenAlex Works API primary_topic.id and AI-subfield topics.id grouped counts,2026-06-19T23:47:35+00:00
2019,T14335,Educational Robotics and Engineering,6039,6057,170876,35341.41716800487,35446.75671246986,OpenAlex Works API primary_topic.id and AI-subfield topics.id grouped counts,2026-06-19T23:47:35+00:00
2020,T14335,Educational Robotics and Engineering,4119,4134,187432,21975.969951769177,22055.998975628496,OpenAlex Works API primary_topic.id and AI-subfield topics.id grouped counts,2026-06-19T23:47:35+00:00
2021,T14335,Educational Robotics and Engineering,3482,3492,188280,18493.732738474613,18546.845124282983,OpenAlex Works API primary_topic.id and AI-subfield topics.id grouped counts,2026-06-19T23:47:35+00:00
2022,T14335,Educational Robotics and Engineering,4059,4066,182108,22288.971379620885,22327.41010828739,OpenAlex Works API primary_topic.id and AI-subfield topics.id grouped counts,2026-06-19T23:47:35+00:00
2023,T14335,Educational Robotics and Engineering,3045,3051,213149,14285.781307911368,14313.930630685578,OpenAlex Works API primary_topic.id and AI-subfield topics.id grouped counts,2026-06-19T23:47:35+00:00
2024,T14335,Educational Robotics and Engineering,2701,2707,233624,11561.312193952675,11586.994486867787,OpenAlex Works API primary_topic.id and AI-subfield topics.id grouped counts,2026-06-19T23:47:35+00:00
2025,T14335,Educational Robotics and Engineering,2848,2863,287086,9920.372292623117,9972.621444445218,OpenAlex Works API primary_topic.id and AI-subfield topics.id grouped counts,2026-06-19T23:47:35+00:00
2026,T14335,Educational Robotics and Engineering,1765,1783,214412,8231.815383467343,8315.765908624517,OpenAlex Works API primary_topic.id and AI-subfield topics.id grouped counts,2026-06-19T23:47:35+00:00
1990,T13398,Data Analysis with R,89,98,21171,4203.86377591989,4628.973595956733,OpenAlex Works API primary_topic.id and AI-subfield topics.id grouped counts,2026-06-19T23:47:35+00:00
1991,T13398,Data Analysis with R,100,107,22358,4472.67197423741,4785.759012434029,OpenAlex Works API primary_topic.id and AI-subfield topics.id grouped counts,2026-06-19T23:47:35+00:00
1992,T13398,Data Analysis with R,104,111,23668,4394.118641203312,4689.87662666892,OpenAlex Works API primary_topic.id and AI-subfield topics.id grouped counts,2026-06-19T23:47:35+00:00
1993,T13398,Data Analysis with R,116,125,25174,4607.928815444506,4965.440533884166,OpenAlex Works API primary_topic.id and AI-subfield topics.id grouped counts,2026-06-19T23:47:35+00:00
1994,T13398,Data Analysis with R,112,131,26808,4177.857356013131,4886.601014622501,OpenAlex Works API primary_topic.id and AI-subfield topics.id grouped counts,2026-06-19T23:47:35+00:00
1995,T13398,Data Analysis with R,130,145,26910,4830.917874396135,5388.331475287997,OpenAlex Works API primary_topic.id and AI-subfield topics.id grouped counts,2026-06-19T23:47:35+00:00
1996,T13398,Data Analysis with R,113,123,29167,3874.241437240717,4217.094661775293,OpenAlex Works API primary_topic.id and AI-subfield topics.id grouped counts,2026-06-19T23:47:35+00:00
1997,T13398,Data Analysis with R,126,137,29921,4211.089201564119,4578.72397312924,OpenAlex Works API primary_topic.id and AI-subfield topics.id grouped counts,2026-06-19T23:47:35+00:00
1998,T13398,Data Analysis with R,114,130,31737,3592.021930239153,4096.165359044648,OpenAlex Works API primary_topic.id and AI-subfield topics.id grouped counts,2026-06-19T23:47:35+00:00
1999,T13398,Data Analysis with R,150,164,33899,4424.909289359568,4837.900823033127,OpenAlex Works API primary_topic.id and AI-subfield topics.id grouped counts,2026-06-19T23:47:35+00:00
2000,T13398,Data Analysis with R,196,218,41542,4718.116604881807,5247.701121756295,OpenAlex Works API primary_topic.id and AI-subfield topics.id grouped counts,2026-06-19T23:47:35+00:00
2001,T13398,Data Analysis with R,176,188,44511,3954.0787670463483,4223.67504661769,OpenAlex Works API primary_topic.id and AI-subfield topics.id grouped counts,2026-06-19T23:47:35+00:00
2002,T13398,Data Analysis with R,160,187,73689,2171.287437745118,2537.6921928646066,OpenAlex Works API primary_topic.id and AI-subfield topics.id grouped counts,2026-06-19T23:47:35+00:00
2003,T13398,Data Analysis with R,207,225,67186,3080.999017652487,3348.9119757092253,OpenAlex Works API primary_topic.id and AI-subfield topics.id grouped counts,2026-06-19T23:47:35+00:00
2004,T13398,Data Analysis with R,239,269,70835,3374.038257923343,3797.557704524599,OpenAlex Works API primary_topic.id and AI-subfield topics.id grouped counts,2026-06-19T23:47:35+00:00
2005,T13398,Data Analysis with R,275,306,82556,3331.072241872184,3706.574930955957,OpenAlex Works API primary_topic.id and AI-subfield topics.id grouped counts,2026-06-19T23:47:35+00:00
2006,T13398,Data Analysis with R,309,330,89915,3436.5789912695323,3670.1329032975586,OpenAlex Works API primary_topic.id and AI-subfield topics.id grouped counts,2026-06-19T23:47:35+00:00
2007,T13398,Data Analysis with R,479,530,94054,5092.819018861505,5635.060709805006,OpenAlex Works API primary_topic.id and AI-subfield topics.id grouped counts,2026-06-19T23:47:35+00:00
2008,T13398,Data Analysis with R,516,557,97967,5267.079730929803,5685.588004123838,OpenAlex Works API primary_topic.id and AI-subfield topics.id grouped counts,2026-06-19T23:47:35+00:00
2009,T13398,Data Analysis with R,590,644,104332,5655.024345359046,6172.60284476479,OpenAlex Works API primary_topic.id and AI-subfield topics.id grouped counts,2026-06-19T23:47:35+00:00
2010,T13398,Data Analysis with R,700,754,110997,6306.476751623918,6792.976386749192,OpenAlex Works API primary_topic.id and AI-subfield topics.id grouped counts,2026-06-19T23:47:35+00:00
2011,T13398,Data Analysis with R,761,812,113882,6682.3554205229975,7130.187386944381,OpenAlex Works API primary_topic.id and AI-subfield topics.id grouped counts,2026-06-19T23:47:35+00:00
2012,T13398,Data Analysis with R,839,909,117229,7156.932158424963,7754.054030999156,OpenAlex Works API primary_topic.id and AI-subfield topics.id grouped counts,2026-06-19T23:47:35+00:00
2013,T13398,Data Analysis with R,999,1076,119603,8352.63329515146,8996.42985543841,OpenAlex Works API primary_topic.id and AI-subfield topics.id grouped counts,2026-06-19T23:47:35+00:00
2014,T13398,Data Analysis with R,1201,1305,123428,9730.36912207927,10572.965615581554,OpenAlex Works API primary_topic.id and AI-subfield topics.id grouped counts,2026-06-19T23:47:35+00:00
2015,T13398,Data Analysis with R,1291,1418,123162,10482.129228171027,11513.29143729397,OpenAlex Works API primary_topic.id and AI-subfield topics.id grouped counts,2026-06-19T23:47:35+00:00
2016,T13398,Data Analysis with R,1793,1976,133301,13450.761809738862,14823.594721720017,OpenAlex Works API primary_topic.id and AI-subfield topics.id grouped counts,2026-06-19T23:47:35+00:00
2017,T13398,Data Analysis with R,1841,2027,135900,13546.7255334805,14915.378955114054,OpenAlex Works API primary_topic.id and AI-subfield topics.id grouped counts,2026-06-19T23:47:35+00:00
2018,T13398,Data Analysis with R,2061,2256,151657,13589.877157005612,14875.673394568006,OpenAlex Works API primary_topic.id and AI-subfield topics.id grouped counts,2026-06-19T23:47:35+00:00
2019,T13398,Data Analysis with R,2551,2789,170876,14928.954329455277,16321.777195159062,OpenAlex Works API primary_topic.id and AI-subfield topics.id grouped counts,2026-06-19T23:47:35+00:00
2020,T13398,Data Analysis with R,5233,5546,187432,27919.45879038798,29589.397754919115,OpenAlex Works API primary_topic.id and AI-subfield topics.id grouped counts,2026-06-19T23:47:35+00:00
2021,T13398,Data Analysis with R,4988,5264,188280,26492.45804121521,27958.359889526237,OpenAlex Works API primary_topic.id and AI-subfield topics.id grouped counts,2026-06-19T23:47:35+00:00
2022,T13398,Data Analysis with R,2223,2419,182108,12207.041975091704,13283.326377753861,OpenAlex Works API primary_topic.id and AI-subfield topics.id grouped counts,2026-06-19T23:47:35+00:00
2023,T13398,Data Analysis with R,2226,2429,213149,10443.398749231757,11395.784169759183,OpenAlex Works API primary_topic.id and AI-subfield topics.id grouped counts,2026-06-19T23:47:35+00:00
2024,T13398,Data Analysis with R,1005,1186,233624,4301.784063281169,5076.533232887032,OpenAlex Works API primary_topic.id and AI-subfield topics.id grouped counts,2026-06-19T23:47:35+00:00
2025,T13398,Data Analysis with R,1930,2253,287086,6722.724201110469,7847.822603679734,OpenAlex Works API primary_topic.id and AI-subfield topics.id grouped counts,2026-06-19T23:47:35+00:00
2026,T13398,Data Analysis with R,9310,9815,214412,43421.07717851613,45776.355800981284,OpenAlex Works API primary_topic.id and AI-subfield topics.id grouped counts,2026-06-19T23:47:35+00:00
1990,T10320,Neural Networks and Applications,2743,3060,21171,129564.02626233998,144537.33881252655,OpenAlex Works API primary_topic.id and AI-subfield topics.id grouped counts,2026-06-19T23:47:35+00:00
1991,T10320,Neural Networks and Applications,3310,3708,22358,148045.44234725824,165846.67680472316,OpenAlex Works API primary_topic.id and AI-subfield topics.id grouped counts,2026-06-19T23:47:35+00:00
1992,T10320,Neural Networks and Applications,3417,3899,23668,144372.1480479973,164737.1979043434,OpenAlex Works API primary_topic.id and AI-subfield topics.id grouped counts,2026-06-19T23:47:35+00:00
1993,T10320,Neural Networks and Applications,3572,4086,25174,141892.42869627394,162310.32017160562,OpenAlex Works API primary_topic.id and AI-subfield topics.id grouped counts,2026-06-19T23:47:35+00:00
1994,T10320,Neural Networks and Applications,3761,4451,26808,140293.94210683377,166032.52760370038,OpenAlex Works API primary_topic.id and AI-subfield topics.id grouped counts,2026-06-19T23:47:35+00:00
1995,T10320,Neural Networks and Applications,3593,4223,26910,133519.13786696395,156930.50910442215,OpenAlex Works API primary_topic.id and AI-subfield topics.id grouped counts,2026-06-19T23:47:35+00:00
1996,T10320,Neural Networks and Applications,3614,4244,29167,123907.15534679605,145506.90849247438,OpenAlex Works API primary_topic.id and AI-subfield topics.id grouped counts,2026-06-19T23:47:35+00:00
1997,T10320,Neural Networks and Applications,3749,4427,29921,125296.6144179673,147956.28488352662,OpenAlex Works API primary_topic.id and AI-subfield topics.id grouped counts,2026-06-19T23:47:35+00:00
1998,T10320,Neural Networks and Applications,3775,4563,31737,118946.34023379652,143775.40410246715,OpenAlex Works API primary_topic.id and AI-subfield topics.id grouped counts,2026-06-19T23:47:35+00:00
1999,T10320,Neural Networks and Applications,3428,4273,33899,101123.92695949733,126050.91595622289,OpenAlex Works API primary_topic.id and AI-subfield topics.id grouped counts,2026-06-19T23:47:35+00:00
2000,T10320,Neural Networks and Applications,3839,4637,41542,92412.49819459823,111621.97294304559,OpenAlex Works API primary_topic.id and AI-subfield topics.id grouped counts,2026-06-19T23:47:35+00:00
2001,T10320,Neural Networks and Applications,3580,4275,44511,80429.55673878368,96043.67459729056,OpenAlex Works API primary_topic.id and AI-subfield topics.id grouped counts,2026-06-19T23:47:35+00:00
2002,T10320,Neural Networks and Applications,9695,12610,73689,131566.44818086823,171124.59118728712,OpenAlex Works API primary_topic.id and AI-subfield topics.id grouped counts,2026-06-19T23:47:35+00:00
2003,T10320,Neural Networks and Applications,6208,7754,67186,92400.20242312388,115410.94870955258,OpenAlex Works API primary_topic.id and AI-subfield topics.id grouped counts,2026-06-19T23:47:35+00:00
2004,T10320,Neural Networks and Applications,4501,5703,70835,63542.03430507517,80511.04679889885,OpenAlex Works API primary_topic.id and AI-subfield topics.id grouped counts,2026-06-19T23:47:35+00:00
2005,T10320,Neural Networks and Applications,5727,7333,82556,69371.09356073453,88824.55545326808,OpenAlex Works API primary_topic.id and AI-subfield topics.id grouped counts,2026-06-19T23:47:35+00:00
2006,T10320,Neural Networks and Applications,5724,7403,89915,63660.12344992493,82333.31479730857,OpenAlex Works API primary_topic.id and AI-subfield topics.id grouped counts,2026-06-19T23:47:35+00:00
2007,T10320,Neural Networks and Applications,5001,6552,94054,53171.58228251855,69662.10900121207,OpenAlex Works API primary_topic.id and AI-subfield topics.id grouped counts,2026-06-19T23:47:35+00:00
2008,T10320,Neural Networks and Applications,4889,6397,97967,49904.55969867404,65297.498137127805,OpenAlex Works API primary_topic.id and AI-subfield topics.id grouped counts,2026-06-19T23:47:35+00:00
2009,T10320,Neural Networks and Applications,5167,6731,104332,49524.5945635088,64515.201472223285,OpenAlex Works API primary_topic.id and AI-subfield topics.id grouped counts,2026-06-19T23:47:35+00:00
2010,T10320,Neural Networks and Applications,5054,6724,110997,45532.762146724686,60578.21382559889,OpenAlex Works API primary_topic.id and AI-subfield topics.id grouped counts,2026-06-19T23:47:35+00:00
2011,T10320,Neural Networks and Applications,5322,6925,113882,46732.582848913786,60808.55622486433,OpenAlex Works API primary_topic.id and AI-subfield topics.id grouped counts,2026-06-19T23:47:35+00:00
2012,T10320,Neural Networks and Applications,4865,6569,117229,41499.97014390637,56035.622584855286,OpenAlex Works API primary_topic.id and AI-subfield topics.id grouped counts,2026-06-19T23:47:35+00:00
2013,T10320,Neural Networks and Applications,4750,6487,119603,39714.72287484427,54237.76995560312,OpenAlex Works API primary_topic.id and AI-subfield topics.id grouped counts,2026-06-19T23:47:35+00:00
2014,T10320,Neural Networks and Applications,4799,6574,123428,38880.96704151408,53261.82065657711,OpenAlex Works API primary_topic.id and AI-subfield topics.id grouped counts,2026-06-19T23:47:35+00:00
2015,T10320,Neural Networks and Applications,4926,6634,123162,39996.10269401276,53864.016498595345,OpenAlex Works API primary_topic.id and AI-subfield topics.id grouped counts,2026-06-19T23:47:35+00:00
2016,T10320,Neural Networks and Applications,5152,6918,133301,38649.37247282466,51897.58516440237,OpenAlex Works API primary_topic.id and AI-subfield topics.id grouped counts,2026-06-19T23:47:35+00:00
2017,T10320,Neural Networks and Applications,5515,7498,135900,40581.3097866078,55172.9212656365,OpenAlex Works API primary_topic.id and AI-subfield topics.id grouped counts,2026-06-19T23:47:35+00:00
2018,T10320,Neural Networks and Applications,6650,8970,151657,43848.948614307286,59146.62692787013,OpenAlex Works API primary_topic.id and AI-subfield topics.id grouped counts,2026-06-19T23:47:35+00:00
2019,T10320,Neural Networks and Applications,6946,9366,170876,40649.35976965753,54811.67630328426,OpenAlex Works API primary_topic.id and AI-subfield topics.id grouped counts,2026-06-19T23:47:35+00:00
2020,T10320,Neural Networks and Applications,6692,9202,187432,35703.61517777114,49095.13850356396,OpenAlex Works API primary_topic.id and AI-subfield topics.id grouped counts,2026-06-19T23:47:35+00:00
2021,T10320,Neural Networks and Applications,6247,8730,188280,33179.307414489056,46367.112810707455,OpenAlex Works API primary_topic.id and AI-subfield topics.id grouped counts,2026-06-19T23:47:35+00:00
2022,T10320,Neural Networks and Applications,5960,8406,182108,32727.83183605333,46159.42188152086,OpenAlex Works API primary_topic.id and AI-subfield topics.id grouped counts,2026-06-19T23:47:35+00:00
2023,T10320,Neural Networks and Applications,7083,9751,213149,33230.275534954424,45747.34106188628,OpenAlex Works API primary_topic.id and AI-subfield topics.id grouped counts,2026-06-19T23:47:35+00:00
2024,T10320,Neural Networks and Applications,13038,16410,233624,55807.622504537205,70241.07112282985,OpenAlex Works API primary_topic.id and AI-subfield topics.id grouped counts,2026-06-19T23:47:35+00:00
2025,T10320,Neural Networks and Applications,10480,13741,287086,36504.74073970866,47863.70634583365,OpenAlex Works API primary_topic.id and AI-subfield topics.id grouped counts,2026-06-19T23:47:35+00:00
2026,T10320,Neural Networks and Applications,1746,3162,214412,8143.200940245881,14747.308919276908,OpenAlex Works API primary_topic.id and AI-subfield topics.id grouped counts,2026-06-19T23:47:35+00:00
1990,T13734,Advanced Computational Techniques and Applications,514,610,21171,24278.494166548582,28812.998913608237,OpenAlex Works API primary_topic.id and AI-subfield topics.id grouped counts,2026-06-19T23:47:35+00:00
1991,T13734,Advanced Computational Techniques and Applications,514,656,22358,22989.533947580283,29340.728150997405,OpenAlex Works API primary_topic.id and AI-subfield topics.id grouped counts,2026-06-19T23:47:35+00:00
1992,T13734,Advanced Computational Techniques and Applications,497,629,23668,20998.816968058138,26575.967551123882,OpenAlex Works API primary_topic.id and AI-subfield topics.id grouped counts,2026-06-19T23:47:35+00:00
1993,T13734,Advanced Computational Techniques and Applications,569,677,25174,22602.685310240722,26892.825931516643,OpenAlex Works API primary_topic.id and AI-subfield topics.id grouped counts,2026-06-19T23:47:35+00:00
1994,T13734,Advanced Computational Techniques and Applications,604,730,26808,22530.58788421367,27230.67740972844,OpenAlex Works API primary_topic.id and AI-subfield topics.id grouped counts,2026-06-19T23:47:35+00:00
1995,T13734,Advanced Computational Techniques and Applications,593,711,26910,22036.417688591602,26421.404682274246,OpenAlex Works API primary_topic.id and AI-subfield topics.id grouped counts,2026-06-19T23:47:35+00:00
1996,T13734,Advanced Computational Techniques and Applications,645,753,29167,22114.0329824802,25816.84780745363,OpenAlex Works API primary_topic.id and AI-subfield topics.id grouped counts,2026-06-19T23:47:35+00:00
1997,T13734,Advanced Computational Techniques and Applications,749,874,29921,25032.58580929782,29210.25366799238,OpenAlex Works API primary_topic.id and AI-subfield topics.id grouped counts,2026-06-19T23:47:35+00:00
1998,T13734,Advanced Computational Techniques and Applications,774,907,31737,24387.938368465828,28578.630620411506,OpenAlex Works API primary_topic.id and AI-subfield topics.id grouped counts,2026-06-19T23:47:35+00:00
1999,T13734,Advanced Computational Techniques and Applications,1527,1681,33899,45045.5765656804,49588.48343608956,OpenAlex Works API primary_topic.id and AI-subfield topics.id grouped counts,2026-06-19T23:47:35+00:00
2000,T13734,Advanced Computational Techniques and Applications,3489,3709,41542,83987.289971595,89283.13514033989,OpenAlex Works API primary_topic.id and AI-subfield topics.id grouped counts,2026-06-19T23:47:35+00:00
2001,T13734,Advanced Computational Techniques and Applications,5089,5354,44511,114331.28889487992,120284.87340208038,OpenAlex Works API primary_topic.id and AI-subfield topics.id grouped counts,2026-06-19T23:47:35+00:00
2002,T13734,Advanced Computational Techniques and Applications,6769,7281,73689,91859.0291631044,98807.14896388877,OpenAlex Works API primary_topic.id and AI-subfield topics.id grouped counts,2026-06-19T23:47:35+00:00
2003,T13734,Advanced Computational Techniques and Applications,8394,8904,67186,124936.74277379215,132527.60991873307,OpenAlex Works API primary_topic.id and AI-subfield topics.id grouped counts,2026-06-19T23:47:35+00:00
2004,T13734,Advanced Computational Techniques and Applications,9828,10319,70835,138744.9707065716,145676.5723159455,OpenAlex Works API primary_topic.id and AI-subfield topics.id grouped counts,2026-06-19T23:47:35+00:00
2005,T13734,Advanced Computational Techniques and Applications,11180,11753,82556,135423.22786956732,142363.97112263192,OpenAlex Works API primary_topic.id and AI-subfield topics.id grouped counts,2026-06-19T23:47:35+00:00
2006,T13734,Advanced Computational Techniques and Applications,12556,13207,89915,139642.99616304287,146883.16743591172,OpenAlex Works API primary_topic.id and AI-subfield topics.id grouped counts,2026-06-19T23:47:35+00:00
2007,T13734,Advanced Computational Techniques and Applications,13301,14009,94054,141418.75943606862,148946.34996916665,OpenAlex Works API primary_topic.id and AI-subfield topics.id grouped counts,2026-06-19T23:47:35+00:00
2008,T13734,Advanced Computational Techniques and Applications,13122,13916,97967,133943.0624598079,142047.8324333704,OpenAlex Works API primary_topic.id and AI-subfield topics.id grouped counts,2026-06-19T23:47:35+00:00
2009,T13734,Advanced Computational Techniques and Applications,13414,14280,104332,128570.33316719701,136870.758731741,OpenAlex Works API primary_topic.id and AI-subfield topics.id grouped counts,2026-06-19T23:47:35+00:00
2010,T13734,Advanced Computational Techniques and Applications,13083,14042,110997,117868.05048785103,126507.92363757579,OpenAlex Works API primary_topic.id and AI-subfield topics.id grouped counts,2026-06-19T23:47:35+00:00
2011,T13734,Advanced Computational Techniques and Applications,11368,12199,113882,99822.62341722134,107119.65016420504,OpenAlex Works API primary_topic.id and AI-subfield topics.id grouped counts,2026-06-19T23:47:35+00:00
2012,T13734,Advanced Computational Techniques and Applications,9312,10069,117229,79434.26967729827,85891.71621356491,OpenAlex Works API primary_topic.id and AI-subfield topics.id grouped counts,2026-06-19T23:47:35+00:00
2013,T13734,Advanced Computational Techniques and Applications,7654,8372,119603,63995.050291380656,69998.24419119922,OpenAlex Works API primary_topic.id and AI-subfield topics.id grouped counts,2026-06-19T23:47:35+00:00
2014,T13734,Advanced Computational Techniques and Applications,5507,6110,123428,44617.1047088181,49502.54399325923,OpenAlex Works API primary_topic.id and AI-subfield topics.id grouped counts,2026-06-19T23:47:35+00:00
2015,T13734,Advanced Computational Techniques and Applications,3902,4425,123162,31681.84992124194,35928.28956983486,OpenAlex Works API primary_topic.id and AI-subfield topics.id grouped counts,2026-06-19T23:47:35+00:00
2016,T13734,Advanced Computational Techniques and Applications,2215,2613,133301,16616.529508405787,19602.253546485023,OpenAlex Works API primary_topic.id and AI-subfield topics.id grouped counts,2026-06-19T23:47:35+00:00
2017,T13734,Advanced Computational Techniques and Applications,1855,2258,135900,13649.742457689477,16615.158204562176,OpenAlex Works API primary_topic.id and AI-subfield topics.id grouped counts,2026-06-19T23:47:35+00:00
2018,T13734,Advanced Computational Techniques and Applications,1988,2355,151657,13108.527796277125,15528.462253638143,OpenAlex Works API primary_topic.id and AI-subfield topics.id grouped counts,2026-06-19T23:47:35+00:00
2019,T13734,Advanced Computational Techniques and Applications,2017,2464,170876,11803.881176993844,14419.813197874482,OpenAlex Works API primary_topic.id and AI-subfield topics.id grouped counts,2026-06-19T23:47:35+00:00
2020,T13734,Advanced Computational Techniques and Applications,2937,3352,187432,15669.682871654788,17883.819198429297,OpenAlex Works API primary_topic.id and AI-subfield topics.id grouped counts,2026-06-19T23:47:35+00:00
2021,T13734,Advanced Computational Techniques and Applications,1296,1574,188280,6883.365200764819,8359.889526237519,OpenAlex Works API primary_topic.id and AI-subfield topics.id grouped counts,2026-06-19T23:47:35+00:00
2022,T13734,Advanced Computational Techniques and Applications,1212,1445,182108,6655.391306257825,7934.851846157226,OpenAlex Works API primary_topic.id and AI-subfield topics.id grouped counts,2026-06-19T23:47:35+00:00
2023,T13734,Advanced Computational Techniques and Applications,1400,1658,213149,6568.175313982238,7778.596193273251,OpenAlex Works API primary_topic.id and AI-subfield topics.id grouped counts,2026-06-19T23:47:35+00:00
2024,T13734,Advanced Computational Techniques and Applications,2366,2816,233624,10127.384172858952,12053.556141492312,OpenAlex Works API primary_topic.id and AI-subfield topics.id grouped counts,2026-06-19T23:47:35+00:00
2025,T13734,Advanced Computational Techniques and Applications,1754,2129,287086,6109.667486397804,7415.896281950356,OpenAlex Works API primary_topic.id and AI-subfield topics.id grouped counts,2026-06-19T23:47:35+00:00
2026,T13734,Advanced Computational Techniques and Applications,20,42,214412,93.27836128574893,195.88455870007277,OpenAlex Works API primary_topic.id and AI-subfield topics.id grouped counts,2026-06-19T23:47:35+00:00
1990,T10215,Semantic Web and Ontologies,1075,1922,21171,50777.00628217845,90784.56379009021,OpenAlex Works API primary_topic.id and AI-subfield topics.id grouped counts,2026-06-19T23:47:35+00:00
1991,T10215,Semantic Web and Ontologies,1101,2113,22358,49244.11843635388,94507.55881563647,OpenAlex Works API primary_topic.id and AI-subfield topics.id grouped counts,2026-06-19T23:47:35+00:00
1992,T10215,Semantic Web and Ontologies,1221,2154,23668,51588.64289335812,91008.95724184554,OpenAlex Works API primary_topic.id and AI-subfield topics.id grouped counts,2026-06-19T23:47:35+00:00
1993,T10215,Semantic Web and Ontologies,1276,2330,25174,50687.216969889574,92555.81155160087,OpenAlex Works API primary_topic.id and AI-subfield topics.id grouped counts,2026-06-19T23:47:35+00:00
1994,T10215,Semantic Web and Ontologies,1280,2353,26808,47746.94121157863,87772.30677409728,OpenAlex Works API primary_topic.id and AI-subfield topics.id grouped counts,2026-06-19T23:47:35+00:00
1995,T10215,Semantic Web and Ontologies,1367,2489,26910,50798.95949461167,92493.49684132292,OpenAlex Works API primary_topic.id and AI-subfield topics.id grouped counts,2026-06-19T23:47:35+00:00
1996,T10215,Semantic Web and Ontologies,1445,2583,29167,49542.29094524634,88558.98789728117,OpenAlex Works API primary_topic.id and AI-subfield topics.id grouped counts,2026-06-19T23:47:35+00:00
1997,T10215,Semantic Web and Ontologies,1537,2750,29921,51368.60399050834,91908.69289128037,OpenAlex Works API primary_topic.id and AI-subfield topics.id grouped counts,2026-06-19T23:47:35+00:00
1998,T10215,Semantic Web and Ontologies,1632,2840,31737,51422.62973816051,89485.4586129754,OpenAlex Works API primary_topic.id and AI-subfield topics.id grouped counts,2026-06-19T23:47:35+00:00
1999,T10215,Semantic Web and Ontologies,1710,2924,33899,50443.965898699076,86256.23174724918,OpenAlex Works API primary_topic.id and AI-subfield topics.id grouped counts,2026-06-19T23:47:35+00:00
2000,T10215,Semantic Web and Ontologies,2064,3458,41542,49684.656492224734,83241.05724327186,OpenAlex Works API primary_topic.id and AI-subfield topics.id grouped counts,2026-06-19T23:47:35+00:00
2001,T10215,Semantic Web and Ontologies,2146,3573,44511,48212.80133000831,80272.29224236705,OpenAlex Works API primary_topic.id and AI-subfield topics.id grouped counts,2026-06-19T23:47:35+00:00
2002,T10215,Semantic Web and Ontologies,3100,5253,73689,42068.69410631166,71286.0806904694,OpenAlex Works API primary_topic.id and AI-subfield topics.id grouped counts,2026-06-19T23:47:35+00:00
2003,T10215,Semantic Web and Ontologies,3334,5235,67186,49623.43345339803,77918.01863483463,OpenAlex Works API primary_topic.id and AI-subfield topics.id grouped counts,2026-06-19T23:47:35+00:00
2004,T10215,Semantic Web and Ontologies,3967,6087,70835,56003.388155572815,85932.09571539494,OpenAlex Works API primary_topic.id and AI-subfield topics.id grouped counts,2026-06-19T23:47:35+00:00
2005,T10215,Semantic Web and Ontologies,4669,7021,82556,56555.550172004456,85045.30258248946,OpenAlex Works API primary_topic.id and AI-subfield topics.id grouped counts,2026-06-19T23:47:35+00:00
2006,T10215,Semantic Web and Ontologies,5368,7841,89915,59700.82856030696,87204.5821053217,OpenAlex Works API primary_topic.id and AI-subfield topics.id grouped counts,2026-06-19T23:47:35+00:00
2007,T10215,Semantic Web and Ontologies,5684,8144,94054,60433.36806515406,86588.5555106641,OpenAlex Works API primary_topic.id and AI-subfield topics.id grouped counts,2026-06-19T23:47:35+00:00
2008,T10215,Semantic Web and Ontologies,6314,8892,97967,64450.27407188135,90765.25768881358,OpenAlex Works API primary_topic.id and AI-subfield topics.id grouped counts,2026-06-19T23:47:35+00:00
2009,T10215,Semantic Web and Ontologies,6332,8903,104332,60690.871448836406,85333.3588927654,OpenAlex Works API primary_topic.id and AI-subfield topics.id grouped counts,2026-06-19T23:47:35+00:00
2010,T10215,Semantic Web and Ontologies,6601,9354,110997,59470.07576781355,84272.54790670017,OpenAlex Works API primary_topic.id and AI-subfield topics.id grouped counts,2026-06-19T23:47:35+00:00
2011,T10215,Semantic Web and Ontologies,7276,9938,113882,63890.69387611739,87265.76631952373,OpenAlex Works API primary_topic.id and AI-subfield topics.id grouped counts,2026-06-19T23:47:35+00:00
2012,T10215,Semantic Web and Ontologies,6585,9176,117229,56172.107584300815,78274.14718201128,OpenAlex Works API primary_topic.id and AI-subfield topics.id grouped counts,2026-06-19T23:47:35+00:00
2013,T10215,Semantic Web and Ontologies,6972,9614,119603,58292.85218598196,80382.5990986848,OpenAlex Works API primary_topic.id and AI-subfield topics.id grouped counts,2026-06-19T23:47:35+00:00
2014,T10215,Semantic Web and Ontologies,6831,9413,123428,55344.00622225103,76263.08455131736,OpenAlex Works API primary_topic.id and AI-subfield topics.id grouped counts,2026-06-19T23:47:35+00:00
2015,T10215,Semantic Web and Ontologies,6560,8876,123162,53263.181825563086,72067.68321397834,OpenAlex Works API primary_topic.id and AI-subfield topics.id grouped counts,2026-06-19T23:47:35+00:00
2016,T10215,Semantic Web and Ontologies,6212,8617,133301,46601.30081544775,64643.17597017277,OpenAlex Works API primary_topic.id and AI-subfield topics.id grouped counts,2026-06-19T23:47:35+00:00
2017,T10215,Semantic Web and Ontologies,5930,8055,135900,43635.02575423105,59271.52317880795,OpenAlex Works API primary_topic.id and AI-subfield topics.id grouped counts,2026-06-19T23:47:35+00:00
2018,T10215,Semantic Web and Ontologies,5621,7904,151657,37063.900776093426,52117.60749586237,OpenAlex Works API primary_topic.id and AI-subfield topics.id grouped counts,2026-06-19T23:47:35+00:00
2019,T10215,Semantic Web and Ontologies,5592,7767,170876,32725.48514712423,45454.01343664412,OpenAlex Works API primary_topic.id and AI-subfield topics.id grouped counts,2026-06-19T23:47:35+00:00
2020,T10215,Semantic Web and Ontologies,4917,6997,187432,26233.514021084982,37330.87199624397,OpenAlex Works API primary_topic.id and AI-subfield topics.id grouped counts,2026-06-19T23:47:35+00:00
2021,T10215,Semantic Web and Ontologies,3737,5624,188280,19848.09857658806,29870.405778627573,OpenAlex Works API primary_topic.id and AI-subfield topics.id grouped counts,2026-06-19T23:47:35+00:00
2022,T10215,Semantic Web and Ontologies,3534,5128,182108,19406.066729632963,28159.114371691525,OpenAlex Works API primary_topic.id and AI-subfield topics.id grouped counts,2026-06-19T23:47:35+00:00
2023,T10215,Semantic Web and Ontologies,3499,5307,213149,16415.746731159892,24898.075993788385,OpenAlex Works API primary_topic.id and AI-subfield topics.id grouped counts,2026-06-19T23:47:35+00:00
2024,T10215,Semantic Web and Ontologies,4884,8027,233624,20905.38643290073,34358.62753826661,OpenAlex Works API primary_topic.id and AI-subfield topics.id grouped counts,2026-06-19T23:47:35+00:00
2025,T10215,Semantic Web and Ontologies,4510,7519,287086,15709.57831451203,26190.758170025707,OpenAlex Works API primary_topic.id and AI-subfield topics.id grouped counts,2026-06-19T23:47:35+00:00
2026,T10215,Semantic Web and Ontologies,948,1839,214412,4421.394324944499,8576.945320224615,OpenAlex Works API primary_topic.id and AI-subfield topics.id grouped counts,2026-06-19T23:47:35+00:00
1990,T10028,Topic Modeling,70,331,21171,3306.409711397667,15634.594492466107,OpenAlex Works API primary_topic.id and AI-subfield topics.id grouped counts,2026-06-19T23:47:35+00:00
1991,T10028,Topic Modeling,66,381,22358,2951.96350299669,17040.88022184453,OpenAlex Works API primary_topic.id and AI-subfield topics.id grouped counts,2026-06-19T23:47:35+00:00
1992,T10028,Topic Modeling,75,500,23668,3168.835558560081,21125.570390400542,OpenAlex Works API primary_topic.id and AI-subfield topics.id grouped counts,2026-06-19T23:47:35+00:00
1993,T10028,Topic Modeling,74,445,25174,2939.540796059426,17676.968300627632,OpenAlex Works API primary_topic.id and AI-subfield topics.id grouped counts,2026-06-19T23:47:35+00:00
1994,T10028,Topic Modeling,82,641,26808,3058.788421366756,23910.772903610865,OpenAlex Works API primary_topic.id and AI-subfield topics.id grouped counts,2026-06-19T23:47:35+00:00
1995,T10028,Topic Modeling,80,543,26910,2972.8725380899295,20178.372352285394,OpenAlex Works API primary_topic.id and AI-subfield topics.id grouped counts,2026-06-19T23:47:35+00:00
1996,T10028,Topic Modeling,88,689,29167,3017.1083759042754,23622.58717043234,OpenAlex Works API primary_topic.id and AI-subfield topics.id grouped counts,2026-06-19T23:47:35+00:00
1997,T10028,Topic Modeling,106,799,29921,3542.662344172989,26703.65295277564,OpenAlex Works API primary_topic.id and AI-subfield topics.id grouped counts,2026-06-19T23:47:35+00:00
1998,T10028,Topic Modeling,145,1043,31737,4568.7998235498,32863.849765258215,OpenAlex Works API primary_topic.id and AI-subfield topics.id grouped counts,2026-06-19T23:47:35+00:00
1999,T10028,Topic Modeling,149,938,33899,4395.409894097171,27670.4327561285,OpenAlex Works API primary_topic.id and AI-subfield topics.id grouped counts,2026-06-19T23:47:35+00:00
2000,T10028,Topic Modeling,216,1466,41542,5199.557074767705,35289.58644263637,OpenAlex Works API primary_topic.id and AI-subfield topics.id grouped counts,2026-06-19T23:47:35+00:00
2001,T10028,Topic Modeling,237,1329,44511,5324.526521534003,29857.78796252612,OpenAlex Works API primary_topic.id and AI-subfield topics.id grouped counts,2026-06-19T23:47:35+00:00
2002,T10028,Topic Modeling,372,2074,73689,5048.243292757399,28145.31341177109,OpenAlex Works API primary_topic.id and AI-subfield topics.id grouped counts,2026-06-19T23:47:35+00:00
2003,T10028,Topic Modeling,434,2149,67186,6459.679099812461,31985.830381329448,OpenAlex Works API primary_topic.id and AI-subfield topics.id grouped counts,2026-06-19T23:47:35+00:00
2004,T10028,Topic Modeling,567,2843,70835,8004.517540763747,40135.5262229124,OpenAlex Works API primary_topic.id and AI-subfield topics.id grouped counts,2026-06-19T23:47:35+00:00
2005,T10028,Topic Modeling,600,3082,82556,7267.793982266583,37332.23508890934,OpenAlex Works API primary_topic.id and AI-subfield topics.id grouped counts,2026-06-19T23:47:35+00:00
2006,T10028,Topic Modeling,724,3641,89915,8052.049157537675,40493.7996997164,OpenAlex Works API primary_topic.id and AI-subfield topics.id grouped counts,2026-06-19T23:47:35+00:00
2007,T10028,Topic Modeling,794,3786,94054,8441.958874689008,40253.47141004104,OpenAlex Works API primary_topic.id and AI-subfield topics.id grouped counts,2026-06-19T23:47:35+00:00
2008,T10028,Topic Modeling,959,4494,97967,9789.010585197057,45872.58974960956,OpenAlex Works API primary_topic.id and AI-subfield topics.id grouped counts,2026-06-19T23:47:35+00:00
2009,T10028,Topic Modeling,1069,4764,104332,10246.13733082851,45661.925392017794,OpenAlex Works API primary_topic.id and AI-subfield topics.id grouped counts,2026-06-19T23:47:35+00:00
2010,T10028,Topic Modeling,1196,5394,110997,10775.06599277458,48595.907997513445,OpenAlex Works API primary_topic.id and AI-subfield topics.id grouped counts,2026-06-19T23:47:35+00:00
2011,T10028,Topic Modeling,1283,5388,113882,11266.047312130098,47312.13009957676,OpenAlex Works API primary_topic.id and AI-subfield topics.id grouped counts,2026-06-19T23:47:35+00:00
2012,T10028,Topic Modeling,1497,6191,117229,12769.877760622372,52811.16447295464,OpenAlex Works API primary_topic.id and AI-subfield topics.id grouped counts,2026-06-19T23:47:35+00:00
2013,T10028,Topic Modeling,1722,6372,119603,14397.632166417232,53276.255612317414,OpenAlex Works API primary_topic.id and AI-subfield topics.id grouped counts,2026-06-19T23:47:35+00:00
2014,T10028,Topic Modeling,1867,7086,123428,15126.227436238132,57409.98800920374,OpenAlex Works API primary_topic.id and AI-subfield topics.id grouped counts,2026-06-19T23:47:35+00:00
2015,T10028,Topic Modeling,2460,7442,123162,19973.693184586155,60424.48157710982,OpenAlex Works API primary_topic.id and AI-subfield topics.id grouped counts,2026-06-19T23:47:35+00:00
2016,T10028,Topic Modeling,3418,9225,133301,25641.217995363877,69204.2820383943,OpenAlex Works API primary_topic.id and AI-subfield topics.id grouped counts,2026-06-19T23:47:35+00:00
2017,T10028,Topic Modeling,4142,9976,135900,30478.292862398823,73406.91685062546,OpenAlex Works API primary_topic.id and AI-subfield topics.id grouped counts,2026-06-19T23:47:35+00:00
2018,T10028,Topic Modeling,6292,14003,151657,41488.358598679915,92333.3575106985,OpenAlex Works API primary_topic.id and AI-subfield topics.id grouped counts,2026-06-19T23:47:35+00:00
2019,T10028,Topic Modeling,8443,16847,170876,49410.098550996045,98591.96142231794,OpenAlex Works API primary_topic.id and AI-subfield topics.id grouped counts,2026-06-19T23:47:35+00:00
2020,T10028,Topic Modeling,10557,20284,187432,56324.42699218917,108220.58133082931,OpenAlex Works API primary_topic.id and AI-subfield topics.id grouped counts,2026-06-19T23:47:35+00:00
2021,T10028,Topic Modeling,12494,22867,188280,66358.61482897811,121452.09262800084,OpenAlex Works API primary_topic.id and AI-subfield topics.id grouped counts,2026-06-19T23:47:35+00:00
2022,T10028,Topic Modeling,11333,20843,182108,62232.30171107255,114454.06022799658,OpenAlex Works API primary_topic.id and AI-subfield topics.id grouped counts,2026-06-19T23:47:35+00:00
2023,T10028,Topic Modeling,17240,29193,213149,80882.38743789555,136960.52995791676,OpenAlex Works API primary_topic.id and AI-subfield topics.id grouped counts,2026-06-19T23:47:35+00:00
2024,T10028,Topic Modeling,14693,27617,233624,62891.65496695545,118211.31390610554,OpenAlex Works API primary_topic.id and AI-subfield topics.id grouped counts,2026-06-19T23:47:35+00:00
2025,T10028,Topic Modeling,18287,34314,287086,63698.68262471873,119525.15970824074,OpenAlex Works API primary_topic.id and AI-subfield topics.id grouped counts,2026-06-19T23:47:35+00:00
2026,T10028,Topic Modeling,16087,30014,214412,75028.44990019215,139982.83678152342,OpenAlex Works API primary_topic.id and AI-subfield topics.id grouped counts,2026-06-19T23:47:35+00:00
1990,T13623,Linguistic Studies and Language Acquisition,617,636,21171,29143.639884748,30041.09394927023,OpenAlex Works API primary_topic.id and AI-subfield topics.id grouped counts,2026-06-19T23:47:35+00:00
1991,T13623,Linguistic Studies and Language Acquisition,599,608,22358,26791.305125682084,27193.84560336345,OpenAlex Works API primary_topic.id and AI-subfield topics.id grouped counts,2026-06-19T23:47:35+00:00
1992,T13623,Linguistic Studies and Language Acquisition,640,663,23668,27040.73009971269,28012.506337671115,OpenAlex Works API primary_topic.id and AI-subfield topics.id grouped counts,2026-06-19T23:47:35+00:00
1993,T13623,Linguistic Studies and Language Acquisition,686,703,25174,27250.337649956302,27925.63756256455,OpenAlex Works API primary_topic.id and AI-subfield topics.id grouped counts,2026-06-19T23:47:35+00:00
1994,T13623,Linguistic Studies and Language Acquisition,765,779,26808,28536.25783348254,29058.490002984185,OpenAlex Works API primary_topic.id and AI-subfield topics.id grouped counts,2026-06-19T23:47:35+00:00
1995,T13623,Linguistic Studies and Language Acquisition,776,788,26910,28836.863619472315,29282.794500185802,OpenAlex Works API primary_topic.id and AI-subfield topics.id grouped counts,2026-06-19T23:47:35+00:00
1996,T13623,Linguistic Studies and Language Acquisition,905,924,29167,31028.216820379195,31679.637946994888,OpenAlex Works API primary_topic.id and AI-subfield topics.id grouped counts,2026-06-19T23:47:35+00:00
1997,T13623,Linguistic Studies and Language Acquisition,954,977,29921,31883.9610975569,32652.651983556698,OpenAlex Works API primary_topic.id and AI-subfield topics.id grouped counts,2026-06-19T23:47:35+00:00
1998,T13623,Linguistic Studies and Language Acquisition,1062,1088,31737,33462.520086964745,34281.753158773674,OpenAlex Works API primary_topic.id and AI-subfield topics.id grouped counts,2026-06-19T23:47:35+00:00
1999,T13623,Linguistic Studies and Language Acquisition,1090,1125,33899,32154.34083601286,33186.81967019676,OpenAlex Works API primary_topic.id and AI-subfield topics.id grouped counts,2026-06-19T23:47:35+00:00
2000,T13623,Linguistic Studies and Language Acquisition,1421,1463,41542,34206.3453853931,35217.370372153484,OpenAlex Works API primary_topic.id and AI-subfield topics.id grouped counts,2026-06-19T23:47:35+00:00
2001,T13623,Linguistic Studies and Language Acquisition,1543,1583,44511,34665.58828154838,35564.24254678619,OpenAlex Works API primary_topic.id and AI-subfield topics.id grouped counts,2026-06-19T23:47:35+00:00
2002,T13623,Linguistic Studies and Language Acquisition,1754,1792,73689,23802.738536280856,24318.419302745322,OpenAlex Works API primary_topic.id and AI-subfield topics.id grouped counts,2026-06-19T23:47:35+00:00
2003,T13623,Linguistic Studies and Language Acquisition,1928,1977,67186,28696.454618521715,29425.773226565056,OpenAlex Works API primary_topic.id and AI-subfield topics.id grouped counts,2026-06-19T23:47:35+00:00
2004,T13623,Linguistic Studies and Language Acquisition,2246,2287,70835,31707.4892355474,32286.29914590245,OpenAlex Works API primary_topic.id and AI-subfield topics.id grouped counts,2026-06-19T23:47:35+00:00
2005,T13623,Linguistic Studies and Language Acquisition,2244,2292,82556,27181.54949367702,27762.973012258346,OpenAlex Works API primary_topic.id and AI-subfield topics.id grouped counts,2026-06-19T23:47:35+00:00
2006,T13623,Linguistic Studies and Language Acquisition,2586,2636,89915,28760.496024022686,29316.576766946564,OpenAlex Works API primary_topic.id and AI-subfield topics.id grouped counts,2026-06-19T23:47:35+00:00
2007,T13623,Linguistic Studies and Language Acquisition,2695,2751,94054,28653.75209985753,29249.15474089353,OpenAlex Works API primary_topic.id and AI-subfield topics.id grouped counts,2026-06-19T23:47:35+00:00
2008,T13623,Linguistic Studies and Language Acquisition,2967,3031,97967,30285.708452846367,30938.989659783398,OpenAlex Works API primary_topic.id and AI-subfield topics.id grouped counts,2026-06-19T23:47:35+00:00
2009,T13623,Linguistic Studies and Language Acquisition,3148,3214,104332,30172.90955794962,30805.505501667754,OpenAlex Works API primary_topic.id and AI-subfield topics.id grouped counts,2026-06-19T23:47:35+00:00
2010,T13623,Linguistic Studies and Language Acquisition,3354,3439,110997,30217.032892780884,30982.819355478077,OpenAlex Works API primary_topic.id and AI-subfield topics.id grouped counts,2026-06-19T23:47:35+00:00
2011,T13623,Linguistic Studies and Language Acquisition,3391,3457,113882,29776.435257547288,30355.98250821025,OpenAlex Works API primary_topic.id and AI-subfield topics.id grouped counts,2026-06-19T23:47:35+00:00
2012,T13623,Linguistic Studies and Language Acquisition,3581,3672,117229,30547.04893840261,31323.307372749063,OpenAlex Works API primary_topic.id and AI-subfield topics.id grouped counts,2026-06-19T23:47:35+00:00
2013,T13623,Linguistic Studies and Language Acquisition,3477,3575,119603,29071.17714438601,29890.55458475122,OpenAlex Works API primary_topic.id and AI-subfield topics.id grouped counts,2026-06-19T23:47:35+00:00
2014,T13623,Linguistic Studies and Language Acquisition,3589,3716,123428,29077.680915189423,30106.62086398548,OpenAlex Works API primary_topic.id and AI-subfield topics.id grouped counts,2026-06-19T23:47:35+00:00
2015,T13623,Linguistic Studies and Language Acquisition,3691,3794,123162,29968.65916435264,30804.95607411377,OpenAlex Works API primary_topic.id and AI-subfield topics.id grouped counts,2026-06-19T23:47:35+00:00
2016,T13623,Linguistic Studies and Language Acquisition,4293,4397,133301,32205.309787623497,32985.4989835035,OpenAlex Works API primary_topic.id and AI-subfield topics.id grouped counts,2026-06-19T23:47:35+00:00
2017,T13623,Linguistic Studies and Language Acquisition,3967,4053,135900,29190.581309786605,29823.399558498895,OpenAlex Works API primary_topic.id and AI-subfield topics.id grouped counts,2026-06-19T23:47:35+00:00
2018,T13623,Linguistic Studies and Language Acquisition,3809,3910,151657,25115.8865070521,25781.863019840825,OpenAlex Works API primary_topic.id and AI-subfield topics.id grouped counts,2026-06-19T23:47:35+00:00
2019,T13623,Linguistic Studies and Language Acquisition,3580,3654,170876,20950.864954703997,21383.927526393407,OpenAlex Works API primary_topic.id and AI-subfield topics.id grouped counts,2026-06-19T23:47:35+00:00
2020,T13623,Linguistic Studies and Language Acquisition,3240,3333,187432,17286.269153613044,17782.449101540828,OpenAlex Works API primary_topic.id and AI-subfield topics.id grouped counts,2026-06-19T23:47:35+00:00
2021,T13623,Linguistic Studies and Language Acquisition,2067,2108,188280,10978.330146590184,11196.090928404503,OpenAlex Works API primary_topic.id and AI-subfield topics.id grouped counts,2026-06-19T23:47:35+00:00
2022,T13623,Linguistic Studies and Language Acquisition,1562,1599,182108,8577.327739583105,8780.503876820347,OpenAlex Works API primary_topic.id and AI-subfield topics.id grouped counts,2026-06-19T23:47:35+00:00
2023,T13623,Linguistic Studies and Language Acquisition,1876,1919,213149,8801.354920736198,9003.091733951367,OpenAlex Works API primary_topic.id and AI-subfield topics.id grouped counts,2026-06-19T23:47:35+00:00
2024,T13623,Linguistic Studies and Language Acquisition,1682,1741,233624,7199.602780536246,7452.145327534842,OpenAlex Works API primary_topic.id and AI-subfield topics.id grouped counts,2026-06-19T23:47:35+00:00
2025,T13623,Linguistic Studies and Language Acquisition,2648,2716,287086,9223.716934995087,9460.579756588619,OpenAlex Works API primary_topic.id and AI-subfield topics.id grouped counts,2026-06-19T23:47:35+00:00
2026,T13623,Linguistic Studies and Language Acquisition,1393,1437,214412,6496.837863552413,6702.05025838106,OpenAlex Works API primary_topic.id and AI-subfield topics.id grouped counts,2026-06-19T23:47:35+00:00
1990,T10020,Quantum Information and Cryptography,364,373,21171,17193.330499267868,17618.44031930471,OpenAlex Works API primary_topic.id and AI-subfield topics.id grouped counts,2026-06-19T23:47:35+00:00
1991,T10020,Quantum Information and Cryptography,358,369,22358,16012.165667769925,16504.159584936042,OpenAlex Works API primary_topic.id and AI-subfield topics.id grouped counts,2026-06-19T23:47:35+00:00
1992,T10020,Quantum Information and Cryptography,405,421,23668,17111.71201622444,17787.730268717256,OpenAlex Works API primary_topic.id and AI-subfield topics.id grouped counts,2026-06-19T23:47:35+00:00
1993,T10020,Quantum Information and Cryptography,432,458,25174,17160.562485103677,18193.374116151586,OpenAlex Works API primary_topic.id and AI-subfield topics.id grouped counts,2026-06-19T23:47:35+00:00
1994,T10020,Quantum Information and Cryptography,376,403,26808,14025.663980901223,15032.82602208296,OpenAlex Works API primary_topic.id and AI-subfield topics.id grouped counts,2026-06-19T23:47:35+00:00
1995,T10020,Quantum Information and Cryptography,386,442,26910,14344.109996283909,16425.120772946862,OpenAlex Works API primary_topic.id and AI-subfield topics.id grouped counts,2026-06-19T23:47:35+00:00
1996,T10020,Quantum Information and Cryptography,537,663,29167,18411.21815750677,22731.16878664244,OpenAlex Works API primary_topic.id and AI-subfield topics.id grouped counts,2026-06-19T23:47:35+00:00
1997,T10020,Quantum Information and Cryptography,551,691,29921,18415.159921125633,23094.14792286354,OpenAlex Works API primary_topic.id and AI-subfield topics.id grouped counts,2026-06-19T23:47:35+00:00
1998,T10020,Quantum Information and Cryptography,612,827,31737,19283.48615181019,26057.91347638403,OpenAlex Works API primary_topic.id and AI-subfield topics.id grouped counts,2026-06-19T23:47:35+00:00
1999,T10020,Quantum Information and Cryptography,712,950,33899,21003.56942682675,28024.425499277266,OpenAlex Works API primary_topic.id and AI-subfield topics.id grouped counts,2026-06-19T23:47:35+00:00
2000,T10020,Quantum Information and Cryptography,967,1338,41542,23277.6467189832,32208.36743536662,OpenAlex Works API primary_topic.id and AI-subfield topics.id grouped counts,2026-06-19T23:47:35+00:00
2001,T10020,Quantum Information and Cryptography,1179,1563,44511,26487.834467884346,35114.915414167284,OpenAlex Works API primary_topic.id and AI-subfield topics.id grouped counts,2026-06-19T23:47:35+00:00
2002,T10020,Quantum Information and Cryptography,1554,2144,73689,21088.62923909946,29095.251665784584,OpenAlex Works API primary_topic.id and AI-subfield topics.id grouped counts,2026-06-19T23:47:35+00:00
2003,T10020,Quantum Information and Cryptography,1871,2486,67186,27848.06358467538,37001.75631828059,OpenAlex Works API primary_topic.id and AI-subfield topics.id grouped counts,2026-06-19T23:47:35+00:00
2004,T10020,Quantum Information and Cryptography,2137,2806,70835,30168.70191289617,39613.18557210419,OpenAlex Works API primary_topic.id and AI-subfield topics.id grouped counts,2026-06-19T23:47:35+00:00
2005,T10020,Quantum Information and Cryptography,2653,3452,82556,32135.762391588738,41814.041377973736,OpenAlex Works API primary_topic.id and AI-subfield topics.id grouped counts,2026-06-19T23:47:35+00:00
2006,T10020,Quantum Information and Cryptography,2906,3773,89915,32319.41277873547,41961.852861035426,OpenAlex Works API primary_topic.id and AI-subfield topics.id grouped counts,2026-06-19T23:47:35+00:00
2007,T10020,Quantum Information and Cryptography,3131,3911,94054,33289.386947923536,41582.495162353545,OpenAlex Works API primary_topic.id and AI-subfield topics.id grouped counts,2026-06-19T23:47:35+00:00
2008,T10020,Quantum Information and Cryptography,3257,4165,97967,33245.888921779784,42514.316045198895,OpenAlex Works API primary_topic.id and AI-subfield topics.id grouped counts,2026-06-19T23:47:35+00:00
2009,T10020,Quantum Information and Cryptography,3287,4157,104332,31505.194954568113,39843.9596672162,OpenAlex Works API primary_topic.id and AI-subfield topics.id grouped counts,2026-06-19T23:47:35+00:00
2010,T10020,Quantum Information and Cryptography,3325,4231,110997,29955.764570213607,38118.14733731542,OpenAlex Works API primary_topic.id and AI-subfield topics.id grouped counts,2026-06-19T23:47:35+00:00
2011,T10020,Quantum Information and Cryptography,3466,4379,113882,30435.011678755203,38452.08197959291,OpenAlex Works API primary_topic.id and AI-subfield topics.id grouped counts,2026-06-19T23:47:35+00:00
2012,T10020,Quantum Information and Cryptography,3575,4616,117229,30495.86706361054,39375.922340035315,OpenAlex Works API primary_topic.id and AI-subfield topics.id grouped counts,2026-06-19T23:47:35+00:00
2013,T10020,Quantum Information and Cryptography,3863,5026,119603,32298.520940110197,42022.35729872997,OpenAlex Works API primary_topic.id and AI-subfield topics.id grouped counts,2026-06-19T23:47:35+00:00
2014,T10020,Quantum Information and Cryptography,3982,5168,123428,32261.723433904786,41870.56421557507,OpenAlex Works API primary_topic.id and AI-subfield topics.id grouped counts,2026-06-19T23:47:35+00:00
2015,T10020,Quantum Information and Cryptography,3738,4932,123162,30350.270375602864,40044.81901885322,OpenAlex Works API primary_topic.id and AI-subfield topics.id grouped counts,2026-06-19T23:47:35+00:00
2016,T10020,Quantum Information and Cryptography,4060,5321,133301,30457.385916084648,39917.179916129666,OpenAlex Works API primary_topic.id and AI-subfield topics.id grouped counts,2026-06-19T23:47:35+00:00
2017,T10020,Quantum Information and Cryptography,3970,5312,135900,29212.656364974246,39087.56438557763,OpenAlex Works API primary_topic.id and AI-subfield topics.id grouped counts,2026-06-19T23:47:35+00:00
2018,T10020,Quantum Information and Cryptography,3982,5664,151657,26256.618553710017,37347.43533104308,OpenAlex Works API primary_topic.id and AI-subfield topics.id grouped counts,2026-06-19T23:47:35+00:00
2019,T10020,Quantum Information and Cryptography,4525,6698,170876,26481.19103911608,39198.014934806524,OpenAlex Works API primary_topic.id and AI-subfield topics.id grouped counts,2026-06-19T23:47:35+00:00
2020,T10020,Quantum Information and Cryptography,4526,7252,187432,24147.42413248538,38691.3654018524,OpenAlex Works API primary_topic.id and AI-subfield topics.id grouped counts,2026-06-19T23:47:35+00:00
2021,T10020,Quantum Information and Cryptography,5210,8881,188280,27671.553006161037,47169.109836413845,OpenAlex Works API primary_topic.id and AI-subfield topics.id grouped counts,2026-06-19T23:47:35+00:00
2022,T10020,Quantum Information and Cryptography,5429,9618,182108,29811.979704351263,52814.81318777868,OpenAlex Works API primary_topic.id and AI-subfield topics.id grouped counts,2026-06-19T23:47:35+00:00
2023,T10020,Quantum Information and Cryptography,5804,10942,213149,27229.77823025208,51334.98163256689,OpenAlex Works API primary_topic.id and AI-subfield topics.id grouped counts,2026-06-19T23:47:35+00:00
2024,T10020,Quantum Information and Cryptography,5233,9769,233624,22399.239804129713,41815.053247953976,OpenAlex Works API primary_topic.id and AI-subfield topics.id grouped counts,2026-06-19T23:47:35+00:00
2025,T10020,Quantum Information and Cryptography,6762,13198,287086,23553.917641403623,45972.28704987356,OpenAlex Works API primary_topic.id and AI-subfield topics.id grouped counts,2026-06-19T23:47:35+00:00
2026,T10020,Quantum Information and Cryptography,6478,12616,214412,30212.86122045408,58839.99029905043,OpenAlex Works API primary_topic.id and AI-subfield topics.id grouped counts,2026-06-19T23:47:35+00:00
1990,T10682,Quantum Computing Algorithms and Architecture,78,110,21171,3684.2851069859717,5195.786689339191,OpenAlex Works API primary_topic.id and AI-subfield topics.id grouped counts,2026-06-19T23:47:35+00:00
1991,T10682,Quantum Computing Algorithms and Architecture,55,108,22358,2459.9695858305754,4830.485732176402,OpenAlex Works API primary_topic.id and AI-subfield topics.id grouped counts,2026-06-19T23:47:35+00:00
1992,T10682,Quantum Computing Algorithms and Architecture,69,119,23668,2915.3287138752744,5027.885752915328,OpenAlex Works API primary_topic.id and AI-subfield topics.id grouped counts,2026-06-19T23:47:35+00:00
1993,T10682,Quantum Computing Algorithms and Architecture,98,155,25174,3892.9053785651863,6157.146262016366,OpenAlex Works API primary_topic.id and AI-subfield topics.id grouped counts,2026-06-19T23:47:35+00:00
1994,T10682,Quantum Computing Algorithms and Architecture,110,173,26808,4103.252760370038,6453.297523127424,OpenAlex Works API primary_topic.id and AI-subfield topics.id grouped counts,2026-06-19T23:47:35+00:00
1995,T10682,Quantum Computing Algorithms and Architecture,137,215,26910,5091.044221479004,7989.594946116686,OpenAlex Works API primary_topic.id and AI-subfield topics.id grouped counts,2026-06-19T23:47:35+00:00
1996,T10682,Quantum Computing Algorithms and Architecture,262,375,29167,8982.75448280591,12856.99592004663,OpenAlex Works API primary_topic.id and AI-subfield topics.id grouped counts,2026-06-19T23:47:35+00:00
1997,T10682,Quantum Computing Algorithms and Architecture,261,428,29921,8722.970488954246,14304.334748170182,OpenAlex Works API primary_topic.id and AI-subfield topics.id grouped counts,2026-06-19T23:47:35+00:00
1998,T10682,Quantum Computing Algorithms and Architecture,405,624,31737,12761.130541639097,19661.593723414313,OpenAlex Works API primary_topic.id and AI-subfield topics.id grouped counts,2026-06-19T23:47:35+00:00
1999,T10682,Quantum Computing Algorithms and Architecture,435,674,33899,12832.23693914275,19882.592406855656,OpenAlex Works API primary_topic.id and AI-subfield topics.id grouped counts,2026-06-19T23:47:35+00:00
2000,T10682,Quantum Computing Algorithms and Architecture,644,1054,41542,15502.383130325936,25371.912762986856,OpenAlex Works API primary_topic.id and AI-subfield topics.id grouped counts,2026-06-19T23:47:35+00:00
2001,T10682,Quantum Computing Algorithms and Architecture,704,1271,44511,15816.315068185393,28554.739277931298,OpenAlex Works API primary_topic.id and AI-subfield topics.id grouped counts,2026-06-19T23:47:35+00:00
2002,T10682,Quantum Computing Algorithms and Architecture,987,1771,73689,13394.129381590197,24033.437826541274,OpenAlex Works API primary_topic.id and AI-subfield topics.id grouped counts,2026-06-19T23:47:35+00:00
2003,T10682,Quantum Computing Algorithms and Architecture,997,1920,67186,14839.401065698212,28577.38219271872,OpenAlex Works API primary_topic.id and AI-subfield topics.id grouped counts,2026-06-19T23:47:35+00:00
2004,T10682,Quantum Computing Algorithms and Architecture,1166,2147,70835,16460.789157902167,30309.875061763254,OpenAlex Works API primary_topic.id and AI-subfield topics.id grouped counts,2026-06-19T23:47:35+00:00
2005,T10682,Quantum Computing Algorithms and Architecture,1321,2671,82556,16001.259750956926,32353.79621105674,OpenAlex Works API primary_topic.id and AI-subfield topics.id grouped counts,2026-06-19T23:47:35+00:00
2006,T10682,Quantum Computing Algorithms and Architecture,1473,2938,89915,16382.138686537286,32675.30445420675,OpenAlex Works API primary_topic.id and AI-subfield topics.id grouped counts,2026-06-19T23:47:35+00:00
2007,T10682,Quantum Computing Algorithms and Architecture,1401,2857,94054,14895.698215918515,30376.16688285453,OpenAlex Works API primary_topic.id and AI-subfield topics.id grouped counts,2026-06-19T23:47:35+00:00
2008,T10682,Quantum Computing Algorithms and Architecture,1519,3076,97967,15505.221145896068,31398.328008410997,OpenAlex Works API primary_topic.id and AI-subfield topics.id grouped counts,2026-06-19T23:47:35+00:00
2009,T10682,Quantum Computing Algorithms and Architecture,1453,3082,104332,13926.695548824904,29540.31361423149,OpenAlex Works API primary_topic.id and AI-subfield topics.id grouped counts,2026-06-19T23:47:35+00:00
2010,T10682,Quantum Computing Algorithms and Architecture,1477,3165,110997,13306.665945926467,28514.28416984243,OpenAlex Works API primary_topic.id and AI-subfield topics.id grouped counts,2026-06-19T23:47:35+00:00
2011,T10682,Quantum Computing Algorithms and Architecture,1572,3280,113882,13803.761788517939,28801.74215415957,OpenAlex Works API primary_topic.id and AI-subfield topics.id grouped counts,2026-06-19T23:47:35+00:00
2012,T10682,Quantum Computing Algorithms and Architecture,1753,3505,117229,14953.637751750846,29898.74519103635,OpenAlex Works API primary_topic.id and AI-subfield topics.id grouped counts,2026-06-19T23:47:35+00:00
2013,T10682,Quantum Computing Algorithms and Architecture,1927,3859,119603,16111.635995752615,32265.076962952437,OpenAlex Works API primary_topic.id and AI-subfield topics.id grouped counts,2026-06-19T23:47:35+00:00
2014,T10682,Quantum Computing Algorithms and Architecture,2048,4048,123428,16592.66941050653,32796.44813170431,OpenAlex Works API primary_topic.id and AI-subfield topics.id grouped counts,2026-06-19T23:47:35+00:00
2015,T10682,Quantum Computing Algorithms and Architecture,1932,3891,123162,15686.656598626201,31592.536659034442,OpenAlex Works API primary_topic.id and AI-subfield topics.id grouped counts,2026-06-19T23:47:35+00:00
2016,T10682,Quantum Computing Algorithms and Architecture,2086,4155,133301,15648.794832746942,31170.05873924427,OpenAlex Works API primary_topic.id and AI-subfield topics.id grouped counts,2026-06-19T23:47:35+00:00
2017,T10682,Quantum Computing Algorithms and Architecture,2290,4303,135900,16850.625459896983,31662.98749080206,OpenAlex Works API primary_topic.id and AI-subfield topics.id grouped counts,2026-06-19T23:47:35+00:00
2018,T10682,Quantum Computing Algorithms and Architecture,2805,4905,151657,18495.684340320593,32342.720744838683,OpenAlex Works API primary_topic.id and AI-subfield topics.id grouped counts,2026-06-19T23:47:35+00:00
2019,T10682,Quantum Computing Algorithms and Architecture,3520,6005,170876,20599.733139820688,35142.44247290433,OpenAlex Works API primary_topic.id and AI-subfield topics.id grouped counts,2026-06-19T23:47:35+00:00
2020,T10682,Quantum Computing Algorithms and Architecture,4356,6933,187432,23240.428528746426,36989.41482777754,OpenAlex Works API primary_topic.id and AI-subfield topics.id grouped counts,2026-06-19T23:47:35+00:00
2021,T10682,Quantum Computing Algorithms and Architecture,5555,8623,188280,29503.93031654982,45798.81028255789,OpenAlex Works API primary_topic.id and AI-subfield topics.id grouped counts,2026-06-19T23:47:35+00:00
2022,T10682,Quantum Computing Algorithms and Architecture,6383,9541,182108,35050.62929690074,52391.98717244712,OpenAlex Works API primary_topic.id and AI-subfield topics.id grouped counts,2026-06-19T23:47:35+00:00
2023,T10682,Quantum Computing Algorithms and Architecture,7924,11341,213149,37175.87227713946,53206.911597051825,OpenAlex Works API primary_topic.id and AI-subfield topics.id grouped counts,2026-06-19T23:47:35+00:00
2024,T10682,Quantum Computing Algorithms and Architecture,8107,11326,233624,34701.0581104681,48479.6082594254,OpenAlex Works API primary_topic.id and AI-subfield topics.id grouped counts,2026-06-19T23:47:35+00:00
2025,T10682,Quantum Computing Algorithms and Architecture,11880,16045,287086,41381.32824310485,55889.17606570853,OpenAlex Works API primary_topic.id and AI-subfield topics.id grouped counts,2026-06-19T23:47:35+00:00
2026,T10682,Quantum Computing Algorithms and Architecture,11469,15164,214412,53490.47627931273,70723.65352685483,OpenAlex Works API primary_topic.id and AI-subfield topics.id grouped counts,2026-06-19T23:47:35+00:00
1990,T10126,"Logic, programming, and type systems",1283,1709,21171,60601.76656747438,80723.63138255161,OpenAlex Works API primary_topic.id and AI-subfield topics.id grouped counts,2026-06-19T23:47:35+00:00
1991,T10126,"Logic, programming, and type systems",1437,1895,22358,64272.29626979157,84757.13391179891,OpenAlex Works API primary_topic.id and AI-subfield topics.id grouped counts,2026-06-19T23:47:35+00:00
1992,T10126,"Logic, programming, and type systems",1444,1898,23668,61010.64728747676,80192.66520196045,OpenAlex Works API primary_topic.id and AI-subfield topics.id grouped counts,2026-06-19T23:47:35+00:00
1993,T10126,"Logic, programming, and type systems",1645,2144,25174,65345.19742591563,85167.23603718122,OpenAlex Works API primary_topic.id and AI-subfield topics.id grouped counts,2026-06-19T23:47:35+00:00
1994,T10126,"Logic, programming, and type systems",1649,2219,26808,61511.48910772904,82773.79886601015,OpenAlex Works API primary_topic.id and AI-subfield topics.id grouped counts,2026-06-19T23:47:35+00:00
1995,T10126,"Logic, programming, and type systems",1655,2269,26910,61501.300631735416,84318.09736157562,OpenAlex Works API primary_topic.id and AI-subfield topics.id grouped counts,2026-06-19T23:47:35+00:00
1996,T10126,"Logic, programming, and type systems",1693,2226,29167,58045.050913703846,76319.12778139678,OpenAlex Works API primary_topic.id and AI-subfield topics.id grouped counts,2026-06-19T23:47:35+00:00
1997,T10126,"Logic, programming, and type systems",1710,2287,29921,57150.49630694161,76434.61114267571,OpenAlex Works API primary_topic.id and AI-subfield topics.id grouped counts,2026-06-19T23:47:35+00:00
1998,T10126,"Logic, programming, and type systems",1672,2207,31737,52682.988310174245,69540.284210858,OpenAlex Works API primary_topic.id and AI-subfield topics.id grouped counts,2026-06-19T23:47:35+00:00
1999,T10126,"Logic, programming, and type systems",1664,2233,33899,49086.99371662881,65872.14962093277,OpenAlex Works API primary_topic.id and AI-subfield topics.id grouped counts,2026-06-19T23:47:35+00:00
2000,T10126,"Logic, programming, and type systems",1627,2205,41542,39165.18222521785,53078.81180492032,OpenAlex Works API primary_topic.id and AI-subfield topics.id grouped counts,2026-06-19T23:47:35+00:00
2001,T10126,"Logic, programming, and type systems",1691,2284,44511,37990.60906292827,51313.158545078746,OpenAlex Works API primary_topic.id and AI-subfield topics.id grouped counts,2026-06-19T23:47:35+00:00
2002,T10126,"Logic, programming, and type systems",2329,3161,73689,31605.80276567737,42896.497441951986,OpenAlex Works API primary_topic.id and AI-subfield topics.id grouped counts,2026-06-19T23:47:35+00:00
2003,T10126,"Logic, programming, and type systems",2020,2780,67186,30065.787515256154,41377.66796654065,OpenAlex Works API primary_topic.id and AI-subfield topics.id grouped counts,2026-06-19T23:47:35+00:00
2004,T10126,"Logic, programming, and type systems",1754,2440,70835,24761.770311286793,34446.248323568856,OpenAlex Works API primary_topic.id and AI-subfield topics.id grouped counts,2026-06-19T23:47:35+00:00
2005,T10126,"Logic, programming, and type systems",2417,3302,82556,29277.096758563883,39997.092882407094,OpenAlex Works API primary_topic.id and AI-subfield topics.id grouped counts,2026-06-19T23:47:35+00:00
2006,T10126,"Logic, programming, and type systems",2126,2939,89915,23644.55318912306,32686.42606906523,OpenAlex Works API primary_topic.id and AI-subfield topics.id grouped counts,2026-06-19T23:47:35+00:00
2007,T10126,"Logic, programming, and type systems",2223,3081,94054,23635.358411125526,32757.77744699853,OpenAlex Works API primary_topic.id and AI-subfield topics.id grouped counts,2026-06-19T23:47:35+00:00
2008,T10126,"Logic, programming, and type systems",2027,2824,97967,20690.64072595874,28826.03325609644,OpenAlex Works API primary_topic.id and AI-subfield topics.id grouped counts,2026-06-19T23:47:35+00:00
2009,T10126,"Logic, programming, and type systems",2144,2930,104332,20549.783383813214,28083.425986274586,OpenAlex Works API primary_topic.id and AI-subfield topics.id grouped counts,2026-06-19T23:47:35+00:00
2010,T10126,"Logic, programming, and type systems",2187,2949,110997,19703.235222573585,26568.28562934133,OpenAlex Works API primary_topic.id and AI-subfield topics.id grouped counts,2026-06-19T23:47:35+00:00
2011,T10126,"Logic, programming, and type systems",1925,2746,113882,16903.46147766987,24112.6780351592,OpenAlex Works API primary_topic.id and AI-subfield topics.id grouped counts,2026-06-19T23:47:35+00:00
2012,T10126,"Logic, programming, and type systems",2068,2876,117229,17640.686178334712,24533.178650333964,OpenAlex Works API primary_topic.id and AI-subfield topics.id grouped counts,2026-06-19T23:47:35+00:00
2013,T10126,"Logic, programming, and type systems",2112,2964,119603,17658.419939299183,24781.98707390283,OpenAlex Works API primary_topic.id and AI-subfield topics.id grouped counts,2026-06-19T23:47:35+00:00
2014,T10126,"Logic, programming, and type systems",2121,2936,123428,17184.10733383025,23787.147162718345,OpenAlex Works API primary_topic.id and AI-subfield topics.id grouped counts,2026-06-19T23:47:35+00:00
2015,T10126,"Logic, programming, and type systems",1994,2790,123162,16190.058621977556,22653.091050811126,OpenAlex Works API primary_topic.id and AI-subfield topics.id grouped counts,2026-06-19T23:47:35+00:00
2016,T10126,"Logic, programming, and type systems",1936,2746,133301,14523.521954073864,20599.995498908487,OpenAlex Works API primary_topic.id and AI-subfield topics.id grouped counts,2026-06-19T23:47:35+00:00
2017,T10126,"Logic, programming, and type systems",1747,2515,135900,12855.04047093451,18506.25459896983,OpenAlex Works API primary_topic.id and AI-subfield topics.id grouped counts,2026-06-19T23:47:35+00:00
2018,T10126,"Logic, programming, and type systems",2115,2870,151657,13945.943807407504,18924.283086174724,OpenAlex Works API primary_topic.id and AI-subfield topics.id grouped counts,2026-06-19T23:47:35+00:00
2019,T10126,"Logic, programming, and type systems",1685,2459,170876,9860.95180130621,14390.552213300873,OpenAlex Works API primary_topic.id and AI-subfield topics.id grouped counts,2026-06-19T23:47:35+00:00
2020,T10126,"Logic, programming, and type systems",1704,2408,187432,9091.297110418713,12847.325963549447,OpenAlex Works API primary_topic.id and AI-subfield topics.id grouped counts,2026-06-19T23:47:35+00:00
2021,T10126,"Logic, programming, and type systems",1621,2374,188280,8609.51773953686,12608.88039090716,OpenAlex Works API primary_topic.id and AI-subfield topics.id grouped counts,2026-06-19T23:47:35+00:00
2022,T10126,"Logic, programming, and type systems",1217,1875,182108,6682.847541019615,10296.08803567114,OpenAlex Works API primary_topic.id and AI-subfield topics.id grouped counts,2026-06-19T23:47:35+00:00
2023,T10126,"Logic, programming, and type systems",1334,2043,213149,6258.5327634659325,9584.844404618365,OpenAlex Works API primary_topic.id and AI-subfield topics.id grouped counts,2026-06-19T23:47:35+00:00
2024,T10126,"Logic, programming, and type systems",1170,1689,233624,5008.047118446735,7229.565455603876,OpenAlex Works API primary_topic.id and AI-subfield topics.id grouped counts,2026-06-19T23:47:35+00:00
2025,T10126,"Logic, programming, and type systems",1821,2600,287086,6343.047031203194,9056.519649164362,OpenAlex Works API primary_topic.id and AI-subfield topics.id grouped counts,2026-06-19T23:47:35+00:00
2026,T10126,"Logic, programming, and type systems",3059,4156,214412,14266.9253586553,19383.243475178628,OpenAlex Works API primary_topic.id and AI-subfield topics.id grouped counts,2026-06-19T23:47:35+00:00
1990,T10201,Speech Recognition and Synthesis,559,678,21171,26404.043266732795,32024.939776108826,OpenAlex Works API primary_topic.id and AI-subfield topics.id grouped counts,2026-06-19T23:47:35+00:00
1991,T10201,Speech Recognition and Synthesis,558,700,22358,24957.509616244744,31308.703819661867,OpenAlex Works API primary_topic.id and AI-subfield topics.id grouped counts,2026-06-19T23:47:35+00:00
1992,T10201,Speech Recognition and Synthesis,582,731,23668,24590.16393442623,30885.58391076559,OpenAlex Works API primary_topic.id and AI-subfield topics.id grouped counts,2026-06-19T23:47:35+00:00
1993,T10201,Speech Recognition and Synthesis,593,742,25174,23556.049892746483,29474.855009136412,OpenAlex Works API primary_topic.id and AI-subfield topics.id grouped counts,2026-06-19T23:47:35+00:00
1994,T10201,Speech Recognition and Synthesis,672,856,26808,25067.144136078783,31930.76693524321,OpenAlex Works API primary_topic.id and AI-subfield topics.id grouped counts,2026-06-19T23:47:35+00:00
1995,T10201,Speech Recognition and Synthesis,653,798,26910,24266.072092159047,29654.403567447047,OpenAlex Works API primary_topic.id and AI-subfield topics.id grouped counts,2026-06-19T23:47:35+00:00
1996,T10201,Speech Recognition and Synthesis,723,887,29167,24788.2881338499,30411.08101621696,OpenAlex Works API primary_topic.id and AI-subfield topics.id grouped counts,2026-06-19T23:47:35+00:00
1997,T10201,Speech Recognition and Synthesis,734,909,29921,24531.265666254472,30380.000668426856,OpenAlex Works API primary_topic.id and AI-subfield topics.id grouped counts,2026-06-19T23:47:35+00:00
1998,T10201,Speech Recognition and Synthesis,894,1140,31737,28169.014084507042,35920.21930239153,OpenAlex Works API primary_topic.id and AI-subfield topics.id grouped counts,2026-06-19T23:47:35+00:00
1999,T10201,Speech Recognition and Synthesis,916,1125,33899,27021.446060355764,33186.81967019676,OpenAlex Works API primary_topic.id and AI-subfield topics.id grouped counts,2026-06-19T23:47:35+00:00
2000,T10201,Speech Recognition and Synthesis,974,1224,41542,23446.15088344326,29464.156757016997,OpenAlex Works API primary_topic.id and AI-subfield topics.id grouped counts,2026-06-19T23:47:35+00:00
2001,T10201,Speech Recognition and Synthesis,796,1031,44511,17883.219878232347,23162.813686504458,OpenAlex Works API primary_topic.id and AI-subfield topics.id grouped counts,2026-06-19T23:47:35+00:00
2002,T10201,Speech Recognition and Synthesis,2551,3185,73689,34618.46408554872,43222.19055761376,OpenAlex Works API primary_topic.id and AI-subfield topics.id grouped counts,2026-06-19T23:47:35+00:00
2003,T10201,Speech Recognition and Synthesis,1446,1872,67186,21522.340963891285,27862.947637900754,OpenAlex Works API primary_topic.id and AI-subfield topics.id grouped counts,2026-06-19T23:47:35+00:00
2004,T10201,Speech Recognition and Synthesis,1421,1869,70835,20060.704454012848,26385.261523258276,OpenAlex Works API primary_topic.id and AI-subfield topics.id grouped counts,2026-06-19T23:47:35+00:00
2005,T10201,Speech Recognition and Synthesis,1801,2255,82556,21815.494936770196,27314.792383351905,OpenAlex Works API primary_topic.id and AI-subfield topics.id grouped counts,2026-06-19T23:47:35+00:00
2006,T10201,Speech Recognition and Synthesis,1881,2388,89915,20919.757548796086,26558.416282044152,OpenAlex Works API primary_topic.id and AI-subfield topics.id grouped counts,2026-06-19T23:47:35+00:00
2007,T10201,Speech Recognition and Synthesis,1869,2309,94054,19871.563144576518,24549.726752716524,OpenAlex Works API primary_topic.id and AI-subfield topics.id grouped counts,2026-06-19T23:47:35+00:00
2008,T10201,Speech Recognition and Synthesis,1933,2417,97967,19731.13395326998,24671.57308073127,OpenAlex Works API primary_topic.id and AI-subfield topics.id grouped counts,2026-06-19T23:47:35+00:00
2009,T10201,Speech Recognition and Synthesis,1959,2454,104332,18776.59778399724,23521.06736188322,OpenAlex Works API primary_topic.id and AI-subfield topics.id grouped counts,2026-06-19T23:47:35+00:00
2010,T10201,Speech Recognition and Synthesis,2146,2683,110997,19333.85586997847,24171.824463724246,OpenAlex Works API primary_topic.id and AI-subfield topics.id grouped counts,2026-06-19T23:47:35+00:00
2011,T10201,Speech Recognition and Synthesis,2164,2675,113882,19002.125006585764,23489.225689749037,OpenAlex Works API primary_topic.id and AI-subfield topics.id grouped counts,2026-06-19T23:47:35+00:00
2012,T10201,Speech Recognition and Synthesis,2231,2809,117229,19031.127110186048,23961.647715155807,OpenAlex Works API primary_topic.id and AI-subfield topics.id grouped counts,2026-06-19T23:47:35+00:00
2013,T10201,Speech Recognition and Synthesis,2167,2706,119603,18118.27462521843,22624.850547227074,OpenAlex Works API primary_topic.id and AI-subfield topics.id grouped counts,2026-06-19T23:47:35+00:00
2014,T10201,Speech Recognition and Synthesis,2320,2915,123428,18796.38331658943,23617.00748614577,OpenAlex Works API primary_topic.id and AI-subfield topics.id grouped counts,2026-06-19T23:47:35+00:00
2015,T10201,Speech Recognition and Synthesis,2378,2998,123162,19307.903411766616,24341.9236452802,OpenAlex Works API primary_topic.id and AI-subfield topics.id grouped counts,2026-06-19T23:47:35+00:00
2016,T10201,Speech Recognition and Synthesis,2528,3212,133301,18964.598915236944,24095.843241986182,OpenAlex Works API primary_topic.id and AI-subfield topics.id grouped counts,2026-06-19T23:47:35+00:00
2017,T10201,Speech Recognition and Synthesis,2401,3151,135900,17667.402501839588,23186.166298749078,OpenAlex Works API primary_topic.id and AI-subfield topics.id grouped counts,2026-06-19T23:47:35+00:00
2018,T10201,Speech Recognition and Synthesis,2852,3853,151657,18805.594202707427,25406.01488886105,OpenAlex Works API primary_topic.id and AI-subfield topics.id grouped counts,2026-06-19T23:47:35+00:00
2019,T10201,Speech Recognition and Synthesis,3096,4250,170876,18118.40164797865,24871.836887567595,OpenAlex Works API primary_topic.id and AI-subfield topics.id grouped counts,2026-06-19T23:47:35+00:00
2020,T10201,Speech Recognition and Synthesis,3537,4847,187432,18870.843826027573,25860.045243074823,OpenAlex Works API primary_topic.id and AI-subfield topics.id grouped counts,2026-06-19T23:47:35+00:00
2021,T10201,Speech Recognition and Synthesis,3813,5102,188280,20251.752708731674,27097.939239430638,OpenAlex Works API primary_topic.id and AI-subfield topics.id grouped counts,2026-06-19T23:47:35+00:00
2022,T10201,Speech Recognition and Synthesis,3951,5243,182108,21695.916708766224,28790.607771212686,OpenAlex Works API primary_topic.id and AI-subfield topics.id grouped counts,2026-06-19T23:47:35+00:00
2023,T10201,Speech Recognition and Synthesis,4427,6188,213149,20769.508653570978,29031.33488780149,OpenAlex Works API primary_topic.id and AI-subfield topics.id grouped counts,2026-06-19T23:47:35+00:00
2024,T10201,Speech Recognition and Synthesis,4871,6858,233624,20849.74146491799,29354.8608019724,OpenAlex Works API primary_topic.id and AI-subfield topics.id grouped counts,2026-06-19T23:47:35+00:00
2025,T10201,Speech Recognition and Synthesis,4978,7130,287086,17339.751851361612,24835.763499439192,OpenAlex Works API primary_topic.id and AI-subfield topics.id grouped counts,2026-06-19T23:47:35+00:00
2026,T10201,Speech Recognition and Synthesis,3280,4736,214412,15297.651250862824,22088.315952465346,OpenAlex Works API primary_topic.id and AI-subfield topics.id grouped counts,2026-06-19T23:47:35+00:00
1990,T10764,Privacy-Preserving Technologies in Data,9,29,21171,425.10982003684285,1369.7983090076045,OpenAlex Works API primary_topic.id and AI-subfield topics.id grouped counts,2026-06-19T23:47:35+00:00
1991,T10764,Privacy-Preserving Technologies in Data,16,26,22358,715.6275158779855,1162.8947133017266,OpenAlex Works API primary_topic.id and AI-subfield topics.id grouped counts,2026-06-19T23:47:35+00:00
1992,T10764,Privacy-Preserving Technologies in Data,15,22,23668,633.7671117120162,929.5250971776237,OpenAlex Works API primary_topic.id and AI-subfield topics.id grouped counts,2026-06-19T23:47:35+00:00
1993,T10764,Privacy-Preserving Technologies in Data,9,28,25174,357.51171843965994,1112.2586795900531,OpenAlex Works API primary_topic.id and AI-subfield topics.id grouped counts,2026-06-19T23:47:35+00:00
1994,T10764,Privacy-Preserving Technologies in Data,20,33,26808,746.0459564309161,1230.9758281110117,OpenAlex Works API primary_topic.id and AI-subfield topics.id grouped counts,2026-06-19T23:47:35+00:00
1995,T10764,Privacy-Preserving Technologies in Data,17,41,26910,631.73541434411,1523.5971757710888,OpenAlex Works API primary_topic.id and AI-subfield topics.id grouped counts,2026-06-19T23:47:35+00:00
1996,T10764,Privacy-Preserving Technologies in Data,20,66,29167,685.7064490691536,2262.8312819282064,OpenAlex Works API primary_topic.id and AI-subfield topics.id grouped counts,2026-06-19T23:47:35+00:00
1997,T10764,Privacy-Preserving Technologies in Data,23,57,29921,768.6908859997995,1905.0165435647205,OpenAlex Works API primary_topic.id and AI-subfield topics.id grouped counts,2026-06-19T23:47:35+00:00
1998,T10764,Privacy-Preserving Technologies in Data,26,60,31737,819.2330718089296,1890.5378580206068,OpenAlex Works API primary_topic.id and AI-subfield topics.id grouped counts,2026-06-19T23:47:35+00:00
1999,T10764,Privacy-Preserving Technologies in Data,27,79,33899,796.4836720847222,2330.4522257293725,OpenAlex Works API primary_topic.id and AI-subfield topics.id grouped counts,2026-06-19T23:47:35+00:00
2000,T10764,Privacy-Preserving Technologies in Data,41,97,41542,986.9529632660923,2334.9862789466083,OpenAlex Works API primary_topic.id and AI-subfield topics.id grouped counts,2026-06-19T23:47:35+00:00
2001,T10764,Privacy-Preserving Technologies in Data,56,144,44511,1258.115971332929,3235.155354856103,OpenAlex Works API primary_topic.id and AI-subfield topics.id grouped counts,2026-06-19T23:47:35+00:00
2002,T10764,Privacy-Preserving Technologies in Data,102,226,73689,1384.1957415625127,3066.9435058149793,OpenAlex Works API primary_topic.id and AI-subfield topics.id grouped counts,2026-06-19T23:47:35+00:00
2003,T10764,Privacy-Preserving Technologies in Data,125,260,67186,1860.5066531717916,3869.853838597327,OpenAlex Works API primary_topic.id and AI-subfield topics.id grouped counts,2026-06-19T23:47:35+00:00
2004,T10764,Privacy-Preserving Technologies in Data,175,394,70835,2470.530105173996,5562.222065363168,OpenAlex Works API primary_topic.id and AI-subfield topics.id grouped counts,2026-06-19T23:47:35+00:00
2005,T10764,Privacy-Preserving Technologies in Data,229,507,82556,2773.8747032317456,6141.285915015262,OpenAlex Works API primary_topic.id and AI-subfield topics.id grouped counts,2026-06-19T23:47:35+00:00
2006,T10764,Privacy-Preserving Technologies in Data,403,772,89915,4482.010787966413,8585.886670744592,OpenAlex Works API primary_topic.id and AI-subfield topics.id grouped counts,2026-06-19T23:47:35+00:00
2007,T10764,Privacy-Preserving Technologies in Data,472,925,94054,5018.393688732005,9834.77576711251,OpenAlex Works API primary_topic.id and AI-subfield topics.id grouped counts,2026-06-19T23:47:35+00:00
2008,T10764,Privacy-Preserving Technologies in Data,613,1071,97967,6257.209060193739,10932.252697336859,OpenAlex Works API primary_topic.id and AI-subfield topics.id grouped counts,2026-06-19T23:47:35+00:00
2009,T10764,Privacy-Preserving Technologies in Data,790,1370,104332,7571.981750565502,13131.158225664225,OpenAlex Works API primary_topic.id and AI-subfield topics.id grouped counts,2026-06-19T23:47:35+00:00
2010,T10764,Privacy-Preserving Technologies in Data,1028,1659,110997,9261.51157238484,14946.349901348683,OpenAlex Works API primary_topic.id and AI-subfield topics.id grouped counts,2026-06-19T23:47:35+00:00
2011,T10764,Privacy-Preserving Technologies in Data,1060,1881,113882,9307.880086405226,16517.096643894558,OpenAlex Works API primary_topic.id and AI-subfield topics.id grouped counts,2026-06-19T23:47:35+00:00
2012,T10764,Privacy-Preserving Technologies in Data,1276,2222,117229,10884.678705780992,18954.354297997936,OpenAlex Works API primary_topic.id and AI-subfield topics.id grouped counts,2026-06-19T23:47:35+00:00
2013,T10764,Privacy-Preserving Technologies in Data,1423,2509,119603,11897.694873874401,20977.734672207218,OpenAlex Works API primary_topic.id and AI-subfield topics.id grouped counts,2026-06-19T23:47:35+00:00
2014,T10764,Privacy-Preserving Technologies in Data,1634,2961,123428,13238.487215218589,23989.694396733317,OpenAlex Works API primary_topic.id and AI-subfield topics.id grouped counts,2026-06-19T23:47:35+00:00
2015,T10764,Privacy-Preserving Technologies in Data,1687,3160,123162,13697.406667640993,25657.26441597246,OpenAlex Works API primary_topic.id and AI-subfield topics.id grouped counts,2026-06-19T23:47:35+00:00
2016,T10764,Privacy-Preserving Technologies in Data,1844,3330,133301,13833.35458848771,24981.057906542334,OpenAlex Works API primary_topic.id and AI-subfield topics.id grouped counts,2026-06-19T23:47:35+00:00
2017,T10764,Privacy-Preserving Technologies in Data,2110,3624,135900,15526.122148638706,26666.666666666668,OpenAlex Works API primary_topic.id and AI-subfield topics.id grouped counts,2026-06-19T23:47:35+00:00
2018,T10764,Privacy-Preserving Technologies in Data,2607,4345,151657,17190.106622180316,28650.177703633857,OpenAlex Works API primary_topic.id and AI-subfield topics.id grouped counts,2026-06-19T23:47:35+00:00
2019,T10764,Privacy-Preserving Technologies in Data,2994,4865,170876,17521.47756267703,28470.93799012149,OpenAlex Works API primary_topic.id and AI-subfield topics.id grouped counts,2026-06-19T23:47:35+00:00
2020,T10764,Privacy-Preserving Technologies in Data,4150,6158,187432,22141.363267745102,32854.58192837936,OpenAlex Works API primary_topic.id and AI-subfield topics.id grouped counts,2026-06-19T23:47:35+00:00
2021,T10764,Privacy-Preserving Technologies in Data,5436,7522,188280,28871.892925430213,39951.1366050563,OpenAlex Works API primary_topic.id and AI-subfield topics.id grouped counts,2026-06-19T23:47:35+00:00
2022,T10764,Privacy-Preserving Technologies in Data,6477,8489,182108,35566.806510422386,46615.19537856657,OpenAlex Works API primary_topic.id and AI-subfield topics.id grouped counts,2026-06-19T23:47:35+00:00
2023,T10764,Privacy-Preserving Technologies in Data,8399,10862,213149,39404.36033009773,50959.65732891076,OpenAlex Works API primary_topic.id and AI-subfield topics.id grouped counts,2026-06-19T23:47:35+00:00
2024,T10764,Privacy-Preserving Technologies in Data,9117,11247,233624,39024.24408451186,48141.45806937644,OpenAlex Works API primary_topic.id and AI-subfield topics.id grouped counts,2026-06-19T23:47:35+00:00
2025,T10764,Privacy-Preserving Technologies in Data,10701,13646,287086,37274.54490988763,47532.79505096034,OpenAlex Works API primary_topic.id and AI-subfield topics.id grouped counts,2026-06-19T23:47:35+00:00
2026,T10764,Privacy-Preserving Technologies in Data,5982,8288,214412,27899.557860567504,38654.552916814355,OpenAlex Works API primary_topic.id and AI-subfield topics.id grouped counts,2026-06-19T23:47:35+00:00
1990,T10862,AI in cancer detection,121,127,21171,5715.365358273109,5998.771904964337,OpenAlex Works API primary_topic.id and AI-subfield topics.id grouped counts,2026-06-19T23:47:35+00:00
1991,T10862,AI in cancer detection,129,134,22358,5769.7468467662575,5993.380445478128,OpenAlex Works API primary_topic.id and AI-subfield topics.id grouped counts,2026-06-19T23:47:35+00:00
1992,T10862,AI in cancer detection,199,204,23668,8407.977015379416,8619.23271928342,OpenAlex Works API primary_topic.id and AI-subfield topics.id grouped counts,2026-06-19T23:47:35+00:00
1993,T10862,AI in cancer detection,217,220,25174,8620.004766822913,8739.175339636131,OpenAlex Works API primary_topic.id and AI-subfield topics.id grouped counts,2026-06-19T23:47:35+00:00
1994,T10862,AI in cancer detection,165,172,26808,6154.879140555058,6415.995225305879,OpenAlex Works API primary_topic.id and AI-subfield topics.id grouped counts,2026-06-19T23:47:35+00:00
1995,T10862,AI in cancer detection,226,233,26910,8398.36492010405,8658.491267186919,OpenAlex Works API primary_topic.id and AI-subfield topics.id grouped counts,2026-06-19T23:47:35+00:00
1996,T10862,AI in cancer detection,282,290,29167,9668.460931875063,9942.743511502726,OpenAlex Works API primary_topic.id and AI-subfield topics.id grouped counts,2026-06-19T23:47:35+00:00
1997,T10862,AI in cancer detection,290,295,29921,9692.189432171384,9859.296146519167,OpenAlex Works API primary_topic.id and AI-subfield topics.id grouped counts,2026-06-19T23:47:35+00:00
1998,T10862,AI in cancer detection,356,363,31737,11217.191290922266,11437.754041024671,OpenAlex Works API primary_topic.id and AI-subfield topics.id grouped counts,2026-06-19T23:47:35+00:00
1999,T10862,AI in cancer detection,339,344,33899,10000.294993952622,10147.79197026461,OpenAlex Works API primary_topic.id and AI-subfield topics.id grouped counts,2026-06-19T23:47:35+00:00
2000,T10862,AI in cancer detection,368,378,41542,8858.504645900533,9099.224880843485,OpenAlex Works API primary_topic.id and AI-subfield topics.id grouped counts,2026-06-19T23:47:35+00:00
2001,T10862,AI in cancer detection,354,362,44511,7953.090247354586,8132.821100402149,OpenAlex Works API primary_topic.id and AI-subfield topics.id grouped counts,2026-06-19T23:47:35+00:00
2002,T10862,AI in cancer detection,529,544,73689,7178.819091044797,7382.377288333401,OpenAlex Works API primary_topic.id and AI-subfield topics.id grouped counts,2026-06-19T23:47:35+00:00
2003,T10862,AI in cancer detection,520,532,67186,7739.707677194654,7918.316315899146,OpenAlex Works API primary_topic.id and AI-subfield topics.id grouped counts,2026-06-19T23:47:35+00:00
2004,T10862,AI in cancer detection,531,541,70835,7496.294204842239,7637.467353709324,OpenAlex Works API primary_topic.id and AI-subfield topics.id grouped counts,2026-06-19T23:47:35+00:00
2005,T10862,AI in cancer detection,686,694,82556,8309.511119724793,8406.415039488347,OpenAlex Works API primary_topic.id and AI-subfield topics.id grouped counts,2026-06-19T23:47:35+00:00
2006,T10862,AI in cancer detection,758,774,89915,8430.184062725908,8608.129900461547,OpenAlex Works API primary_topic.id and AI-subfield topics.id grouped counts,2026-06-19T23:47:35+00:00
2007,T10862,AI in cancer detection,734,754,94054,7804.027473579007,8016.6712739490085,OpenAlex Works API primary_topic.id and AI-subfield topics.id grouped counts,2026-06-19T23:47:35+00:00
2008,T10862,AI in cancer detection,813,830,97967,8298.712831871957,8472.240652464605,OpenAlex Works API primary_topic.id and AI-subfield topics.id grouped counts,2026-06-19T23:47:35+00:00
2009,T10862,AI in cancer detection,857,876,104332,8214.162481309664,8396.27343480428,OpenAlex Works API primary_topic.id and AI-subfield topics.id grouped counts,2026-06-19T23:47:35+00:00
2010,T10862,AI in cancer detection,1004,1028,110997,9045.289512329162,9261.51157238484,OpenAlex Works API primary_topic.id and AI-subfield topics.id grouped counts,2026-06-19T23:47:35+00:00
2011,T10862,AI in cancer detection,1067,1091,113882,9369.347219051298,9580.091673837831,OpenAlex Works API primary_topic.id and AI-subfield topics.id grouped counts,2026-06-19T23:47:35+00:00
2012,T10862,AI in cancer detection,1150,1192,117229,9809.859335147446,10168.132458691964,OpenAlex Works API primary_topic.id and AI-subfield topics.id grouped counts,2026-06-19T23:47:35+00:00
2013,T10862,AI in cancer detection,1195,1225,119603,9991.388175881875,10242.218004565102,OpenAlex Works API primary_topic.id and AI-subfield topics.id grouped counts,2026-06-19T23:47:35+00:00
2014,T10862,AI in cancer detection,1280,1324,123428,10370.418381566582,10726.901513432933,OpenAlex Works API primary_topic.id and AI-subfield topics.id grouped counts,2026-06-19T23:47:35+00:00
2015,T10862,AI in cancer detection,1374,1412,123162,11156.038388463974,11464.575112453516,OpenAlex Works API primary_topic.id and AI-subfield topics.id grouped counts,2026-06-19T23:47:35+00:00
2016,T10862,AI in cancer detection,1606,1662,133301,12047.921620993091,12468.023495697707,OpenAlex Works API primary_topic.id and AI-subfield topics.id grouped counts,2026-06-19T23:47:35+00:00
2017,T10862,AI in cancer detection,1853,1923,135900,13635.025754231054,14150.110375275937,OpenAlex Works API primary_topic.id and AI-subfield topics.id grouped counts,2026-06-19T23:47:35+00:00
2018,T10862,AI in cancer detection,2495,2598,151657,16451.59801393935,17130.762180446665,OpenAlex Works API primary_topic.id and AI-subfield topics.id grouped counts,2026-06-19T23:47:35+00:00
2019,T10862,AI in cancer detection,3225,3389,170876,18873.335049977763,19833.095343992136,OpenAlex Works API primary_topic.id and AI-subfield topics.id grouped counts,2026-06-19T23:47:35+00:00
2020,T10862,AI in cancer detection,3899,4091,187432,20802.210935165822,21826.58244056511,OpenAlex Works API primary_topic.id and AI-subfield topics.id grouped counts,2026-06-19T23:47:35+00:00
2021,T10862,AI in cancer detection,4465,4727,188280,23714.680263437433,25106.224771616744,OpenAlex Works API primary_topic.id and AI-subfield topics.id grouped counts,2026-06-19T23:47:35+00:00
2022,T10862,AI in cancer detection,5288,5571,182108,29037.713884068795,30591.736771586093,OpenAlex Works API primary_topic.id and AI-subfield topics.id grouped counts,2026-06-19T23:47:35+00:00
2023,T10862,AI in cancer detection,6567,6974,213149,30809.433776372396,32718.89617122295,OpenAlex Works API primary_topic.id and AI-subfield topics.id grouped counts,2026-06-19T23:47:35+00:00
2024,T10862,AI in cancer detection,7627,7994,233624,32646.474677259186,34217.3749272335,OpenAlex Works API primary_topic.id and AI-subfield topics.id grouped counts,2026-06-19T23:47:35+00:00
2025,T10862,AI in cancer detection,9429,9907,287086,32843.81683537337,34508.82314010436,OpenAlex Works API primary_topic.id and AI-subfield topics.id grouped counts,2026-06-19T23:47:35+00:00
2026,T10862,AI in cancer detection,4618,4953,214412,21537.97362087943,23100.386172415725,OpenAlex Works API primary_topic.id and AI-subfield topics.id grouped counts,2026-06-19T23:47:35+00:00
1990,T10237,Cryptography and Data Security,118,150,21171,5573.662084927495,7085.163667280714,OpenAlex Works API primary_topic.id and AI-subfield topics.id grouped counts,2026-06-19T23:47:35+00:00
1991,T10237,Cryptography and Data Security,112,152,22358,5009.392611145899,6798.461400840863,OpenAlex Works API primary_topic.id and AI-subfield topics.id grouped counts,2026-06-19T23:47:35+00:00
1992,T10237,Cryptography and Data Security,112,157,23668,4732.127767449721,6633.429102585769,OpenAlex Works API primary_topic.id and AI-subfield topics.id grouped counts,2026-06-19T23:47:35+00:00
1993,T10237,Cryptography and Data Security,162,210,25174,6435.21093191388,8341.940096925398,OpenAlex Works API primary_topic.id and AI-subfield topics.id grouped counts,2026-06-19T23:47:35+00:00
1994,T10237,Cryptography and Data Security,164,208,26808,6117.576842733512,7758.877946881528,OpenAlex Works API primary_topic.id and AI-subfield topics.id grouped counts,2026-06-19T23:47:35+00:00
1995,T10237,Cryptography and Data Security,231,288,26910,8584.16945373467,10702.341137123745,OpenAlex Works API primary_topic.id and AI-subfield topics.id grouped counts,2026-06-19T23:47:35+00:00
1996,T10237,Cryptography and Data Security,256,315,29167,8777.042548085165,10799.876572839168,OpenAlex Works API primary_topic.id and AI-subfield topics.id grouped counts,2026-06-19T23:47:35+00:00
1997,T10237,Cryptography and Data Security,259,330,29921,8656.127803215133,11029.043146953643,OpenAlex Works API primary_topic.id and AI-subfield topics.id grouped counts,2026-06-19T23:47:35+00:00
1998,T10237,Cryptography and Data Security,327,400,31737,10303.431326212307,12603.585720137378,OpenAlex Works API primary_topic.id and AI-subfield topics.id grouped counts,2026-06-19T23:47:35+00:00
1999,T10237,Cryptography and Data Security,381,481,33899,11239.269594973302,14189.209121213014,OpenAlex Works API primary_topic.id and AI-subfield topics.id grouped counts,2026-06-19T23:47:35+00:00
2000,T10237,Cryptography and Data Security,436,563,41542,10495.40224351259,13552.549227288047,OpenAlex Works API primary_topic.id and AI-subfield topics.id grouped counts,2026-06-19T23:47:35+00:00
2001,T10237,Cryptography and Data Security,505,639,44511,11345.510098627306,14356.001887173958,OpenAlex Works API primary_topic.id and AI-subfield topics.id grouped counts,2026-06-19T23:47:35+00:00
2002,T10237,Cryptography and Data Security,829,1058,73689,11249.983036816893,14357.638182089593,OpenAlex Works API primary_topic.id and AI-subfield topics.id grouped counts,2026-06-19T23:47:35+00:00
2003,T10237,Cryptography and Data Security,890,1140,67186,13246.807370583158,16967.82067692674,OpenAlex Works API primary_topic.id and AI-subfield topics.id grouped counts,2026-06-19T23:47:35+00:00
2004,T10237,Cryptography and Data Security,1193,1527,70835,16841.956659843298,21557.13983200395,OpenAlex Works API primary_topic.id and AI-subfield topics.id grouped counts,2026-06-19T23:47:35+00:00
2005,T10237,Cryptography and Data Security,1542,1939,82556,18678.230534425114,23487.087552691508,OpenAlex Works API primary_topic.id and AI-subfield topics.id grouped counts,2026-06-19T23:47:35+00:00
2006,T10237,Cryptography and Data Security,1791,2332,89915,19918.812211533113,25935.605849969415,OpenAlex Works API primary_topic.id and AI-subfield topics.id grouped counts,2026-06-19T23:47:35+00:00
2007,T10237,Cryptography and Data Security,2167,2714,94054,23039.955770089524,28855.76371020903,OpenAlex Works API primary_topic.id and AI-subfield topics.id grouped counts,2026-06-19T23:47:35+00:00
2008,T10237,Cryptography and Data Security,1997,2639,97967,20384.415160207005,26937.642267294086,OpenAlex Works API primary_topic.id and AI-subfield topics.id grouped counts,2026-06-19T23:47:35+00:00
2009,T10237,Cryptography and Data Security,2269,3033,104332,21747.881762067245,29070.65904995591,OpenAlex Works API primary_topic.id and AI-subfield topics.id grouped counts,2026-06-19T23:47:35+00:00
2010,T10237,Cryptography and Data Security,2398,3264,110997,21604.18750056308,29406.200167572097,OpenAlex Works API primary_topic.id and AI-subfield topics.id grouped counts,2026-06-19T23:47:35+00:00
2011,T10237,Cryptography and Data Security,2725,3579,113882,23928.276637220984,31427.2668200418,OpenAlex Works API primary_topic.id and AI-subfield topics.id grouped counts,2026-06-19T23:47:35+00:00
2012,T10237,Cryptography and Data Security,2806,3897,117229,23936.05677775977,33242.62767745183,OpenAlex Works API primary_topic.id and AI-subfield topics.id grouped counts,2026-06-19T23:47:35+00:00
2013,T10237,Cryptography and Data Security,3151,4237,119603,26345.493006028275,35425.53280436109,OpenAlex Works API primary_topic.id and AI-subfield topics.id grouped counts,2026-06-19T23:47:35+00:00
2014,T10237,Cryptography and Data Security,3334,4502,123428,27011.699128236705,36474.70590141621,OpenAlex Works API primary_topic.id and AI-subfield topics.id grouped counts,2026-06-19T23:47:35+00:00
2015,T10237,Cryptography and Data Security,3576,4791,123162,29034.929604910605,38899.98538510255,OpenAlex Works API primary_topic.id and AI-subfield topics.id grouped counts,2026-06-19T23:47:35+00:00
2016,T10237,Cryptography and Data Security,3459,4645,133301,25948.792582201186,34845.950142909656,OpenAlex Works API primary_topic.id and AI-subfield topics.id grouped counts,2026-06-19T23:47:35+00:00
2017,T10237,Cryptography and Data Security,3494,4839,135900,25710.08094186902,35607.06401766004,OpenAlex Works API primary_topic.id and AI-subfield topics.id grouped counts,2026-06-19T23:47:35+00:00
2018,T10237,Cryptography and Data Security,3647,5139,151657,24047.686555846416,33885.67622991356,OpenAlex Works API primary_topic.id and AI-subfield topics.id grouped counts,2026-06-19T23:47:35+00:00
2019,T10237,Cryptography and Data Security,3727,5278,170876,21811.1379011681,30887.895315901587,OpenAlex Works API primary_topic.id and AI-subfield topics.id grouped counts,2026-06-19T23:47:35+00:00
2020,T10237,Cryptography and Data Security,3718,5612,187432,19836.527380596697,29941.525459900124,OpenAlex Works API primary_topic.id and AI-subfield topics.id grouped counts,2026-06-19T23:47:35+00:00
2021,T10237,Cryptography and Data Security,3624,5852,188280,19247.92861695347,31081.368175058426,OpenAlex Works API primary_topic.id and AI-subfield topics.id grouped counts,2026-06-19T23:47:35+00:00
2022,T10237,Cryptography and Data Security,3318,5538,182108,18219.95738792365,30410.525622158282,OpenAlex Works API primary_topic.id and AI-subfield topics.id grouped counts,2026-06-19T23:47:35+00:00
2023,T10237,Cryptography and Data Security,3691,6364,213149,17316.5250599346,29857.04835584497,OpenAlex Works API primary_topic.id and AI-subfield topics.id grouped counts,2026-06-19T23:47:35+00:00
2024,T10237,Cryptography and Data Security,3363,6755,233624,14394.925178919973,28913.98144026299,OpenAlex Works API primary_topic.id and AI-subfield topics.id grouped counts,2026-06-19T23:47:35+00:00
2025,T10237,Cryptography and Data Security,4314,8323,287086,15026.856064036561,28991.312707690377,OpenAlex Works API primary_topic.id and AI-subfield topics.id grouped counts,2026-06-19T23:47:35+00:00
2026,T10237,Cryptography and Data Security,2753,5289,214412,12839.76643098334,24667.462642016304,OpenAlex Works API primary_topic.id and AI-subfield topics.id grouped counts,2026-06-19T23:47:35+00:00
1990,T13559,Edcuational Technology Systems,12,16,21171,566.8130933824572,755.7507911766095,OpenAlex Works API primary_topic.id and AI-subfield topics.id grouped counts,2026-06-19T23:47:35+00:00
1991,T13559,Edcuational Technology Systems,24,30,22358,1073.4412738169783,1341.801592271223,OpenAlex Works API primary_topic.id and AI-subfield topics.id grouped counts,2026-06-19T23:47:35+00:00
1992,T13559,Edcuational Technology Systems,21,23,23668,887.2739563968227,971.7762379584249,OpenAlex Works API primary_topic.id and AI-subfield topics.id grouped counts,2026-06-19T23:47:35+00:00
1993,T13559,Edcuational Technology Systems,28,32,25174,1112.2586795900531,1271.1527766743466,OpenAlex Works API primary_topic.id and AI-subfield topics.id grouped counts,2026-06-19T23:47:35+00:00
1994,T13559,Edcuational Technology Systems,36,40,26808,1342.8827215756492,1492.0919128618323,OpenAlex Works API primary_topic.id and AI-subfield topics.id grouped counts,2026-06-19T23:47:35+00:00
1995,T13559,Edcuational Technology Systems,33,40,26910,1226.309921962096,1486.4362690449648,OpenAlex Works API primary_topic.id and AI-subfield topics.id grouped counts,2026-06-19T23:47:35+00:00
1996,T13559,Edcuational Technology Systems,30,40,29167,1028.55967360373,1371.4128981383071,OpenAlex Works API primary_topic.id and AI-subfield topics.id grouped counts,2026-06-19T23:47:35+00:00
1997,T13559,Edcuational Technology Systems,47,56,29921,1570.8031148691555,1871.595200695164,OpenAlex Works API primary_topic.id and AI-subfield topics.id grouped counts,2026-06-19T23:47:35+00:00
1998,T13559,Edcuational Technology Systems,51,56,31737,1606.957179317516,1764.5020008192332,OpenAlex Works API primary_topic.id and AI-subfield topics.id grouped counts,2026-06-19T23:47:35+00:00
1999,T13559,Edcuational Technology Systems,41,59,33899,1209.4752057582818,1740.4643204814301,OpenAlex Works API primary_topic.id and AI-subfield topics.id grouped counts,2026-06-19T23:47:35+00:00
2000,T13559,Edcuational Technology Systems,66,94,41542,1588.7535506234656,2262.7702084637235,OpenAlex Works API primary_topic.id and AI-subfield topics.id grouped counts,2026-06-19T23:47:35+00:00
2001,T13559,Edcuational Technology Systems,107,124,44511,2403.900159511132,2785.8282222372,OpenAlex Works API primary_topic.id and AI-subfield topics.id grouped counts,2026-06-19T23:47:35+00:00
2002,T13559,Edcuational Technology Systems,155,183,73689,2103.4347053155834,2483.4100069209785,OpenAlex Works API primary_topic.id and AI-subfield topics.id grouped counts,2026-06-19T23:47:35+00:00
2003,T13559,Edcuational Technology Systems,166,216,67186,2470.752835412139,3214.955496680856,OpenAlex Works API primary_topic.id and AI-subfield topics.id grouped counts,2026-06-19T23:47:35+00:00
2004,T13559,Edcuational Technology Systems,228,288,70835,3218.747794169549,4065.7866873720623,OpenAlex Works API primary_topic.id and AI-subfield topics.id grouped counts,2026-06-19T23:47:35+00:00
2005,T13559,Edcuational Technology Systems,282,353,82556,3415.863171665294,4275.88545956684,OpenAlex Works API primary_topic.id and AI-subfield topics.id grouped counts,2026-06-19T23:47:35+00:00
2006,T13559,Edcuational Technology Systems,382,492,89915,4248.4568759383865,5471.834510370906,OpenAlex Works API primary_topic.id and AI-subfield topics.id grouped counts,2026-06-19T23:47:35+00:00
2007,T13559,Edcuational Technology Systems,470,576,94054,4997.1293086950045,6124.141450656006,OpenAlex Works API primary_topic.id and AI-subfield topics.id grouped counts,2026-06-19T23:47:35+00:00
2008,T13559,Edcuational Technology Systems,726,906,97967,7410.658691191932,9248.012085702328,OpenAlex Works API primary_topic.id and AI-subfield topics.id grouped counts,2026-06-19T23:47:35+00:00
2009,T13559,Edcuational Technology Systems,739,949,104332,7083.1576122378565,9095.962887704634,OpenAlex Works API primary_topic.id and AI-subfield topics.id grouped counts,2026-06-19T23:47:35+00:00
2010,T13559,Edcuational Technology Systems,1137,1416,110997,10243.520095137706,12757.101543284953,OpenAlex Works API primary_topic.id and AI-subfield topics.id grouped counts,2026-06-19T23:47:35+00:00
2011,T13559,Edcuational Technology Systems,1426,1750,113882,12521.733021899861,15366.783161518062,OpenAlex Works API primary_topic.id and AI-subfield topics.id grouped counts,2026-06-19T23:47:35+00:00
2012,T13559,Edcuational Technology Systems,1967,2310,117229,16779.124619334805,19705.02179494835,OpenAlex Works API primary_topic.id and AI-subfield topics.id grouped counts,2026-06-19T23:47:35+00:00
2013,T13559,Edcuational Technology Systems,2464,2910,119603,20601.48992918238,24330.49338227302,OpenAlex Works API primary_topic.id and AI-subfield topics.id grouped counts,2026-06-19T23:47:35+00:00
2014,T13559,Edcuational Technology Systems,2916,3373,123428,23625.109375506367,27327.67281330006,OpenAlex Works API primary_topic.id and AI-subfield topics.id grouped counts,2026-06-19T23:47:35+00:00
2015,T13559,Edcuational Technology Systems,3872,4477,123162,31438.268297039667,36350.49771845212,OpenAlex Works API primary_topic.id and AI-subfield topics.id grouped counts,2026-06-19T23:47:35+00:00
2016,T13559,Edcuational Technology Systems,4660,5396,133301,34958.47743077696,40479.8163554662,OpenAlex Works API primary_topic.id and AI-subfield topics.id grouped counts,2026-06-19T23:47:35+00:00
2017,T13559,Edcuational Technology Systems,5465,6345,135900,40213.39220014717,46688.741721854305,OpenAlex Works API primary_topic.id and AI-subfield topics.id grouped counts,2026-06-19T23:47:35+00:00
2018,T13559,Edcuational Technology Systems,6273,7247,151657,41363.07588835332,47785.463249306,OpenAlex Works API primary_topic.id and AI-subfield topics.id grouped counts,2026-06-19T23:47:35+00:00
2019,T13559,Edcuational Technology Systems,7150,8115,170876,41843.20794026077,47490.5779629673,OpenAlex Works API primary_topic.id and AI-subfield topics.id grouped counts,2026-06-19T23:47:35+00:00
2020,T13559,Edcuational Technology Systems,6815,7662,187432,36359.85317341756,40878.825387340476,OpenAlex Works API primary_topic.id and AI-subfield topics.id grouped counts,2026-06-19T23:47:35+00:00
2021,T13559,Edcuational Technology Systems,6277,6968,188280,33338.64457191417,37008.71043127257,OpenAlex Works API primary_topic.id and AI-subfield topics.id grouped counts,2026-06-19T23:47:35+00:00
2022,T13559,Edcuational Technology Systems,5307,5912,182108,29142.047576163597,32464.251982340153,OpenAlex Works API primary_topic.id and AI-subfield topics.id grouped counts,2026-06-19T23:47:35+00:00
2023,T13559,Edcuational Technology Systems,6369,7113,213149,29880.506124823478,33371.022148825476,OpenAlex Works API primary_topic.id and AI-subfield topics.id grouped counts,2026-06-19T23:47:35+00:00
2024,T13559,Edcuational Technology Systems,5660,6567,233624,24226.962983255144,28109.269595589492,OpenAlex Works API primary_topic.id and AI-subfield topics.id grouped counts,2026-06-19T23:47:35+00:00
2025,T13559,Edcuational Technology Systems,4743,5786,287086,16521.18180614868,20154.239496178845,OpenAlex Works API primary_topic.id and AI-subfield topics.id grouped counts,2026-06-19T23:47:35+00:00
2026,T13559,Edcuational Technology Systems,1107,1510,214412,5162.957297166203,7042.516277074044,OpenAlex Works API primary_topic.id and AI-subfield topics.id grouped counts,2026-06-19T23:47:35+00:00
1990,T11512,Anomaly Detection Techniques and Applications,58,73,21171,2739.596618015209,3448.112984743281,OpenAlex Works API primary_topic.id and AI-subfield topics.id grouped counts,2026-06-19T23:47:35+00:00
1991,T11512,Anomaly Detection Techniques and Applications,67,89,22358,2996.690222739064,3980.6780570712945,OpenAlex Works API primary_topic.id and AI-subfield topics.id grouped counts,2026-06-19T23:47:35+00:00
1992,T11512,Anomaly Detection Techniques and Applications,73,87,23668,3084.333276998479,3675.8492479296942,OpenAlex Works API primary_topic.id and AI-subfield topics.id grouped counts,2026-06-19T23:47:35+00:00
1993,T11512,Anomaly Detection Techniques and Applications,81,111,25174,3217.60546595694,4409.3111940891395,OpenAlex Works API primary_topic.id and AI-subfield topics.id grouped counts,2026-06-19T23:47:35+00:00
1994,T11512,Anomaly Detection Techniques and Applications,73,93,26808,2723.0677409728437,3469.11369740376,OpenAlex Works API primary_topic.id and AI-subfield topics.id grouped counts,2026-06-19T23:47:35+00:00
1995,T11512,Anomaly Detection Techniques and Applications,78,114,26910,2898.550724637681,4236.343366778149,OpenAlex Works API primary_topic.id and AI-subfield topics.id grouped counts,2026-06-19T23:47:35+00:00
1996,T11512,Anomaly Detection Techniques and Applications,87,111,29167,2982.823053450818,3805.670792333802,OpenAlex Works API primary_topic.id and AI-subfield topics.id grouped counts,2026-06-19T23:47:35+00:00
1997,T11512,Anomaly Detection Techniques and Applications,98,142,29921,3275.2916012165365,4745.830687477022,OpenAlex Works API primary_topic.id and AI-subfield topics.id grouped counts,2026-06-19T23:47:35+00:00
1998,T11512,Anomaly Detection Techniques and Applications,98,132,31737,3087.8785014336577,4159.1832876453345,OpenAlex Works API primary_topic.id and AI-subfield topics.id grouped counts,2026-06-19T23:47:35+00:00
1999,T11512,Anomaly Detection Techniques and Applications,119,170,33899,3510.4280362252575,5014.897194607511,OpenAlex Works API primary_topic.id and AI-subfield topics.id grouped counts,2026-06-19T23:47:35+00:00
2000,T11512,Anomaly Detection Techniques and Applications,132,203,41542,3177.507101246931,4886.620769341871,OpenAlex Works API primary_topic.id and AI-subfield topics.id grouped counts,2026-06-19T23:47:35+00:00
2001,T11512,Anomaly Detection Techniques and Applications,148,211,44511,3325.020781379884,4740.401249129429,OpenAlex Works API primary_topic.id and AI-subfield topics.id grouped counts,2026-06-19T23:47:35+00:00
2002,T11512,Anomaly Detection Techniques and Applications,239,375,73689,3243.36061013177,5088.95493221512,OpenAlex Works API primary_topic.id and AI-subfield topics.id grouped counts,2026-06-19T23:47:35+00:00
2003,T11512,Anomaly Detection Techniques and Applications,280,430,67186,4167.534903104814,6400.142886910963,OpenAlex Works API primary_topic.id and AI-subfield topics.id grouped counts,2026-06-19T23:47:35+00:00
2004,T11512,Anomaly Detection Techniques and Applications,380,545,70835,5364.579656949248,7693.936613256159,OpenAlex Works API primary_topic.id and AI-subfield topics.id grouped counts,2026-06-19T23:47:35+00:00
2005,T11512,Anomaly Detection Techniques and Applications,476,674,82556,5765.783225931489,8164.155240079461,OpenAlex Works API primary_topic.id and AI-subfield topics.id grouped counts,2026-06-19T23:47:35+00:00
2006,T11512,Anomaly Detection Techniques and Applications,563,819,89915,6261.469165322805,9108.602569093031,OpenAlex Works API primary_topic.id and AI-subfield topics.id grouped counts,2026-06-19T23:47:35+00:00
2007,T11512,Anomaly Detection Techniques and Applications,613,883,94054,6517.532481340507,9388.22378633551,OpenAlex Works API primary_topic.id and AI-subfield topics.id grouped counts,2026-06-19T23:47:35+00:00
2008,T11512,Anomaly Detection Techniques and Applications,787,1089,97967,8033.3173415537885,11115.988036787898,OpenAlex Works API primary_topic.id and AI-subfield topics.id grouped counts,2026-06-19T23:47:35+00:00
2009,T11512,Anomaly Detection Techniques and Applications,858,1240,104332,8223.747268335697,11885.13591228003,OpenAlex Works API primary_topic.id and AI-subfield topics.id grouped counts,2026-06-19T23:47:35+00:00
2010,T11512,Anomaly Detection Techniques and Applications,980,1372,110997,8829.067452273486,12360.694433182878,OpenAlex Works API primary_topic.id and AI-subfield topics.id grouped counts,2026-06-19T23:47:35+00:00
2011,T11512,Anomaly Detection Techniques and Applications,1162,1604,113882,10203.544019247995,14084.754394899985,OpenAlex Works API primary_topic.id and AI-subfield topics.id grouped counts,2026-06-19T23:47:35+00:00
2012,T11512,Anomaly Detection Techniques and Applications,1171,1690,117229,9988.995896919703,14416.228066434072,OpenAlex Works API primary_topic.id and AI-subfield topics.id grouped counts,2026-06-19T23:47:35+00:00
2013,T11512,Anomaly Detection Techniques and Applications,1295,1827,119603,10827.487604825965,15275.536566808525,OpenAlex Works API primary_topic.id and AI-subfield topics.id grouped counts,2026-06-19T23:47:35+00:00
2014,T11512,Anomaly Detection Techniques and Applications,1460,2119,123428,11828.75846647438,17167.90355510905,OpenAlex Works API primary_topic.id and AI-subfield topics.id grouped counts,2026-06-19T23:47:35+00:00
2015,T11512,Anomaly Detection Techniques and Applications,1661,2361,123162,13486.302593332359,19169.873824718663,OpenAlex Works API primary_topic.id and AI-subfield topics.id grouped counts,2026-06-19T23:47:35+00:00
2016,T11512,Anomaly Detection Techniques and Applications,1941,2778,133301,14561.031050029631,20840.05371302541,OpenAlex Works API primary_topic.id and AI-subfield topics.id grouped counts,2026-06-19T23:47:35+00:00
2017,T11512,Anomaly Detection Techniques and Applications,2291,3406,135900,16857.983811626196,25062.54598969831,OpenAlex Works API primary_topic.id and AI-subfield topics.id grouped counts,2026-06-19T23:47:35+00:00
2018,T11512,Anomaly Detection Techniques and Applications,3013,4831,151657,19867.20032705381,31854.777557250898,OpenAlex Works API primary_topic.id and AI-subfield topics.id grouped counts,2026-06-19T23:47:35+00:00
2019,T11512,Anomaly Detection Techniques and Applications,3691,6219,170876,21600.458812238114,36394.812612654794,OpenAlex Works API primary_topic.id and AI-subfield topics.id grouped counts,2026-06-19T23:47:35+00:00
2020,T11512,Anomaly Detection Techniques and Applications,4353,7794,187432,23224.422723974563,41583.080797302486,OpenAlex Works API primary_topic.id and AI-subfield topics.id grouped counts,2026-06-19T23:47:35+00:00
2021,T11512,Anomaly Detection Techniques and Applications,5157,9126,188280,27390.057361376676,48470.36328871892,OpenAlex Works API primary_topic.id and AI-subfield topics.id grouped counts,2026-06-19T23:47:35+00:00
2022,T11512,Anomaly Detection Techniques and Applications,5508,9161,182108,30245.788213587544,50305.31333055111,OpenAlex Works API primary_topic.id and AI-subfield topics.id grouped counts,2026-06-19T23:47:35+00:00
2023,T11512,Anomaly Detection Techniques and Applications,6766,10774,213149,31743.052981717014,50546.80059488902,OpenAlex Works API primary_topic.id and AI-subfield topics.id grouped counts,2026-06-19T23:47:35+00:00
2024,T11512,Anomaly Detection Techniques and Applications,9685,13479,233624,41455.501147142415,57695.27103379789,OpenAlex Works API primary_topic.id and AI-subfield topics.id grouped counts,2026-06-19T23:47:35+00:00
2025,T11512,Anomaly Detection Techniques and Applications,9790,13092,287086,34101.27975589196,45603.05971033071,OpenAlex Works API primary_topic.id and AI-subfield topics.id grouped counts,2026-06-19T23:47:35+00:00
2026,T11512,Anomaly Detection Techniques and Applications,3470,4395,214412,16183.795683077438,20497.919892543327,OpenAlex Works API primary_topic.id and AI-subfield topics.id grouped counts,2026-06-19T23:47:35+00:00
1990,T11010,"Logic, Reasoning, and Knowledge",783,1682,21171,36984.55434320533,79448.30192244108,OpenAlex Works API primary_topic.id and AI-subfield topics.id grouped counts,2026-06-19T23:47:35+00:00
1991,T11010,"Logic, Reasoning, and Knowledge",964,2020,22358,43116.55783164863,90347.97387959567,OpenAlex Works API primary_topic.id and AI-subfield topics.id grouped counts,2026-06-19T23:47:35+00:00
1992,T11010,"Logic, Reasoning, and Knowledge",963,1995,23668,40687.84857191144,84291.02585769816,OpenAlex Works API primary_topic.id and AI-subfield topics.id grouped counts,2026-06-19T23:47:35+00:00
1993,T11010,"Logic, Reasoning, and Knowledge",1088,2314,25174,43219.19440692779,91920.23516326369,OpenAlex Works API primary_topic.id and AI-subfield topics.id grouped counts,2026-06-19T23:47:35+00:00
1994,T11010,"Logic, Reasoning, and Knowledge",1212,2527,26808,45210.38495971352,94262.90659504625,OpenAlex Works API primary_topic.id and AI-subfield topics.id grouped counts,2026-06-19T23:47:35+00:00
1995,T11010,"Logic, Reasoning, and Knowledge",1256,2486,26910,46674.0988480119,92382.01412114454,OpenAlex Works API primary_topic.id and AI-subfield topics.id grouped counts,2026-06-19T23:47:35+00:00
1996,T11010,"Logic, Reasoning, and Knowledge",1113,2427,29167,38159.56389069839,83210.47759454178,OpenAlex Works API primary_topic.id and AI-subfield topics.id grouped counts,2026-06-19T23:47:35+00:00
1997,T11010,"Logic, Reasoning, and Knowledge",1269,2554,29921,42411.684101467195,85358.1096888473,OpenAlex Works API primary_topic.id and AI-subfield topics.id grouped counts,2026-06-19T23:47:35+00:00
1998,T11010,"Logic, Reasoning, and Knowledge",1074,2312,31737,33840.62765856886,72848.72546239405,OpenAlex Works API primary_topic.id and AI-subfield topics.id grouped counts,2026-06-19T23:47:35+00:00
1999,T11010,"Logic, Reasoning, and Knowledge",1119,2494,33899,33009.823298622374,73571.49178441842,OpenAlex Works API primary_topic.id and AI-subfield topics.id grouped counts,2026-06-19T23:47:35+00:00
2000,T11010,"Logic, Reasoning, and Knowledge",1203,2546,41542,28958.6442636368,61287.37181647489,OpenAlex Works API primary_topic.id and AI-subfield topics.id grouped counts,2026-06-19T23:47:35+00:00
2001,T11010,"Logic, Reasoning, and Knowledge",1279,2738,44511,28734.470130978858,61512.88445552785,OpenAlex Works API primary_topic.id and AI-subfield topics.id grouped counts,2026-06-19T23:47:35+00:00
2002,T11010,"Logic, Reasoning, and Knowledge",1634,3823,73689,22174.272957972014,51880.19921562241,OpenAlex Works API primary_topic.id and AI-subfield topics.id grouped counts,2026-06-19T23:47:35+00:00
2003,T11010,"Logic, Reasoning, and Knowledge",1454,3319,67186,21641.41338969428,49400.17265501741,OpenAlex Works API primary_topic.id and AI-subfield topics.id grouped counts,2026-06-19T23:47:35+00:00
2004,T11010,"Logic, Reasoning, and Knowledge",1389,3085,70835,19608.950377638175,43551.916425495874,OpenAlex Works API primary_topic.id and AI-subfield topics.id grouped counts,2026-06-19T23:47:35+00:00
2005,T11010,"Logic, Reasoning, and Knowledge",1696,3987,82556,20543.63098987354,48294.49101216144,OpenAlex Works API primary_topic.id and AI-subfield topics.id grouped counts,2026-06-19T23:47:35+00:00
2006,T11010,"Logic, Reasoning, and Knowledge",1661,3757,89915,18473.002279931046,41783.907023299784,OpenAlex Works API primary_topic.id and AI-subfield topics.id grouped counts,2026-06-19T23:47:35+00:00
2007,T11010,"Logic, Reasoning, and Knowledge",1653,3792,94054,17575.01010058052,40317.26455015204,OpenAlex Works API primary_topic.id and AI-subfield topics.id grouped counts,2026-06-19T23:47:35+00:00
2008,T11010,"Logic, Reasoning, and Knowledge",1753,3809,97967,17893.780558759583,38880.43933161166,OpenAlex Works API primary_topic.id and AI-subfield topics.id grouped counts,2026-06-19T23:47:35+00:00
2009,T11010,"Logic, Reasoning, and Knowledge",1685,3755,104332,16150.366138864396,35990.875282751214,OpenAlex Works API primary_topic.id and AI-subfield topics.id grouped counts,2026-06-19T23:47:35+00:00
2010,T11010,"Logic, Reasoning, and Knowledge",1766,3847,110997,15910.339919096912,34658.59437642459,OpenAlex Works API primary_topic.id and AI-subfield topics.id grouped counts,2026-06-19T23:47:35+00:00
2011,T11010,"Logic, Reasoning, and Knowledge",1870,3877,113882,16420.50543545073,34044.01046697459,OpenAlex Works API primary_topic.id and AI-subfield topics.id grouped counts,2026-06-19T23:47:35+00:00
2012,T11010,"Logic, Reasoning, and Knowledge",1795,3778,117229,15311.910875295362,32227.5204940757,OpenAlex Works API primary_topic.id and AI-subfield topics.id grouped counts,2026-06-19T23:47:35+00:00
2013,T11010,"Logic, Reasoning, and Knowledge",1952,4104,119603,16320.660852988638,34313.52056386545,OpenAlex Works API primary_topic.id and AI-subfield topics.id grouped counts,2026-06-19T23:47:35+00:00
2014,T11010,"Logic, Reasoning, and Knowledge",1821,3831,123428,14753.540525650582,31038.338140454354,OpenAlex Works API primary_topic.id and AI-subfield topics.id grouped counts,2026-06-19T23:47:35+00:00
2015,T11010,"Logic, Reasoning, and Knowledge",1841,3665,123162,14947.792338545982,29757.55509004401,OpenAlex Works API primary_topic.id and AI-subfield topics.id grouped counts,2026-06-19T23:47:35+00:00
2016,T11010,"Logic, Reasoning, and Knowledge",1783,3486,133301,13375.743617827324,26151.34170036234,OpenAlex Works API primary_topic.id and AI-subfield topics.id grouped counts,2026-06-19T23:47:35+00:00
2017,T11010,"Logic, Reasoning, and Knowledge",1756,3407,135900,12921.265636497425,25069.90434142752,OpenAlex Works API primary_topic.id and AI-subfield topics.id grouped counts,2026-06-19T23:47:35+00:00
2018,T11010,"Logic, Reasoning, and Knowledge",1760,3568,151657,11605.135272358018,23526.774233962165,OpenAlex Works API primary_topic.id and AI-subfield topics.id grouped counts,2026-06-19T23:47:35+00:00
2019,T11010,"Logic, Reasoning, and Knowledge",1743,3344,170876,10200.379222360074,19569.746482829654,OpenAlex Works API primary_topic.id and AI-subfield topics.id grouped counts,2026-06-19T23:47:35+00:00
2020,T11010,"Logic, Reasoning, and Knowledge",1570,3043,187432,8376.371163942122,16235.221306927311,OpenAlex Works API primary_topic.id and AI-subfield topics.id grouped counts,2026-06-19T23:47:35+00:00
2021,T11010,"Logic, Reasoning, and Knowledge",1650,3184,188280,8763.543658381135,16910.98364138517,OpenAlex Works API primary_topic.id and AI-subfield topics.id grouped counts,2026-06-19T23:47:35+00:00
2022,T11010,"Logic, Reasoning, and Knowledge",1382,2447,182108,7588.903288158675,13437.081292419884,OpenAlex Works API primary_topic.id and AI-subfield topics.id grouped counts,2026-06-19T23:47:35+00:00
2023,T11010,"Logic, Reasoning, and Knowledge",1581,2810,213149,7417.346551004228,13183.26616592149,OpenAlex Works API primary_topic.id and AI-subfield topics.id grouped counts,2026-06-19T23:47:35+00:00
2024,T11010,"Logic, Reasoning, and Knowledge",1315,2320,233624,5628.702530561929,9930.486593843098,OpenAlex Works API primary_topic.id and AI-subfield topics.id grouped counts,2026-06-19T23:47:35+00:00
2025,T11010,"Logic, Reasoning, and Knowledge",1978,3396,287086,6889.921486941195,11829.207972523913,OpenAlex Works API primary_topic.id and AI-subfield topics.id grouped counts,2026-06-19T23:47:35+00:00
2026,T11010,"Logic, Reasoning, and Knowledge",1633,3258,214412,7616.1781989814,15195.0450534485,OpenAlex Works API primary_topic.id and AI-subfield topics.id grouped counts,2026-06-19T23:47:35+00:00
1990,T11975,Evolutionary Algorithms and Applications,206,369,21171,9730.291436398848,17429.502621510557,OpenAlex Works API primary_topic.id and AI-subfield topics.id grouped counts,2026-06-19T23:47:35+00:00
1991,T11975,Evolutionary Algorithms and Applications,243,447,22358,10868.592897396906,19992.843724841223,OpenAlex Works API primary_topic.id and AI-subfield topics.id grouped counts,2026-06-19T23:47:35+00:00
1992,T11975,Evolutionary Algorithms and Applications,258,473,23668,10900.794321446678,19984.789589318912,OpenAlex Works API primary_topic.id and AI-subfield topics.id grouped counts,2026-06-19T23:47:35+00:00
1993,T11975,Evolutionary Algorithms and Applications,288,551,25174,11440.374990069118,21887.661873361405,OpenAlex Works API primary_topic.id and AI-subfield topics.id grouped counts,2026-06-19T23:47:35+00:00
1994,T11975,Evolutionary Algorithms and Applications,379,727,26808,14137.570874365862,27118.7705162638,OpenAlex Works API primary_topic.id and AI-subfield topics.id grouped counts,2026-06-19T23:47:35+00:00
1995,T11975,Evolutionary Algorithms and Applications,460,789,26910,17094.017094017097,29319.95540691193,OpenAlex Works API primary_topic.id and AI-subfield topics.id grouped counts,2026-06-19T23:47:35+00:00
1996,T11975,Evolutionary Algorithms and Applications,629,1002,29167,21565.467823224877,34353.89309836459,OpenAlex Works API primary_topic.id and AI-subfield topics.id grouped counts,2026-06-19T23:47:35+00:00
1997,T11975,Evolutionary Algorithms and Applications,536,928,29921,17913.839778082285,31015.006182948433,OpenAlex Works API primary_topic.id and AI-subfield topics.id grouped counts,2026-06-19T23:47:35+00:00
1998,T11975,Evolutionary Algorithms and Applications,668,1159,31737,21047.988152629423,36518.889624098054,OpenAlex Works API primary_topic.id and AI-subfield topics.id grouped counts,2026-06-19T23:47:35+00:00
1999,T11975,Evolutionary Algorithms and Applications,774,1257,33899,22832.53193309537,37080.73984483318,OpenAlex Works API primary_topic.id and AI-subfield topics.id grouped counts,2026-06-19T23:47:35+00:00
2000,T11975,Evolutionary Algorithms and Applications,824,1280,41542,19835.347359299023,30812.19007269751,OpenAlex Works API primary_topic.id and AI-subfield topics.id grouped counts,2026-06-19T23:47:35+00:00
2001,T11975,Evolutionary Algorithms and Applications,889,1375,44511,19972.59104491025,30891.240367549595,OpenAlex Works API primary_topic.id and AI-subfield topics.id grouped counts,2026-06-19T23:47:35+00:00
2002,T11975,Evolutionary Algorithms and Applications,1658,3083,73689,22499.966073633786,41837.99481605124,OpenAlex Works API primary_topic.id and AI-subfield topics.id grouped counts,2026-06-19T23:47:35+00:00
2003,T11975,Evolutionary Algorithms and Applications,1526,2575,67186,22713.06522192123,38326.43705533891,OpenAlex Works API primary_topic.id and AI-subfield topics.id grouped counts,2026-06-19T23:47:35+00:00
2004,T11975,Evolutionary Algorithms and Applications,1396,2345,70835,19707.771581845132,33105.10340933155,OpenAlex Works API primary_topic.id and AI-subfield topics.id grouped counts,2026-06-19T23:47:35+00:00
2005,T11975,Evolutionary Algorithms and Applications,1549,2677,82556,18763.02146421823,32426.474150879403,OpenAlex Works API primary_topic.id and AI-subfield topics.id grouped counts,2026-06-19T23:47:35+00:00
2006,T11975,Evolutionary Algorithms and Applications,1749,3014,89915,19451.70438747706,33520.54718345104,OpenAlex Works API primary_topic.id and AI-subfield topics.id grouped counts,2026-06-19T23:47:35+00:00
2007,T11975,Evolutionary Algorithms and Applications,1696,2991,94054,18032.194271376018,31800.880345333528,OpenAlex Works API primary_topic.id and AI-subfield topics.id grouped counts,2026-06-19T23:47:35+00:00
2008,T11975,Evolutionary Algorithms and Applications,1645,2954,97967,16791.368522053344,30153.01070768728,OpenAlex Works API primary_topic.id and AI-subfield topics.id grouped counts,2026-06-19T23:47:35+00:00
2009,T11975,Evolutionary Algorithms and Applications,1597,3085,104332,15306.904880573553,29569.067975309586,OpenAlex Works API primary_topic.id and AI-subfield topics.id grouped counts,2026-06-19T23:47:35+00:00
2010,T11975,Evolutionary Algorithms and Applications,1617,3296,110997,14567.96129625125,29694.49624764633,OpenAlex Works API primary_topic.id and AI-subfield topics.id grouped counts,2026-06-19T23:47:35+00:00
2011,T11975,Evolutionary Algorithms and Applications,1627,3169,113882,14286.71783073708,27827.049050771853,OpenAlex Works API primary_topic.id and AI-subfield topics.id grouped counts,2026-06-19T23:47:35+00:00
2012,T11975,Evolutionary Algorithms and Applications,1596,3362,117229,13614.378694691588,28678.91050849193,OpenAlex Works API primary_topic.id and AI-subfield topics.id grouped counts,2026-06-19T23:47:35+00:00
2013,T11975,Evolutionary Algorithms and Applications,1570,3274,119603,13126.761034422214,27373.89530362951,OpenAlex Works API primary_topic.id and AI-subfield topics.id grouped counts,2026-06-19T23:47:35+00:00
2014,T11975,Evolutionary Algorithms and Applications,1489,3233,123428,12063.71325793175,26193.408302816217,OpenAlex Works API primary_topic.id and AI-subfield topics.id grouped counts,2026-06-19T23:47:35+00:00
2015,T11975,Evolutionary Algorithms and Applications,1452,3076,123162,11789.350611389877,24975.235868206102,OpenAlex Works API primary_topic.id and AI-subfield topics.id grouped counts,2026-06-19T23:47:35+00:00
2016,T11975,Evolutionary Algorithms and Applications,1400,3134,133301,10502.546867615396,23510.70134507618,OpenAlex Works API primary_topic.id and AI-subfield topics.id grouped counts,2026-06-19T23:47:35+00:00
2017,T11975,Evolutionary Algorithms and Applications,1436,3192,135900,10566.593083149375,23487.8587196468,OpenAlex Works API primary_topic.id and AI-subfield topics.id grouped counts,2026-06-19T23:47:35+00:00
2018,T11975,Evolutionary Algorithms and Applications,1473,3389,151657,9712.706963740546,22346.47922614848,OpenAlex Works API primary_topic.id and AI-subfield topics.id grouped counts,2026-06-19T23:47:35+00:00
2019,T11975,Evolutionary Algorithms and Applications,1455,3485,170876,8514.9465109202,20394.906247805426,OpenAlex Works API primary_topic.id and AI-subfield topics.id grouped counts,2026-06-19T23:47:35+00:00
2020,T11975,Evolutionary Algorithms and Applications,1437,3535,187432,7666.780485722822,18860.173289512997,OpenAlex Works API primary_topic.id and AI-subfield topics.id grouped counts,2026-06-19T23:47:35+00:00
2021,T11975,Evolutionary Algorithms and Applications,1329,3420,188280,7058.636073932441,18164.435946462716,OpenAlex Works API primary_topic.id and AI-subfield topics.id grouped counts,2026-06-19T23:47:35+00:00
2022,T11975,Evolutionary Algorithms and Applications,1231,3148,182108,6759.724998352626,17286.445406022798,OpenAlex Works API primary_topic.id and AI-subfield topics.id grouped counts,2026-06-19T23:47:35+00:00
2023,T11975,Evolutionary Algorithms and Applications,1297,3251,213149,6084.945273024973,15252.241389825896,OpenAlex Works API primary_topic.id and AI-subfield topics.id grouped counts,2026-06-19T23:47:35+00:00
2024,T11975,Evolutionary Algorithms and Applications,1602,3303,233624,6857.17220833476,14138.10224976886,OpenAlex Works API primary_topic.id and AI-subfield topics.id grouped counts,2026-06-19T23:47:35+00:00
2025,T11975,Evolutionary Algorithms and Applications,1626,3175,287086,5663.8080575158665,11059.403802344941,OpenAlex Works API primary_topic.id and AI-subfield topics.id grouped counts,2026-06-19T23:47:35+00:00
2026,T11975,Evolutionary Algorithms and Applications,688,1232,214412,3208.7756282297632,5745.947055202134,OpenAlex Works API primary_topic.id and AI-subfield topics.id grouped counts,2026-06-19T23:47:35+00:00
1990,T11269,Algorithms and Data Compression,573,791,21171,27065.325209012328,37362.42973879363,OpenAlex Works API primary_topic.id and AI-subfield topics.id grouped counts,2026-06-19T23:47:35+00:00
1991,T11269,Algorithms and Data Compression,615,844,22358,27506.932641560066,37749.35146256374,OpenAlex Works API primary_topic.id and AI-subfield topics.id grouped counts,2026-06-19T23:47:35+00:00
1992,T11269,Algorithms and Data Compression,743,956,23668,31392.597600135206,40392.09058644583,OpenAlex Works API primary_topic.id and AI-subfield topics.id grouped counts,2026-06-19T23:47:35+00:00
1993,T11269,Algorithms and Data Compression,734,977,25174,29157.066814967824,38809.88321283865,OpenAlex Works API primary_topic.id and AI-subfield topics.id grouped counts,2026-06-19T23:47:35+00:00
1994,T11269,Algorithms and Data Compression,844,1158,26808,31483.13936138466,43196.06087735005,OpenAlex Works API primary_topic.id and AI-subfield topics.id grouped counts,2026-06-19T23:47:35+00:00
1995,T11269,Algorithms and Data Compression,746,1106,26910,27722.036417688592,41099.96283909327,OpenAlex Works API primary_topic.id and AI-subfield topics.id grouped counts,2026-06-19T23:47:35+00:00
1996,T11269,Algorithms and Data Compression,816,1140,29167,27976.823122021462,39085.26759694175,OpenAlex Works API primary_topic.id and AI-subfield topics.id grouped counts,2026-06-19T23:47:35+00:00
1997,T11269,Algorithms and Data Compression,798,1117,29921,26670.231609906088,37331.63998529461,OpenAlex Works API primary_topic.id and AI-subfield topics.id grouped counts,2026-06-19T23:47:35+00:00
1998,T11269,Algorithms and Data Compression,817,1179,31737,25742.823833380597,37149.06891010492,OpenAlex Works API primary_topic.id and AI-subfield topics.id grouped counts,2026-06-19T23:47:35+00:00
1999,T11269,Algorithms and Data Compression,820,1158,33899,24189.504115165637,34160.29971385587,OpenAlex Works API primary_topic.id and AI-subfield topics.id grouped counts,2026-06-19T23:47:35+00:00
2000,T11269,Algorithms and Data Compression,914,1322,41542,22001.82947378557,31823.2150594579,OpenAlex Works API primary_topic.id and AI-subfield topics.id grouped counts,2026-06-19T23:47:35+00:00
2001,T11269,Algorithms and Data Compression,939,1326,44511,21095.908876457503,29790.38889263328,OpenAlex Works API primary_topic.id and AI-subfield topics.id grouped counts,2026-06-19T23:47:35+00:00
2002,T11269,Algorithms and Data Compression,2279,3039,73689,30927.275441382026,41240.890770671336,OpenAlex Works API primary_topic.id and AI-subfield topics.id grouped counts,2026-06-19T23:47:35+00:00
2003,T11269,Algorithms and Data Compression,1625,2225,67186,24186.586491233295,33117.01842645789,OpenAlex Works API primary_topic.id and AI-subfield topics.id grouped counts,2026-06-19T23:47:35+00:00
2004,T11269,Algorithms and Data Compression,1539,2198,70835,21726.547610644455,31029.858120985387,OpenAlex Works API primary_topic.id and AI-subfield topics.id grouped counts,2026-06-19T23:47:35+00:00
2005,T11269,Algorithms and Data Compression,1804,2511,82556,21851.833906681528,30415.71781578565,OpenAlex Works API primary_topic.id and AI-subfield topics.id grouped counts,2026-06-19T23:47:35+00:00
2006,T11269,Algorithms and Data Compression,1863,2693,89915,20719.56848134349,29950.508813879776,OpenAlex Works API primary_topic.id and AI-subfield topics.id grouped counts,2026-06-19T23:47:35+00:00
2007,T11269,Algorithms and Data Compression,1881,2657,94054,19999.14942479852,28249.72887915453,OpenAlex Works API primary_topic.id and AI-subfield topics.id grouped counts,2026-06-19T23:47:35+00:00
2008,T11269,Algorithms and Data Compression,1814,2575,97967,18516.43920912144,26284.36106035706,OpenAlex Works API primary_topic.id and AI-subfield topics.id grouped counts,2026-06-19T23:47:35+00:00
2009,T11269,Algorithms and Data Compression,1905,2729,104332,18259.019284591497,26156.883794042096,OpenAlex Works API primary_topic.id and AI-subfield topics.id grouped counts,2026-06-19T23:47:35+00:00
2010,T11269,Algorithms and Data Compression,1994,2928,110997,17964.449489625847,26379.09132679262,OpenAlex Works API primary_topic.id and AI-subfield topics.id grouped counts,2026-06-19T23:47:35+00:00
2011,T11269,Algorithms and Data Compression,2114,2912,113882,18563.07405911382,25570.327180766057,OpenAlex Works API primary_topic.id and AI-subfield topics.id grouped counts,2026-06-19T23:47:35+00:00
2012,T11269,Algorithms and Data Compression,2070,2987,117229,17657.746803265403,25480.043333987323,OpenAlex Works API primary_topic.id and AI-subfield topics.id grouped counts,2026-06-19T23:47:35+00:00
2013,T11269,Algorithms and Data Compression,2208,3076,119603,18461.07539108551,25718.418434320207,OpenAlex Works API primary_topic.id and AI-subfield topics.id grouped counts,2026-06-19T23:47:35+00:00
2014,T11269,Algorithms and Data Compression,2083,3053,123428,16876.23553812749,24735.068217908414,OpenAlex Works API primary_topic.id and AI-subfield topics.id grouped counts,2026-06-19T23:47:35+00:00
2015,T11269,Algorithms and Data Compression,2022,2852,123162,16417.40147123301,23156.493074162485,OpenAlex Works API primary_topic.id and AI-subfield topics.id grouped counts,2026-06-19T23:47:35+00:00
2016,T11269,Algorithms and Data Compression,1983,2779,133301,14876.107456058093,20847.555532216564,OpenAlex Works API primary_topic.id and AI-subfield topics.id grouped counts,2026-06-19T23:47:35+00:00
2017,T11269,Algorithms and Data Compression,1856,2572,135900,13657.100809418691,18925.68064753495,OpenAlex Works API primary_topic.id and AI-subfield topics.id grouped counts,2026-06-19T23:47:35+00:00
2018,T11269,Algorithms and Data Compression,2042,2812,151657,13464.594446679019,18541.84112833565,OpenAlex Works API primary_topic.id and AI-subfield topics.id grouped counts,2026-06-19T23:47:35+00:00
2019,T11269,Algorithms and Data Compression,1921,2588,170876,11242.070273180552,15145.485615299984,OpenAlex Works API primary_topic.id and AI-subfield topics.id grouped counts,2026-06-19T23:47:35+00:00
2020,T11269,Algorithms and Data Compression,1795,2456,187432,9576.806521831919,13103.41883989927,OpenAlex Works API primary_topic.id and AI-subfield topics.id grouped counts,2026-06-19T23:47:35+00:00
2021,T11269,Algorithms and Data Compression,1430,2026,188280,7595.0711705969825,10760.569364775865,OpenAlex Works API primary_topic.id and AI-subfield topics.id grouped counts,2026-06-19T23:47:35+00:00
2022,T11269,Algorithms and Data Compression,1264,1720,182108,6940.936147780438,9444.944758055659,OpenAlex Works API primary_topic.id and AI-subfield topics.id grouped counts,2026-06-19T23:47:35+00:00
2023,T11269,Algorithms and Data Compression,1261,1726,213149,5916.049336379715,8097.621851380958,OpenAlex Works API primary_topic.id and AI-subfield topics.id grouped counts,2026-06-19T23:47:35+00:00
2024,T11269,Algorithms and Data Compression,1573,2212,233624,6733.041125911722,9468.205321371091,OpenAlex Works API primary_topic.id and AI-subfield topics.id grouped counts,2026-06-19T23:47:35+00:00
2025,T11269,Algorithms and Data Compression,1517,2061,287086,5284.130887608591,7179.033460356827,OpenAlex Works API primary_topic.id and AI-subfield topics.id grouped counts,2026-06-19T23:47:35+00:00
2026,T11269,Algorithms and Data Compression,703,939,214412,3278.734399194075,4379.419062365912,OpenAlex Works API primary_topic.id and AI-subfield topics.id grouped counts,2026-06-19T23:47:35+00:00
1990,T10100,Metaheuristic Optimization Algorithms Research,101,189,21171,4770.676869302348,8927.306220773698,OpenAlex Works API primary_topic.id and AI-subfield topics.id grouped counts,2026-06-19T23:47:35+00:00
1991,T10100,Metaheuristic Optimization Algorithms Research,152,298,22358,6798.461400840863,13328.562483227479,OpenAlex Works API primary_topic.id and AI-subfield topics.id grouped counts,2026-06-19T23:47:35+00:00
1992,T10100,Metaheuristic Optimization Algorithms Research,164,301,23668,6929.187088051378,12717.593375021126,OpenAlex Works API primary_topic.id and AI-subfield topics.id grouped counts,2026-06-19T23:47:35+00:00
1993,T10100,Metaheuristic Optimization Algorithms Research,194,385,25174,7706.3637085882265,15293.556844363233,OpenAlex Works API primary_topic.id and AI-subfield topics.id grouped counts,2026-06-19T23:47:35+00:00
1994,T10100,Metaheuristic Optimization Algorithms Research,232,474,26808,8654.133094598626,17681.289167412713,OpenAlex Works API primary_topic.id and AI-subfield topics.id grouped counts,2026-06-19T23:47:35+00:00
1995,T10100,Metaheuristic Optimization Algorithms Research,276,556,26910,10256.410256410256,20661.46413972501,OpenAlex Works API primary_topic.id and AI-subfield topics.id grouped counts,2026-06-19T23:47:35+00:00
1996,T10100,Metaheuristic Optimization Algorithms Research,353,764,29167,12102.718826070559,26193.986354441662,OpenAlex Works API primary_topic.id and AI-subfield topics.id grouped counts,2026-06-19T23:47:35+00:00
1997,T10100,Metaheuristic Optimization Algorithms Research,355,670,29921,11864.576718692557,22392.299722602853,OpenAlex Works API primary_topic.id and AI-subfield topics.id grouped counts,2026-06-19T23:47:35+00:00
1998,T10100,Metaheuristic Optimization Algorithms Research,380,805,31737,11973.40643413051,25364.716261776473,OpenAlex Works API primary_topic.id and AI-subfield topics.id grouped counts,2026-06-19T23:47:35+00:00
1999,T10100,Metaheuristic Optimization Algorithms Research,398,914,33899,11740.759314434054,26962.447269830966,OpenAlex Works API primary_topic.id and AI-subfield topics.id grouped counts,2026-06-19T23:47:35+00:00
2000,T10100,Metaheuristic Optimization Algorithms Research,470,933,41542,11313.851042318616,22459.197920177172,OpenAlex Works API primary_topic.id and AI-subfield topics.id grouped counts,2026-06-19T23:47:35+00:00
2001,T10100,Metaheuristic Optimization Algorithms Research,483,1053,44511,10851.250252746513,23657.073532385253,OpenAlex Works API primary_topic.id and AI-subfield topics.id grouped counts,2026-06-19T23:47:35+00:00
2002,T10100,Metaheuristic Optimization Algorithms Research,1081,2392,73689,14669.760751265452,32460.747194289514,OpenAlex Works API primary_topic.id and AI-subfield topics.id grouped counts,2026-06-19T23:47:35+00:00
2003,T10100,Metaheuristic Optimization Algorithms Research,888,1979,67186,13217.039264132409,29455.541333015808,OpenAlex Works API primary_topic.id and AI-subfield topics.id grouped counts,2026-06-19T23:47:35+00:00
2004,T10100,Metaheuristic Optimization Algorithms Research,1039,1963,70835,14667.890167290181,27712.28912260888,OpenAlex Works API primary_topic.id and AI-subfield topics.id grouped counts,2026-06-19T23:47:35+00:00
2005,T10100,Metaheuristic Optimization Algorithms Research,1225,2270,82556,14838.412713794272,27496.48723290857,OpenAlex Works API primary_topic.id and AI-subfield topics.id grouped counts,2026-06-19T23:47:35+00:00
2006,T10100,Metaheuristic Optimization Algorithms Research,1540,2770,89915,17127.286882055276,30806.87315798254,OpenAlex Works API primary_topic.id and AI-subfield topics.id grouped counts,2026-06-19T23:47:35+00:00
2007,T10100,Metaheuristic Optimization Algorithms Research,1636,2813,94054,17394.262870266015,29908.350522040528,OpenAlex Works API primary_topic.id and AI-subfield topics.id grouped counts,2026-06-19T23:47:35+00:00
2008,T10100,Metaheuristic Optimization Algorithms Research,1887,3083,97967,19261.588085783987,31469.780640419733,OpenAlex Works API primary_topic.id and AI-subfield topics.id grouped counts,2026-06-19T23:47:35+00:00
2009,T10100,Metaheuristic Optimization Algorithms Research,2295,3452,104332,21997.086224744085,33086.68481386343,OpenAlex Works API primary_topic.id and AI-subfield topics.id grouped counts,2026-06-19T23:47:35+00:00
2010,T10100,Metaheuristic Optimization Algorithms Research,2573,3834,110997,23180.806688469056,34541.47409389443,OpenAlex Works API primary_topic.id and AI-subfield topics.id grouped counts,2026-06-19T23:47:35+00:00
2011,T10100,Metaheuristic Optimization Algorithms Research,2416,3580,113882,21214.941781844365,31436.04783899124,OpenAlex Works API primary_topic.id and AI-subfield topics.id grouped counts,2026-06-19T23:47:35+00:00
2012,T10100,Metaheuristic Optimization Algorithms Research,2744,3919,117229,23407.17740490834,33430.29455168943,OpenAlex Works API primary_topic.id and AI-subfield topics.id grouped counts,2026-06-19T23:47:35+00:00
2013,T10100,Metaheuristic Optimization Algorithms Research,2674,3833,119603,22357.29872996497,32047.691111426968,OpenAlex Works API primary_topic.id and AI-subfield topics.id grouped counts,2026-06-19T23:47:35+00:00
2014,T10100,Metaheuristic Optimization Algorithms Research,2769,3892,123428,22434.131639498333,31532.553391450885,OpenAlex Works API primary_topic.id and AI-subfield topics.id grouped counts,2026-06-19T23:47:35+00:00
2015,T10100,Metaheuristic Optimization Algorithms Research,2566,3648,123162,20834.34825676751,29619.525502996054,OpenAlex Works API primary_topic.id and AI-subfield topics.id grouped counts,2026-06-19T23:47:35+00:00
2016,T10100,Metaheuristic Optimization Algorithms Research,2658,3683,133301,19939.835410086947,27629.200081019648,OpenAlex Works API primary_topic.id and AI-subfield topics.id grouped counts,2026-06-19T23:47:35+00:00
2017,T10100,Metaheuristic Optimization Algorithms Research,2675,3733,135900,19683.59087564386,27468.727005150846,OpenAlex Works API primary_topic.id and AI-subfield topics.id grouped counts,2026-06-19T23:47:35+00:00
2018,T10100,Metaheuristic Optimization Algorithms Research,2870,3925,151657,18924.283086174724,25880.770422730242,OpenAlex Works API primary_topic.id and AI-subfield topics.id grouped counts,2026-06-19T23:47:35+00:00
2019,T10100,Metaheuristic Optimization Algorithms Research,2861,3917,170876,16743.13537301903,22923.05531496524,OpenAlex Works API primary_topic.id and AI-subfield topics.id grouped counts,2026-06-19T23:47:35+00:00
2020,T10100,Metaheuristic Optimization Algorithms Research,3093,4229,187432,16501.984719791708,22562.84946007085,OpenAlex Works API primary_topic.id and AI-subfield topics.id grouped counts,2026-06-19T23:47:35+00:00
2021,T10100,Metaheuristic Optimization Algorithms Research,3177,4294,188280,16873.804971319314,22806.458466114298,OpenAlex Works API primary_topic.id and AI-subfield topics.id grouped counts,2026-06-19T23:47:35+00:00
2022,T10100,Metaheuristic Optimization Algorithms Research,3286,4261,182108,18044.237485448197,23398.203263997188,OpenAlex Works API primary_topic.id and AI-subfield topics.id grouped counts,2026-06-19T23:47:35+00:00
2023,T10100,Metaheuristic Optimization Algorithms Research,3110,4102,213149,14590.73230463197,19244.753669967955,OpenAlex Works API primary_topic.id and AI-subfield topics.id grouped counts,2026-06-19T23:47:35+00:00
2024,T10100,Metaheuristic Optimization Algorithms Research,2960,3881,233624,12669.931171454988,16612.163133924598,OpenAlex Works API primary_topic.id and AI-subfield topics.id grouped counts,2026-06-19T23:47:35+00:00
2025,T10100,Metaheuristic Optimization Algorithms Research,2951,3981,287086,10279.14980180155,13866.924893585894,OpenAlex Works API primary_topic.id and AI-subfield topics.id grouped counts,2026-06-19T23:47:35+00:00
2026,T10100,Metaheuristic Optimization Algorithms Research,1599,2140,214412,7457.604984795627,9980.784657575135,OpenAlex Works API primary_topic.id and AI-subfield topics.id grouped counts,2026-06-19T23:47:35+00:00
1990,T10664,Sentiment Analysis and Opinion Mining,4,6,21171,188.93769779415237,283.4065466912286,OpenAlex Works API primary_topic.id and AI-subfield topics.id grouped counts,2026-06-19T23:47:35+00:00
1991,T10664,Sentiment Analysis and Opinion Mining,2,4,22358,89.45343948474819,178.90687896949638,OpenAlex Works API primary_topic.id and AI-subfield topics.id grouped counts,2026-06-19T23:47:35+00:00
1992,T10664,Sentiment Analysis and Opinion Mining,2,7,23668,84.50228156160216,295.7579854656076,OpenAlex Works API primary_topic.id and AI-subfield topics.id grouped counts,2026-06-19T23:47:35+00:00
1993,T10664,Sentiment Analysis and Opinion Mining,2,5,25174,79.44704854214666,198.61762135536665,OpenAlex Works API primary_topic.id and AI-subfield topics.id grouped counts,2026-06-19T23:47:35+00:00
1994,T10664,Sentiment Analysis and Opinion Mining,1,3,26808,37.30229782154581,111.90689346463742,OpenAlex Works API primary_topic.id and AI-subfield topics.id grouped counts,2026-06-19T23:47:35+00:00
1995,T10664,Sentiment Analysis and Opinion Mining,4,6,26910,148.64362690449647,222.96544035674472,OpenAlex Works API primary_topic.id and AI-subfield topics.id grouped counts,2026-06-19T23:47:35+00:00
1996,T10664,Sentiment Analysis and Opinion Mining,2,4,29167,68.57064490691535,137.1412898138307,OpenAlex Works API primary_topic.id and AI-subfield topics.id grouped counts,2026-06-19T23:47:35+00:00
1997,T10664,Sentiment Analysis and Opinion Mining,2,11,29921,66.84268573911301,367.6347715651215,OpenAlex Works API primary_topic.id and AI-subfield topics.id grouped counts,2026-06-19T23:47:35+00:00
1998,T10664,Sentiment Analysis and Opinion Mining,8,18,31737,252.0717144027476,567.1613574061821,OpenAlex Works API primary_topic.id and AI-subfield topics.id grouped counts,2026-06-19T23:47:35+00:00
1999,T10664,Sentiment Analysis and Opinion Mining,5,12,33899,147.4969763119856,353.9927431487655,OpenAlex Works API primary_topic.id and AI-subfield topics.id grouped counts,2026-06-19T23:47:35+00:00
2000,T10664,Sentiment Analysis and Opinion Mining,6,12,41542,144.43214096576958,288.86428193153915,OpenAlex Works API primary_topic.id and AI-subfield topics.id grouped counts,2026-06-19T23:47:35+00:00
2001,T10664,Sentiment Analysis and Opinion Mining,12,24,44511,269.59627957134194,539.1925591426839,OpenAlex Works API primary_topic.id and AI-subfield topics.id grouped counts,2026-06-19T23:47:35+00:00
2002,T10664,Sentiment Analysis and Opinion Mining,17,34,73689,230.6992902604188,461.3985805208376,OpenAlex Works API primary_topic.id and AI-subfield topics.id grouped counts,2026-06-19T23:47:35+00:00
2003,T10664,Sentiment Analysis and Opinion Mining,13,39,67186,193.49269192986634,580.4780757895991,OpenAlex Works API primary_topic.id and AI-subfield topics.id grouped counts,2026-06-19T23:47:35+00:00
2004,T10664,Sentiment Analysis and Opinion Mining,42,70,70835,592.927225241759,988.2120420695983,OpenAlex Works API primary_topic.id and AI-subfield topics.id grouped counts,2026-06-19T23:47:35+00:00
2005,T10664,Sentiment Analysis and Opinion Mining,61,98,82556,738.8923881971026,1187.0730171035418,OpenAlex Works API primary_topic.id and AI-subfield topics.id grouped counts,2026-06-19T23:47:35+00:00
2006,T10664,Sentiment Analysis and Opinion Mining,125,198,89915,1390.2018573096814,2202.0797419785354,OpenAlex Works API primary_topic.id and AI-subfield topics.id grouped counts,2026-06-19T23:47:35+00:00
2007,T10664,Sentiment Analysis and Opinion Mining,179,260,94054,1903.162013311502,2764.369404810003,OpenAlex Works API primary_topic.id and AI-subfield topics.id grouped counts,2026-06-19T23:47:35+00:00
2008,T10664,Sentiment Analysis and Opinion Mining,261,348,97967,2664.1624220400745,3552.2165627201,OpenAlex Works API primary_topic.id and AI-subfield topics.id grouped counts,2026-06-19T23:47:35+00:00
2009,T10664,Sentiment Analysis and Opinion Mining,403,542,104332,3862.6691714910094,5194.954568109497,OpenAlex Works API primary_topic.id and AI-subfield topics.id grouped counts,2026-06-19T23:47:35+00:00
2010,T10664,Sentiment Analysis and Opinion Mining,604,774,110997,5441.588511401209,6973.161436795589,OpenAlex Works API primary_topic.id and AI-subfield topics.id grouped counts,2026-06-19T23:47:35+00:00
2011,T10664,Sentiment Analysis and Opinion Mining,657,839,113882,5769.129449781352,7367.274898579231,OpenAlex Works API primary_topic.id and AI-subfield topics.id grouped counts,2026-06-19T23:47:35+00:00
2012,T10664,Sentiment Analysis and Opinion Mining,964,1229,117229,8223.221216593165,10483.75401990975,OpenAlex Works API primary_topic.id and AI-subfield topics.id grouped counts,2026-06-19T23:47:35+00:00
2013,T10664,Sentiment Analysis and Opinion Mining,1182,1472,119603,9882.695250119144,12307.383594057004,OpenAlex Works API primary_topic.id and AI-subfield topics.id grouped counts,2026-06-19T23:47:35+00:00
2014,T10664,Sentiment Analysis and Opinion Mining,1526,1894,123428,12363.483164273908,15344.978448974302,OpenAlex Works API primary_topic.id and AI-subfield topics.id grouped counts,2026-06-19T23:47:35+00:00
2015,T10664,Sentiment Analysis and Opinion Mining,1848,2243,123162,15004.628050859843,18211.7861028564,OpenAlex Works API primary_topic.id and AI-subfield topics.id grouped counts,2026-06-19T23:47:35+00:00
2016,T10664,Sentiment Analysis and Opinion Mining,2254,2836,133301,16909.10045686079,21275.159226112333,OpenAlex Works API primary_topic.id and AI-subfield topics.id grouped counts,2026-06-19T23:47:35+00:00
2017,T10664,Sentiment Analysis and Opinion Mining,2491,3150,135900,18329.654157468725,23178.807947019868,OpenAlex Works API primary_topic.id and AI-subfield topics.id grouped counts,2026-06-19T23:47:35+00:00
2018,T10664,Sentiment Analysis and Opinion Mining,3196,4184,151657,21073.87064230467,27588.571579287473,OpenAlex Works API primary_topic.id and AI-subfield topics.id grouped counts,2026-06-19T23:47:35+00:00
2019,T10664,Sentiment Analysis and Opinion Mining,3474,4689,170876,20330.532081743484,27440.95133313046,OpenAlex Works API primary_topic.id and AI-subfield topics.id grouped counts,2026-06-19T23:47:35+00:00
2020,T10664,Sentiment Analysis and Opinion Mining,4030,5472,187432,21501.131076870544,29194.587903879805,OpenAlex Works API primary_topic.id and AI-subfield topics.id grouped counts,2026-06-19T23:47:35+00:00
2021,T10664,Sentiment Analysis and Opinion Mining,4478,6166,188280,23783.726364988317,32749.097089441257,OpenAlex Works API primary_topic.id and AI-subfield topics.id grouped counts,2026-06-19T23:47:35+00:00
2022,T10664,Sentiment Analysis and Opinion Mining,4572,6106,182108,25105.98106618051,33529.55389109759,OpenAlex Works API primary_topic.id and AI-subfield topics.id grouped counts,2026-06-19T23:47:35+00:00
2023,T10664,Sentiment Analysis and Opinion Mining,5183,7113,213149,24316.323323121385,33371.022148825476,OpenAlex Works API primary_topic.id and AI-subfield topics.id grouped counts,2026-06-19T23:47:35+00:00
2024,T10664,Sentiment Analysis and Opinion Mining,5143,6938,233624,22014.005410403042,29697.29137417389,OpenAlex Works API primary_topic.id and AI-subfield topics.id grouped counts,2026-06-19T23:47:35+00:00
2025,T10664,Sentiment Analysis and Opinion Mining,6626,9250,287086,23080.19199821656,32220.31029029629,OpenAlex Works API primary_topic.id and AI-subfield topics.id grouped counts,2026-06-19T23:47:35+00:00
2026,T10664,Sentiment Analysis and Opinion Mining,3399,5295,214412,15852.657500513029,24695.44615040203,OpenAlex Works API primary_topic.id and AI-subfield topics.id grouped counts,2026-06-19T23:47:35+00:00
1990,T11130,Coding theory and cryptography,438,472,21171,20688.677908459686,22294.64833970998,OpenAlex Works API primary_topic.id and AI-subfield topics.id grouped counts,2026-06-19T23:47:35+00:00
1991,T11130,Coding theory and cryptography,496,547,22358,22184.45299221755,24465.515699078627,OpenAlex Works API primary_topic.id and AI-subfield topics.id grouped counts,2026-06-19T23:47:35+00:00
1992,T11130,Coding theory and cryptography,527,573,23668,22266.351191482172,24209.90366739902,OpenAlex Works API primary_topic.id and AI-subfield topics.id grouped counts,2026-06-19T23:47:35+00:00
1993,T11130,Coding theory and cryptography,567,636,25174,22523.238261698578,25264.161436402635,OpenAlex Works API primary_topic.id and AI-subfield topics.id grouped counts,2026-06-19T23:47:35+00:00
1994,T11130,Coding theory and cryptography,595,669,26808,22194.867203819755,24955.237242614145,OpenAlex Works API primary_topic.id and AI-subfield topics.id grouped counts,2026-06-19T23:47:35+00:00
1995,T11130,Coding theory and cryptography,643,741,26910,23894.463024897806,27536.231884057972,OpenAlex Works API primary_topic.id and AI-subfield topics.id grouped counts,2026-06-19T23:47:35+00:00
1996,T11130,Coding theory and cryptography,645,754,29167,22114.0329824802,25851.133129907088,OpenAlex Works API primary_topic.id and AI-subfield topics.id grouped counts,2026-06-19T23:47:35+00:00
1997,T11130,Coding theory and cryptography,632,754,29921,21122.288693559705,25199.6925236456,OpenAlex Works API primary_topic.id and AI-subfield topics.id grouped counts,2026-06-19T23:47:35+00:00
1998,T11130,Coding theory and cryptography,687,822,31737,21646.65847433595,25900.368654882313,OpenAlex Works API primary_topic.id and AI-subfield topics.id grouped counts,2026-06-19T23:47:35+00:00
1999,T11130,Coding theory and cryptography,835,1003,33899,24631.995044101594,29587.893448184313,OpenAlex Works API primary_topic.id and AI-subfield topics.id grouped counts,2026-06-19T23:47:35+00:00
2000,T11130,Coding theory and cryptography,729,943,41542,17548.505127341006,22699.91815512012,OpenAlex Works API primary_topic.id and AI-subfield topics.id grouped counts,2026-06-19T23:47:35+00:00
2001,T11130,Coding theory and cryptography,969,1227,44511,21769.899575385858,27566.21958616971,OpenAlex Works API primary_topic.id and AI-subfield topics.id grouped counts,2026-06-19T23:47:35+00:00
2002,T11130,Coding theory and cryptography,1771,2163,73689,24033.437826541274,29353.092049016814,OpenAlex Works API primary_topic.id and AI-subfield topics.id grouped counts,2026-06-19T23:47:35+00:00
2003,T11130,Coding theory and cryptography,1370,1763,67186,20391.152918762837,26240.58583633495,OpenAlex Works API primary_topic.id and AI-subfield topics.id grouped counts,2026-06-19T23:47:35+00:00
2004,T11130,Coding theory and cryptography,1248,1704,70835,17618.40897861227,24055.90456695137,OpenAlex Works API primary_topic.id and AI-subfield topics.id grouped counts,2026-06-19T23:47:35+00:00
2005,T11130,Coding theory and cryptography,1598,2138,82556,19356.55797277,25897.572556809922,OpenAlex Works API primary_topic.id and AI-subfield topics.id grouped counts,2026-06-19T23:47:35+00:00
2006,T11130,Coding theory and cryptography,1610,2257,89915,17905.799922148697,25101.48473558361,OpenAlex Works API primary_topic.id and AI-subfield topics.id grouped counts,2026-06-19T23:47:35+00:00
2007,T11130,Coding theory and cryptography,1734,2553,94054,18436.217492079017,27143.981117230527,OpenAlex Works API primary_topic.id and AI-subfield topics.id grouped counts,2026-06-19T23:47:35+00:00
2008,T11130,Coding theory and cryptography,1698,2456,97967,17332.367021548074,25069.666316208517,OpenAlex Works API primary_topic.id and AI-subfield topics.id grouped counts,2026-06-19T23:47:35+00:00
2009,T11130,Coding theory and cryptography,1713,2541,104332,16418.7401755933,24354.943833148027,OpenAlex Works API primary_topic.id and AI-subfield topics.id grouped counts,2026-06-19T23:47:35+00:00
2010,T11130,Coding theory and cryptography,1823,2680,110997,16423.867311729144,24144.796706217287,OpenAlex Works API primary_topic.id and AI-subfield topics.id grouped counts,2026-06-19T23:47:35+00:00
2011,T11130,Coding theory and cryptography,2014,2954,113882,17684.972164169933,25939.12997664249,OpenAlex Works API primary_topic.id and AI-subfield topics.id grouped counts,2026-06-19T23:47:35+00:00
2012,T11130,Coding theory and cryptography,2048,3163,117229,17470.079929027797,26981.37832788815,OpenAlex Works API primary_topic.id and AI-subfield topics.id grouped counts,2026-06-19T23:47:35+00:00
2013,T11130,Coding theory and cryptography,2103,3139,119603,17583.170990694212,26245.161074554988,OpenAlex Works API primary_topic.id and AI-subfield topics.id grouped counts,2026-06-19T23:47:35+00:00
2014,T11130,Coding theory and cryptography,2132,3303,123428,17273.22811679684,26760.54055805814,OpenAlex Works API primary_topic.id and AI-subfield topics.id grouped counts,2026-06-19T23:47:35+00:00
2015,T11130,Coding theory and cryptography,2203,3354,123162,17887.01060392004,27232.425585813806,OpenAlex Works API primary_topic.id and AI-subfield topics.id grouped counts,2026-06-19T23:47:35+00:00
2016,T11130,Coding theory and cryptography,2189,3269,133301,16421.482209435788,24523.44693588195,OpenAlex Works API primary_topic.id and AI-subfield topics.id grouped counts,2026-06-19T23:47:35+00:00
2017,T11130,Coding theory and cryptography,2220,3266,135900,16335.540838852097,24032.376747608534,OpenAlex Works API primary_topic.id and AI-subfield topics.id grouped counts,2026-06-19T23:47:35+00:00
2018,T11130,Coding theory and cryptography,2042,3067,151657,13464.594446679019,20223.266977455707,OpenAlex Works API primary_topic.id and AI-subfield topics.id grouped counts,2026-06-19T23:47:35+00:00
2019,T11130,Coding theory and cryptography,2143,3219,170876,12541.257988248788,18838.221868489432,OpenAlex Works API primary_topic.id and AI-subfield topics.id grouped counts,2026-06-19T23:47:35+00:00
2020,T11130,Coding theory and cryptography,2172,3258,187432,11588.202654829485,17382.30398224423,OpenAlex Works API primary_topic.id and AI-subfield topics.id grouped counts,2026-06-19T23:47:35+00:00
2021,T11130,Coding theory and cryptography,2172,3221,188280,11536.010197578074,17107.49946887614,OpenAlex Works API primary_topic.id and AI-subfield topics.id grouped counts,2026-06-19T23:47:35+00:00
2022,T11130,Coding theory and cryptography,2092,3090,182108,11487.688624332814,16967.95308278604,OpenAlex Works API primary_topic.id and AI-subfield topics.id grouped counts,2026-06-19T23:47:35+00:00
2023,T11130,Coding theory and cryptography,2114,3189,213149,9917.944724113178,14961.365054492397,OpenAlex Works API primary_topic.id and AI-subfield topics.id grouped counts,2026-06-19T23:47:35+00:00
2024,T11130,Coding theory and cryptography,1968,2730,233624,8423.79207615656,11685.443276375714,OpenAlex Works API primary_topic.id and AI-subfield topics.id grouped counts,2026-06-19T23:47:35+00:00
2025,T11130,Coding theory and cryptography,1895,2800,287086,6600.809513525564,9753.17500679239,OpenAlex Works API primary_topic.id and AI-subfield topics.id grouped counts,2026-06-19T23:47:35+00:00
2026,T11130,Coding theory and cryptography,1320,1980,214412,6156.37184485943,9234.557767289145,OpenAlex Works API primary_topic.id and AI-subfield topics.id grouped counts,2026-06-19T23:47:35+00:00
1990,T11689,Adversarial Robustness in Machine Learning,1,8,21171,47.23442444853809,377.87539558830474,OpenAlex Works API primary_topic.id and AI-subfield topics.id grouped counts,2026-06-19T23:47:35+00:00
1991,T11689,Adversarial Robustness in Machine Learning,9,16,22358,402.54047768136684,715.6275158779855,OpenAlex Works API primary_topic.id and AI-subfield topics.id grouped counts,2026-06-19T23:47:35+00:00
1992,T11689,Adversarial Robustness in Machine Learning,13,25,23668,549.264830150414,1056.278519520027,OpenAlex Works API primary_topic.id and AI-subfield topics.id grouped counts,2026-06-19T23:47:35+00:00
1993,T11689,Adversarial Robustness in Machine Learning,8,13,25174,317.78819416858664,516.4058155239534,OpenAlex Works API primary_topic.id and AI-subfield topics.id grouped counts,2026-06-19T23:47:35+00:00
1994,T11689,Adversarial Robustness in Machine Learning,10,19,26808,373.02297821545807,708.7436586093703,OpenAlex Works API primary_topic.id and AI-subfield topics.id grouped counts,2026-06-19T23:47:35+00:00
1995,T11689,Adversarial Robustness in Machine Learning,11,20,26910,408.7699739873653,743.2181345224824,OpenAlex Works API primary_topic.id and AI-subfield topics.id grouped counts,2026-06-19T23:47:35+00:00
1996,T11689,Adversarial Robustness in Machine Learning,7,18,29167,239.99725717420372,617.1358041622381,OpenAlex Works API primary_topic.id and AI-subfield topics.id grouped counts,2026-06-19T23:47:35+00:00
1997,T11689,Adversarial Robustness in Machine Learning,11,23,29921,367.6347715651215,768.6908859997995,OpenAlex Works API primary_topic.id and AI-subfield topics.id grouped counts,2026-06-19T23:47:35+00:00
1998,T11689,Adversarial Robustness in Machine Learning,11,19,31737,346.59860730377795,598.6703217065256,OpenAlex Works API primary_topic.id and AI-subfield topics.id grouped counts,2026-06-19T23:47:35+00:00
1999,T11689,Adversarial Robustness in Machine Learning,15,25,33899,442.49092893595684,737.484881559928,OpenAlex Works API primary_topic.id and AI-subfield topics.id grouped counts,2026-06-19T23:47:35+00:00
2000,T11689,Adversarial Robustness in Machine Learning,25,38,41542,601.8005873573733,914.7368927832074,OpenAlex Works API primary_topic.id and AI-subfield topics.id grouped counts,2026-06-19T23:47:35+00:00
2001,T11689,Adversarial Robustness in Machine Learning,16,35,44511,359.46170609512257,786.3224820830806,OpenAlex Works API primary_topic.id and AI-subfield topics.id grouped counts,2026-06-19T23:47:35+00:00
2002,T11689,Adversarial Robustness in Machine Learning,21,44,73689,284.98147620404677,597.1040453799073,OpenAlex Works API primary_topic.id and AI-subfield topics.id grouped counts,2026-06-19T23:47:35+00:00
2003,T11689,Adversarial Robustness in Machine Learning,19,41,67186,282.79701128211235,610.2461822403476,OpenAlex Works API primary_topic.id and AI-subfield topics.id grouped counts,2026-06-19T23:47:35+00:00
2004,T11689,Adversarial Robustness in Machine Learning,35,55,70835,494.10602103479914,776.4523187689701,OpenAlex Works API primary_topic.id and AI-subfield topics.id grouped counts,2026-06-19T23:47:35+00:00
2005,T11689,Adversarial Robustness in Machine Learning,24,53,82556,290.7117592906633,641.9884684335482,OpenAlex Works API primary_topic.id and AI-subfield topics.id grouped counts,2026-06-19T23:47:35+00:00
2006,T11689,Adversarial Robustness in Machine Learning,27,60,89915,300.28360117889116,667.296891508647,OpenAlex Works API primary_topic.id and AI-subfield topics.id grouped counts,2026-06-19T23:47:35+00:00
2007,T11689,Adversarial Robustness in Machine Learning,37,78,94054,393.3910306845004,829.3108214430008,OpenAlex Works API primary_topic.id and AI-subfield topics.id grouped counts,2026-06-19T23:47:35+00:00
2008,T11689,Adversarial Robustness in Machine Learning,33,78,97967,336.848122326906,796.186470954505,OpenAlex Works API primary_topic.id and AI-subfield topics.id grouped counts,2026-06-19T23:47:35+00:00
2009,T11689,Adversarial Robustness in Machine Learning,30,78,104332,287.5436107809685,747.613388030518,OpenAlex Works API primary_topic.id and AI-subfield topics.id grouped counts,2026-06-19T23:47:35+00:00
2010,T11689,Adversarial Robustness in Machine Learning,47,112,110997,423.4348676090345,1009.0362802598269,OpenAlex Works API primary_topic.id and AI-subfield topics.id grouped counts,2026-06-19T23:47:35+00:00
2011,T11689,Adversarial Robustness in Machine Learning,63,126,113882,553.2041938146502,1106.4083876293005,OpenAlex Works API primary_topic.id and AI-subfield topics.id grouped counts,2026-06-19T23:47:35+00:00
2012,T11689,Adversarial Robustness in Machine Learning,55,148,117229,469.1671855940083,1262.4862448711497,OpenAlex Works API primary_topic.id and AI-subfield topics.id grouped counts,2026-06-19T23:47:35+00:00
2013,T11689,Adversarial Robustness in Machine Learning,78,162,119603,652.1575545763902,1354.4810748894258,OpenAlex Works API primary_topic.id and AI-subfield topics.id grouped counts,2026-06-19T23:47:35+00:00
2014,T11689,Adversarial Robustness in Machine Learning,90,168,123428,729.1700424539002,1361.1174125806137,OpenAlex Works API primary_topic.id and AI-subfield topics.id grouped counts,2026-06-19T23:47:35+00:00
2015,T11689,Adversarial Robustness in Machine Learning,112,266,123162,909.3713970218087,2159.7570679267956,OpenAlex Works API primary_topic.id and AI-subfield topics.id grouped counts,2026-06-19T23:47:35+00:00
2016,T11689,Adversarial Robustness in Machine Learning,260,498,133301,1950.4729897000022,3735.90595719462,OpenAlex Works API primary_topic.id and AI-subfield topics.id grouped counts,2026-06-19T23:47:35+00:00
2017,T11689,Adversarial Robustness in Machine Learning,574,1010,135900,4223.693892568065,7431.935246504783,OpenAlex Works API primary_topic.id and AI-subfield topics.id grouped counts,2026-06-19T23:47:35+00:00
2018,T11689,Adversarial Robustness in Machine Learning,1569,2435,151657,10345.714342232803,16055.96840238169,OpenAlex Works API primary_topic.id and AI-subfield topics.id grouped counts,2026-06-19T23:47:35+00:00
2019,T11689,Adversarial Robustness in Machine Learning,2675,4166,170876,15654.626746880778,24380.252346730962,OpenAlex Works API primary_topic.id and AI-subfield topics.id grouped counts,2026-06-19T23:47:35+00:00
2020,T11689,Adversarial Robustness in Machine Learning,4026,6271,187432,21479.790003841394,33457.4672414529,OpenAlex Works API primary_topic.id and AI-subfield topics.id grouped counts,2026-06-19T23:47:35+00:00
2021,T11689,Adversarial Robustness in Machine Learning,4963,8018,188280,26359.677076694283,42585.51094115148,OpenAlex Works API primary_topic.id and AI-subfield topics.id grouped counts,2026-06-19T23:47:35+00:00
2022,T11689,Adversarial Robustness in Machine Learning,4911,7759,182108,26967.51378302985,42606.58510334526,OpenAlex Works API primary_topic.id and AI-subfield topics.id grouped counts,2026-06-19T23:47:35+00:00
2023,T11689,Adversarial Robustness in Machine Learning,5884,9435,213149,27605.102533908204,44264.81006244458,OpenAlex Works API primary_topic.id and AI-subfield topics.id grouped counts,2026-06-19T23:47:35+00:00
2024,T11689,Adversarial Robustness in Machine Learning,5123,7684,233624,21928.39776735267,32890.45645995275,OpenAlex Works API primary_topic.id and AI-subfield topics.id grouped counts,2026-06-19T23:47:35+00:00
2025,T11689,Adversarial Robustness in Machine Learning,8446,13746,287086,29419.755752631616,47881.12272977435,OpenAlex Works API primary_topic.id and AI-subfield topics.id grouped counts,2026-06-19T23:47:35+00:00
2026,T11689,Adversarial Robustness in Machine Learning,11231,18711,214412,52380.46378001232,87266.5709008824,OpenAlex Works API primary_topic.id and AI-subfield topics.id grouped counts,2026-06-19T23:47:35+00:00
1990,T11902,Intelligent Tutoring Systems and Adaptive Learning,514,636,21171,24278.494166548582,30041.09394927023,OpenAlex Works API primary_topic.id and AI-subfield topics.id grouped counts,2026-06-19T23:47:35+00:00
1991,T11902,Intelligent Tutoring Systems and Adaptive Learning,442,555,22358,19769.21012612935,24823.329457017622,OpenAlex Works API primary_topic.id and AI-subfield topics.id grouped counts,2026-06-19T23:47:35+00:00
1992,T11902,Intelligent Tutoring Systems and Adaptive Learning,551,697,23668,23280.378570221394,29449.045124218355,OpenAlex Works API primary_topic.id and AI-subfield topics.id grouped counts,2026-06-19T23:47:35+00:00
1993,T11902,Intelligent Tutoring Systems and Adaptive Learning,420,536,25174,16683.880193850797,21291.809009295306,OpenAlex Works API primary_topic.id and AI-subfield topics.id grouped counts,2026-06-19T23:47:35+00:00
1994,T11902,Intelligent Tutoring Systems and Adaptive Learning,476,589,26808,17755.893763055803,21971.05341689048,OpenAlex Works API primary_topic.id and AI-subfield topics.id grouped counts,2026-06-19T23:47:35+00:00
1995,T11902,Intelligent Tutoring Systems and Adaptive Learning,399,504,26910,14827.201783723523,18729.096989966554,OpenAlex Works API primary_topic.id and AI-subfield topics.id grouped counts,2026-06-19T23:47:35+00:00
1996,T11902,Intelligent Tutoring Systems and Adaptive Learning,450,548,29167,15428.395104055953,18788.356704494807,OpenAlex Works API primary_topic.id and AI-subfield topics.id grouped counts,2026-06-19T23:47:35+00:00
1997,T11902,Intelligent Tutoring Systems and Adaptive Learning,424,512,29921,14170.649376691956,17111.72754921293,OpenAlex Works API primary_topic.id and AI-subfield topics.id grouped counts,2026-06-19T23:47:35+00:00
1998,T11902,Intelligent Tutoring Systems and Adaptive Learning,490,612,31737,15439.39250716829,19283.48615181019,OpenAlex Works API primary_topic.id and AI-subfield topics.id grouped counts,2026-06-19T23:47:35+00:00
1999,T11902,Intelligent Tutoring Systems and Adaptive Learning,466,550,33899,13746.718192277058,16224.667394318416,OpenAlex Works API primary_topic.id and AI-subfield topics.id grouped counts,2026-06-19T23:47:35+00:00
2000,T11902,Intelligent Tutoring Systems and Adaptive Learning,547,671,41542,13167.396851379328,16152.3277646719,OpenAlex Works API primary_topic.id and AI-subfield topics.id grouped counts,2026-06-19T23:47:35+00:00
2001,T11902,Intelligent Tutoring Systems and Adaptive Learning,478,591,44511,10738.918469591787,13277.616768888589,OpenAlex Works API primary_topic.id and AI-subfield topics.id grouped counts,2026-06-19T23:47:35+00:00
2002,T11902,Intelligent Tutoring Systems and Adaptive Learning,694,873,73689,9417.959261219448,11847.0870821968,OpenAlex Works API primary_topic.id and AI-subfield topics.id grouped counts,2026-06-19T23:47:35+00:00
2003,T11902,Intelligent Tutoring Systems and Adaptive Learning,689,873,67186,10255.112672282916,12993.778465751793,OpenAlex Works API primary_topic.id and AI-subfield topics.id grouped counts,2026-06-19T23:47:35+00:00
2004,T11902,Intelligent Tutoring Systems and Adaptive Learning,775,945,70835,10940.919037199124,13340.862567939577,OpenAlex Works API primary_topic.id and AI-subfield topics.id grouped counts,2026-06-19T23:47:35+00:00
2005,T11902,Intelligent Tutoring Systems and Adaptive Learning,807,1019,82556,9775.182906148553,12343.136779882747,OpenAlex Works API primary_topic.id and AI-subfield topics.id grouped counts,2026-06-19T23:47:35+00:00
2006,T11902,Intelligent Tutoring Systems and Adaptive Learning,881,1054,89915,9798.142690318635,11722.182060835234,OpenAlex Works API primary_topic.id and AI-subfield topics.id grouped counts,2026-06-19T23:47:35+00:00
2007,T11902,Intelligent Tutoring Systems and Adaptive Learning,952,1146,94054,10121.84489761201,12184.489761201012,OpenAlex Works API primary_topic.id and AI-subfield topics.id grouped counts,2026-06-19T23:47:35+00:00
2008,T11902,Intelligent Tutoring Systems and Adaptive Learning,992,1152,97967,10125.858707523963,11759.061724866537,OpenAlex Works API primary_topic.id and AI-subfield topics.id grouped counts,2026-06-19T23:47:35+00:00
2009,T11902,Intelligent Tutoring Systems and Adaptive Learning,1055,1262,104332,10111.950312464058,12096.00122685274,OpenAlex Works API primary_topic.id and AI-subfield topics.id grouped counts,2026-06-19T23:47:35+00:00
2010,T11902,Intelligent Tutoring Systems and Adaptive Learning,1189,1423,110997,10712.00122525834,12820.166310801193,OpenAlex Works API primary_topic.id and AI-subfield topics.id grouped counts,2026-06-19T23:47:35+00:00
2011,T11902,Intelligent Tutoring Systems and Adaptive Learning,1284,1519,113882,11274.828331079538,13338.367784197677,OpenAlex Works API primary_topic.id and AI-subfield topics.id grouped counts,2026-06-19T23:47:35+00:00
2012,T11902,Intelligent Tutoring Systems and Adaptive Learning,1381,1621,117229,11780.361514642282,13827.636506325227,OpenAlex Works API primary_topic.id and AI-subfield topics.id grouped counts,2026-06-19T23:47:35+00:00
2013,T11902,Intelligent Tutoring Systems and Adaptive Learning,1331,1574,119603,11128.483399245837,13160.205011579978,OpenAlex Works API primary_topic.id and AI-subfield topics.id grouped counts,2026-06-19T23:47:35+00:00
2014,T11902,Intelligent Tutoring Systems and Adaptive Learning,1354,1600,123428,10969.9581942509,12963.022976958227,OpenAlex Works API primary_topic.id and AI-subfield topics.id grouped counts,2026-06-19T23:47:35+00:00
2015,T11902,Intelligent Tutoring Systems and Adaptive Learning,1346,1591,123162,10928.695539208522,12917.945470193728,OpenAlex Works API primary_topic.id and AI-subfield topics.id grouped counts,2026-06-19T23:47:35+00:00
2016,T11902,Intelligent Tutoring Systems and Adaptive Learning,1356,1596,133301,10172.466823204628,11972.90342908155,OpenAlex Works API primary_topic.id and AI-subfield topics.id grouped counts,2026-06-19T23:47:35+00:00
2017,T11902,Intelligent Tutoring Systems and Adaptive Learning,1355,1567,135900,9970.56659308315,11530.537159676232,OpenAlex Works API primary_topic.id and AI-subfield topics.id grouped counts,2026-06-19T23:47:35+00:00
2018,T11902,Intelligent Tutoring Systems and Adaptive Learning,1443,1729,151657,9514.892157961714,11400.726639719895,OpenAlex Works API primary_topic.id and AI-subfield topics.id grouped counts,2026-06-19T23:47:35+00:00
2019,T11902,Intelligent Tutoring Systems and Adaptive Learning,1346,1630,170876,7877.057047215525,9539.080970996512,OpenAlex Works API primary_topic.id and AI-subfield topics.id grouped counts,2026-06-19T23:47:35+00:00
2020,T11902,Intelligent Tutoring Systems and Adaptive Learning,1555,1858,187432,8296.342140082803,9912.92842204106,OpenAlex Works API primary_topic.id and AI-subfield topics.id grouped counts,2026-06-19T23:47:35+00:00
2021,T11902,Intelligent Tutoring Systems and Adaptive Learning,1072,1330,188280,5693.647758657319,7063.947312513278,OpenAlex Works API primary_topic.id and AI-subfield topics.id grouped counts,2026-06-19T23:47:35+00:00
2022,T11902,Intelligent Tutoring Systems and Adaptive Learning,978,1256,182108,5370.439519406067,6897.006172161575,OpenAlex Works API primary_topic.id and AI-subfield topics.id grouped counts,2026-06-19T23:47:35+00:00
2023,T11902,Intelligent Tutoring Systems and Adaptive Learning,1233,1626,213149,5784.68583010007,7628.466471810799,OpenAlex Works API primary_topic.id and AI-subfield topics.id grouped counts,2026-06-19T23:47:35+00:00
2024,T11902,Intelligent Tutoring Systems and Adaptive Learning,2549,3395,233624,10910.694106769852,14531.897407800569,OpenAlex Works API primary_topic.id and AI-subfield topics.id grouped counts,2026-06-19T23:47:35+00:00
2025,T11902,Intelligent Tutoring Systems and Adaptive Learning,5156,6869,287086,17959.775119650556,23926.628257734617,OpenAlex Works API primary_topic.id and AI-subfield topics.id grouped counts,2026-06-19T23:47:35+00:00
2026,T11902,Intelligent Tutoring Systems and Adaptive Learning,4918,6732,214412,22937.149040165663,31397.49640878309,OpenAlex Works API primary_topic.id and AI-subfield topics.id grouped counts,2026-06-19T23:47:35+00:00
1990,T10639,Advanced Software Engineering Methodologies,236,341,21171,11147.32416985499,16106.93873695149,OpenAlex Works API primary_topic.id and AI-subfield topics.id grouped counts,2026-06-19T23:47:35+00:00
1991,T10639,Advanced Software Engineering Methodologies,274,378,22358,12255.121209410501,16906.70006261741,OpenAlex Works API primary_topic.id and AI-subfield topics.id grouped counts,2026-06-19T23:47:35+00:00
1992,T10639,Advanced Software Engineering Methodologies,296,403,23668,12506.33767111712,17027.209734662836,OpenAlex Works API primary_topic.id and AI-subfield topics.id grouped counts,2026-06-19T23:47:35+00:00
1993,T10639,Advanced Software Engineering Methodologies,290,402,25174,11519.822038611266,15968.856756971478,OpenAlex Works API primary_topic.id and AI-subfield topics.id grouped counts,2026-06-19T23:47:35+00:00
1994,T10639,Advanced Software Engineering Methodologies,270,394,26808,10071.620411817368,14697.105341689048,OpenAlex Works API primary_topic.id and AI-subfield topics.id grouped counts,2026-06-19T23:47:35+00:00
1995,T10639,Advanced Software Engineering Methodologies,381,497,26910,14158.305462653288,18468.970642883683,OpenAlex Works API primary_topic.id and AI-subfield topics.id grouped counts,2026-06-19T23:47:35+00:00
1996,T10639,Advanced Software Engineering Methodologies,464,584,29167,15908.38961840436,20022.62831281928,OpenAlex Works API primary_topic.id and AI-subfield topics.id grouped counts,2026-06-19T23:47:35+00:00
1997,T10639,Advanced Software Engineering Methodologies,433,569,29921,14471.441462517965,19016.744092777648,OpenAlex Works API primary_topic.id and AI-subfield topics.id grouped counts,2026-06-19T23:47:35+00:00
1998,T10639,Advanced Software Engineering Methodologies,579,732,31737,18243.690329898855,23064.561867851404,OpenAlex Works API primary_topic.id and AI-subfield topics.id grouped counts,2026-06-19T23:47:35+00:00
1999,T10639,Advanced Software Engineering Methodologies,694,867,33899,20472.5803121036,25575.9756924983,OpenAlex Works API primary_topic.id and AI-subfield topics.id grouped counts,2026-06-19T23:47:35+00:00
2000,T10639,Advanced Software Engineering Methodologies,839,1014,41542,20196.427711713448,24409.03182321506,OpenAlex Works API primary_topic.id and AI-subfield topics.id grouped counts,2026-06-19T23:47:35+00:00
2001,T10639,Advanced Software Engineering Methodologies,890,1053,44511,19995.05740154119,23657.073532385253,OpenAlex Works API primary_topic.id and AI-subfield topics.id grouped counts,2026-06-19T23:47:35+00:00
2002,T10639,Advanced Software Engineering Methodologies,2361,2700,73689,32040.060253226402,36640.47551194886,OpenAlex Works API primary_topic.id and AI-subfield topics.id grouped counts,2026-06-19T23:47:35+00:00
2003,T10639,Advanced Software Engineering Methodologies,1814,2085,67186,26999.67255082904,31033.250974905484,OpenAlex Works API primary_topic.id and AI-subfield topics.id grouped counts,2026-06-19T23:47:35+00:00
2004,T10639,Advanced Software Engineering Methodologies,2035,2285,70835,28728.735794451895,32258.06451612903,OpenAlex Works API primary_topic.id and AI-subfield topics.id grouped counts,2026-06-19T23:47:35+00:00
2005,T10639,Advanced Software Engineering Methodologies,2258,2565,82556,27351.131353263238,31069.819274189642,OpenAlex Works API primary_topic.id and AI-subfield topics.id grouped counts,2026-06-19T23:47:35+00:00
2006,T10639,Advanced Software Engineering Methodologies,2427,2739,89915,26992.159261524772,30462.103097369738,OpenAlex Works API primary_topic.id and AI-subfield topics.id grouped counts,2026-06-19T23:47:35+00:00
2007,T10639,Advanced Software Engineering Methodologies,2343,2653,94054,24911.221213345525,28207.200119080528,OpenAlex Works API primary_topic.id and AI-subfield topics.id grouped counts,2026-06-19T23:47:35+00:00
2008,T10639,Advanced Software Engineering Methodologies,2432,2706,97967,24824.685863607134,27621.54603080629,OpenAlex Works API primary_topic.id and AI-subfield topics.id grouped counts,2026-06-19T23:47:35+00:00
2009,T10639,Advanced Software Engineering Methodologies,2277,2568,104332,21824.560058275507,24613.7330828509,OpenAlex Works API primary_topic.id and AI-subfield topics.id grouped counts,2026-06-19T23:47:35+00:00
2010,T10639,Advanced Software Engineering Methodologies,2392,2653,110997,21550.13198554916,23901.546888654648,OpenAlex Works API primary_topic.id and AI-subfield topics.id grouped counts,2026-06-19T23:47:35+00:00
2011,T10639,Advanced Software Engineering Methodologies,2379,2644,113882,20890.044080715124,23217.014102316432,OpenAlex Works API primary_topic.id and AI-subfield topics.id grouped counts,2026-06-19T23:47:35+00:00
2012,T10639,Advanced Software Engineering Methodologies,2325,2565,117229,19832.976481928534,21880.25147361148,OpenAlex Works API primary_topic.id and AI-subfield topics.id grouped counts,2026-06-19T23:47:35+00:00
2013,T10639,Advanced Software Engineering Methodologies,2146,2404,119603,17942.69374514017,20099.830271815925,OpenAlex Works API primary_topic.id and AI-subfield topics.id grouped counts,2026-06-19T23:47:35+00:00
2014,T10639,Advanced Software Engineering Methodologies,1997,2189,123428,16179.473053115988,17735.035810350975,OpenAlex Works API primary_topic.id and AI-subfield topics.id grouped counts,2026-06-19T23:47:35+00:00
2015,T10639,Advanced Software Engineering Methodologies,1875,2076,123162,15223.851512641886,16855.848394797096,OpenAlex Works API primary_topic.id and AI-subfield topics.id grouped counts,2026-06-19T23:47:35+00:00
2016,T10639,Advanced Software Engineering Methodologies,1661,1848,133301,12460.521676506552,13863.361865252324,OpenAlex Works API primary_topic.id and AI-subfield topics.id grouped counts,2026-06-19T23:47:35+00:00
2017,T10639,Advanced Software Engineering Methodologies,1368,1506,135900,10066.225165562913,11081.67770419426,OpenAlex Works API primary_topic.id and AI-subfield topics.id grouped counts,2026-06-19T23:47:35+00:00
2018,T10639,Advanced Software Engineering Methodologies,1365,1530,151657,9000.573662936758,10088.555094720323,OpenAlex Works API primary_topic.id and AI-subfield topics.id grouped counts,2026-06-19T23:47:35+00:00
2019,T10639,Advanced Software Engineering Methodologies,1106,1280,170876,6472.529787682295,7490.812050843887,OpenAlex Works API primary_topic.id and AI-subfield topics.id grouped counts,2026-06-19T23:47:35+00:00
2020,T10639,Advanced Software Engineering Methodologies,931,1065,187432,4967.134747535106,5682.060694011695,OpenAlex Works API primary_topic.id and AI-subfield topics.id grouped counts,2026-06-19T23:47:35+00:00
2021,T10639,Advanced Software Engineering Methodologies,817,954,188280,4339.281920543871,5066.921606118547,OpenAlex Works API primary_topic.id and AI-subfield topics.id grouped counts,2026-06-19T23:47:35+00:00
2022,T10639,Advanced Software Engineering Methodologies,726,848,182108,3986.6452874118654,4656.577415599534,OpenAlex Works API primary_topic.id and AI-subfield topics.id grouped counts,2026-06-19T23:47:35+00:00
2023,T10639,Advanced Software Engineering Methodologies,601,712,213149,2819.6238312166606,3340.386302539538,OpenAlex Works API primary_topic.id and AI-subfield topics.id grouped counts,2026-06-19T23:47:35+00:00
2024,T10639,Advanced Software Engineering Methodologies,565,659,233624,2418.4159161729963,2820.7718385097423,OpenAlex Works API primary_topic.id and AI-subfield topics.id grouped counts,2026-06-19T23:47:35+00:00
2025,T10639,Advanced Software Engineering Methodologies,757,1093,287086,2636.8405286220855,3807.221529437172,OpenAlex Works API primary_topic.id and AI-subfield topics.id grouped counts,2026-06-19T23:47:35+00:00
2026,T10639,Advanced Software Engineering Methodologies,1041,1942,214412,4855.138704923232,9057.32888084622,OpenAlex Works API primary_topic.id and AI-subfield topics.id grouped counts,2026-06-19T23:47:35+00:00
1990,T12128,AI in Service Interactions,35,56,21171,1653.2048556988334,2645.1277691181335,OpenAlex Works API primary_topic.id and AI-subfield topics.id grouped counts,2026-06-19T23:47:35+00:00
1991,T12128,AI in Service Interactions,30,45,22358,1341.801592271223,2012.7023884068344,OpenAlex Works API primary_topic.id and AI-subfield topics.id grouped counts,2026-06-19T23:47:35+00:00
1992,T12128,AI in Service Interactions,38,55,23668,1605.543349670441,2323.812742944059,OpenAlex Works API primary_topic.id and AI-subfield topics.id grouped counts,2026-06-19T23:47:35+00:00
1993,T12128,AI in Service Interactions,20,35,25174,794.4704854214666,1390.3233494875665,OpenAlex Works API primary_topic.id and AI-subfield topics.id grouped counts,2026-06-19T23:47:35+00:00
1994,T12128,AI in Service Interactions,30,40,26808,1119.0689346463741,1492.0919128618323,OpenAlex Works API primary_topic.id and AI-subfield topics.id grouped counts,2026-06-19T23:47:35+00:00
1995,T12128,AI in Service Interactions,18,29,26910,668.8963210702341,1077.6662950575994,OpenAlex Works API primary_topic.id and AI-subfield topics.id grouped counts,2026-06-19T23:47:35+00:00
1996,T12128,AI in Service Interactions,29,45,29167,994.2743511502725,1542.8395104055955,OpenAlex Works API primary_topic.id and AI-subfield topics.id grouped counts,2026-06-19T23:47:35+00:00
1997,T12128,AI in Service Interactions,29,53,29921,969.2189432171385,1771.3311720864945,OpenAlex Works API primary_topic.id and AI-subfield topics.id grouped counts,2026-06-19T23:47:35+00:00
1998,T12128,AI in Service Interactions,27,51,31737,850.742036109273,1606.957179317516,OpenAlex Works API primary_topic.id and AI-subfield topics.id grouped counts,2026-06-19T23:47:35+00:00
1999,T12128,AI in Service Interactions,35,60,33899,1032.4788341838992,1769.9637157438274,OpenAlex Works API primary_topic.id and AI-subfield topics.id grouped counts,2026-06-19T23:47:35+00:00
2000,T12128,AI in Service Interactions,55,96,41542,1323.9612921862213,2310.9142554523132,OpenAlex Works API primary_topic.id and AI-subfield topics.id grouped counts,2026-06-19T23:47:35+00:00
2001,T12128,AI in Service Interactions,59,97,44511,1325.5150412257644,2179.2365932016805,OpenAlex Works API primary_topic.id and AI-subfield topics.id grouped counts,2026-06-19T23:47:35+00:00
2002,T12128,AI in Service Interactions,58,128,73689,787.0916961826052,1737.0299501960942,OpenAlex Works API primary_topic.id and AI-subfield topics.id grouped counts,2026-06-19T23:47:35+00:00
2003,T12128,AI in Service Interactions,78,137,67186,1160.9561515791981,2039.1152918762837,OpenAlex Works API primary_topic.id and AI-subfield topics.id grouped counts,2026-06-19T23:47:35+00:00
2004,T12128,AI in Service Interactions,93,166,70835,1312.9102844638949,2343.474271193619,OpenAlex Works API primary_topic.id and AI-subfield topics.id grouped counts,2026-06-19T23:47:35+00:00
2005,T12128,AI in Service Interactions,81,167,82556,981.1521876059886,2022.8693250641986,OpenAlex Works API primary_topic.id and AI-subfield topics.id grouped counts,2026-06-19T23:47:35+00:00
2006,T12128,AI in Service Interactions,75,157,89915,834.1211143858088,1746.0935327809598,OpenAlex Works API primary_topic.id and AI-subfield topics.id grouped counts,2026-06-19T23:47:35+00:00
2007,T12128,AI in Service Interactions,99,196,94054,1052.586811831501,2083.909243626002,OpenAlex Works API primary_topic.id and AI-subfield topics.id grouped counts,2026-06-19T23:47:35+00:00
2008,T12128,AI in Service Interactions,101,194,97967,1030.9594046975003,1980.2586585278714,OpenAlex Works API primary_topic.id and AI-subfield topics.id grouped counts,2026-06-19T23:47:35+00:00
2009,T12128,AI in Service Interactions,113,216,104332,1083.0809339416478,2070.3139976229727,OpenAlex Works API primary_topic.id and AI-subfield topics.id grouped counts,2026-06-19T23:47:35+00:00
2010,T12128,AI in Service Interactions,147,249,110997,1324.3601178410227,2243.3038730776507,OpenAlex Works API primary_topic.id and AI-subfield topics.id grouped counts,2026-06-19T23:47:35+00:00
2011,T12128,AI in Service Interactions,142,243,113882,1246.904690820323,2133.787604713651,OpenAlex Works API primary_topic.id and AI-subfield topics.id grouped counts,2026-06-19T23:47:35+00:00
2012,T12128,AI in Service Interactions,160,268,117229,1364.849994455297,2286.1237407126223,OpenAlex Works API primary_topic.id and AI-subfield topics.id grouped counts,2026-06-19T23:47:35+00:00
2013,T12128,AI in Service Interactions,181,289,119603,1513.339966388803,2416.3273496484203,OpenAlex Works API primary_topic.id and AI-subfield topics.id grouped counts,2026-06-19T23:47:35+00:00
2014,T12128,AI in Service Interactions,200,303,123428,1620.3778721197784,2454.8724762614643,OpenAlex Works API primary_topic.id and AI-subfield topics.id grouped counts,2026-06-19T23:47:35+00:00
2015,T12128,AI in Service Interactions,161,259,123162,1307.22138321885,2102.9213556129325,OpenAlex Works API primary_topic.id and AI-subfield topics.id grouped counts,2026-06-19T23:47:35+00:00
2016,T12128,AI in Service Interactions,276,425,133301,2070.5020967584637,3188.2731562403883,OpenAlex Works API primary_topic.id and AI-subfield topics.id grouped counts,2026-06-19T23:47:35+00:00
2017,T12128,AI in Service Interactions,407,577,135900,2994.8491537895516,4245.768947755702,OpenAlex Works API primary_topic.id and AI-subfield topics.id grouped counts,2026-06-19T23:47:35+00:00
2018,T12128,AI in Service Interactions,834,1067,151657,5499.25160065147,7035.613258867049,OpenAlex Works API primary_topic.id and AI-subfield topics.id grouped counts,2026-06-19T23:47:35+00:00
2019,T12128,AI in Service Interactions,1194,1495,170876,6987.523116177813,8749.034387509071,OpenAlex Works API primary_topic.id and AI-subfield topics.id grouped counts,2026-06-19T23:47:35+00:00
2020,T12128,AI in Service Interactions,1666,2026,187432,8888.556916641768,10809.25348926544,OpenAlex Works API primary_topic.id and AI-subfield topics.id grouped counts,2026-06-19T23:47:35+00:00
2021,T12128,AI in Service Interactions,1847,2201,188280,9809.857658806033,11690.03611642235,OpenAlex Works API primary_topic.id and AI-subfield topics.id grouped counts,2026-06-19T23:47:35+00:00
2022,T12128,AI in Service Interactions,2228,2647,182108,12234.498209853495,14535.330682891472,OpenAlex Works API primary_topic.id and AI-subfield topics.id grouped counts,2026-06-19T23:47:35+00:00
2023,T12128,AI in Service Interactions,3279,3915,213149,15383.60489610554,18367.433110171754,OpenAlex Works API primary_topic.id and AI-subfield topics.id grouped counts,2026-06-19T23:47:35+00:00
2024,T12128,AI in Service Interactions,5884,6556,233624,25185.768585419308,28062.18539191179,OpenAlex Works API primary_topic.id and AI-subfield topics.id grouped counts,2026-06-19T23:47:35+00:00
2025,T12128,AI in Service Interactions,11454,13039,287086,39897.452331357155,45418.44604055927,OpenAlex Works API primary_topic.id and AI-subfield topics.id grouped counts,2026-06-19T23:47:35+00:00
2026,T12128,AI in Service Interactions,11053,12796,214412,51550.28636456915,59679.49555062217,OpenAlex Works API primary_topic.id and AI-subfield topics.id grouped counts,2026-06-19T23:47:35+00:00
1990,T10462,Reinforcement Learning in Robotics,35,62,21171,1653.2048556988334,2928.534315809362,OpenAlex Works API primary_topic.id and AI-subfield topics.id grouped counts,2026-06-19T23:47:35+00:00
1991,T10462,Reinforcement Learning in Robotics,51,86,22358,2281.062706861079,3846.4978978441723,OpenAlex Works API primary_topic.id and AI-subfield topics.id grouped counts,2026-06-19T23:47:35+00:00
1992,T10462,Reinforcement Learning in Robotics,66,103,23668,2788.5752915328712,4351.8675004225115,OpenAlex Works API primary_topic.id and AI-subfield topics.id grouped counts,2026-06-19T23:47:35+00:00
1993,T10462,Reinforcement Learning in Robotics,62,122,25174,2462.8585048065465,4846.269961070946,OpenAlex Works API primary_topic.id and AI-subfield topics.id grouped counts,2026-06-19T23:47:35+00:00
1994,T10462,Reinforcement Learning in Robotics,91,165,26808,3394.5091017606683,6154.879140555058,OpenAlex Works API primary_topic.id and AI-subfield topics.id grouped counts,2026-06-19T23:47:35+00:00
1995,T10462,Reinforcement Learning in Robotics,97,181,26910,3604.6079524340394,6726.124117428465,OpenAlex Works API primary_topic.id and AI-subfield topics.id grouped counts,2026-06-19T23:47:35+00:00
1996,T10462,Reinforcement Learning in Robotics,133,259,29167,4559.947886309871,8879.898515445537,OpenAlex Works API primary_topic.id and AI-subfield topics.id grouped counts,2026-06-19T23:47:35+00:00
1997,T10462,Reinforcement Learning in Robotics,155,252,29921,5180.308144781257,8422.178403128239,OpenAlex Works API primary_topic.id and AI-subfield topics.id grouped counts,2026-06-19T23:47:35+00:00
1998,T10462,Reinforcement Learning in Robotics,199,340,31737,6270.283895768346,10713.047862116771,OpenAlex Works API primary_topic.id and AI-subfield topics.id grouped counts,2026-06-19T23:47:35+00:00
1999,T10462,Reinforcement Learning in Robotics,187,335,33899,5516.386914068262,9882.297412903035,OpenAlex Works API primary_topic.id and AI-subfield topics.id grouped counts,2026-06-19T23:47:35+00:00
2000,T10462,Reinforcement Learning in Robotics,198,358,41542,4766.260651870396,8617.784410957585,OpenAlex Works API primary_topic.id and AI-subfield topics.id grouped counts,2026-06-19T23:47:35+00:00
2001,T10462,Reinforcement Learning in Robotics,277,457,44511,6223.180786771809,10267.124980341938,OpenAlex Works API primary_topic.id and AI-subfield topics.id grouped counts,2026-06-19T23:47:35+00:00
2002,T10462,Reinforcement Learning in Robotics,512,877,73689,6948.119800784377,11901.369268140428,OpenAlex Works API primary_topic.id and AI-subfield topics.id grouped counts,2026-06-19T23:47:35+00:00
2003,T10462,Reinforcement Learning in Robotics,474,778,67186,7055.041228827434,11579.793409341233,OpenAlex Works API primary_topic.id and AI-subfield topics.id grouped counts,2026-06-19T23:47:35+00:00
2004,T10462,Reinforcement Learning in Robotics,494,806,70835,6973.953554034022,11378.555798687088,OpenAlex Works API primary_topic.id and AI-subfield topics.id grouped counts,2026-06-19T23:47:35+00:00
2005,T10462,Reinforcement Learning in Robotics,494,840,82556,5983.817045399486,10174.911575173217,OpenAlex Works API primary_topic.id and AI-subfield topics.id grouped counts,2026-06-19T23:47:35+00:00
2006,T10462,Reinforcement Learning in Robotics,555,887,89915,6172.496246454985,9864.8723794695,OpenAlex Works API primary_topic.id and AI-subfield topics.id grouped counts,2026-06-19T23:47:35+00:00
2007,T10462,Reinforcement Learning in Robotics,637,1029,94054,6772.705041784507,10940.52352903651,OpenAlex Works API primary_topic.id and AI-subfield topics.id grouped counts,2026-06-19T23:47:35+00:00
2008,T10462,Reinforcement Learning in Robotics,657,1066,97967,6706.3398899629465,10881.215103044902,OpenAlex Works API primary_topic.id and AI-subfield topics.id grouped counts,2026-06-19T23:47:35+00:00
2009,T10462,Reinforcement Learning in Robotics,651,1060,104332,6239.696353947015,10159.874247594218,OpenAlex Works API primary_topic.id and AI-subfield topics.id grouped counts,2026-06-19T23:47:35+00:00
2010,T10462,Reinforcement Learning in Robotics,680,1118,110997,6126.29170157752,10072.344297593629,OpenAlex Works API primary_topic.id and AI-subfield topics.id grouped counts,2026-06-19T23:47:35+00:00
2011,T10462,Reinforcement Learning in Robotics,648,1083,113882,5690.1002792364025,9509.843522242321,OpenAlex Works API primary_topic.id and AI-subfield topics.id grouped counts,2026-06-19T23:47:35+00:00
2012,T10462,Reinforcement Learning in Robotics,814,1231,117229,6943.674346791323,10500.81464484044,OpenAlex Works API primary_topic.id and AI-subfield topics.id grouped counts,2026-06-19T23:47:35+00:00
2013,T10462,Reinforcement Learning in Robotics,760,1176,119603,6354.355659975084,9832.529284382497,OpenAlex Works API primary_topic.id and AI-subfield topics.id grouped counts,2026-06-19T23:47:35+00:00
2014,T10462,Reinforcement Learning in Robotics,699,1126,123428,5663.220663058625,9122.72742003435,OpenAlex Works API primary_topic.id and AI-subfield topics.id grouped counts,2026-06-19T23:47:35+00:00
2015,T10462,Reinforcement Learning in Robotics,706,1167,123162,5732.287556226758,9475.32518146831,OpenAlex Works API primary_topic.id and AI-subfield topics.id grouped counts,2026-06-19T23:47:35+00:00
2016,T10462,Reinforcement Learning in Robotics,917,1384,133301,6879.168198288085,10382.517760556933,OpenAlex Works API primary_topic.id and AI-subfield topics.id grouped counts,2026-06-19T23:47:35+00:00
2017,T10462,Reinforcement Learning in Robotics,1170,1696,135900,8609.271523178808,12479.764532744664,OpenAlex Works API primary_topic.id and AI-subfield topics.id grouped counts,2026-06-19T23:47:35+00:00
2018,T10462,Reinforcement Learning in Robotics,1915,2682,151657,12627.17843554864,17684.64363662739,OpenAlex Works API primary_topic.id and AI-subfield topics.id grouped counts,2026-06-19T23:47:35+00:00
2019,T10462,Reinforcement Learning in Robotics,2784,3590,170876,16292.516210585456,21009.386923851212,OpenAlex Works API primary_topic.id and AI-subfield topics.id grouped counts,2026-06-19T23:47:35+00:00
2020,T10462,Reinforcement Learning in Robotics,3224,4157,187432,17200.904861496438,22178.710145546116,OpenAlex Works API primary_topic.id and AI-subfield topics.id grouped counts,2026-06-19T23:47:35+00:00
2021,T10462,Reinforcement Learning in Robotics,3880,4934,188280,20607.605693647758,26205.65115785001,OpenAlex Works API primary_topic.id and AI-subfield topics.id grouped counts,2026-06-19T23:47:35+00:00
2022,T10462,Reinforcement Learning in Robotics,3402,4317,182108,18681.222131921717,23705.713093329232,OpenAlex Works API primary_topic.id and AI-subfield topics.id grouped counts,2026-06-19T23:47:35+00:00
2023,T10462,Reinforcement Learning in Robotics,3735,4808,213149,17522.95342694547,22556.990649733285,OpenAlex Works API primary_topic.id and AI-subfield topics.id grouped counts,2026-06-19T23:47:35+00:00
2024,T10462,Reinforcement Learning in Robotics,3330,4367,233624,14253.67256788686,18692.428860048625,OpenAlex Works API primary_topic.id and AI-subfield topics.id grouped counts,2026-06-19T23:47:35+00:00
2025,T10462,Reinforcement Learning in Robotics,5165,7021,287086,17991.124610743816,24456.086329531918,OpenAlex Works API primary_topic.id and AI-subfield topics.id grouped counts,2026-06-19T23:47:35+00:00
2026,T10462,Reinforcement Learning in Robotics,6582,9146,214412,30697.908699139974,42656.19461597299,OpenAlex Works API primary_topic.id and AI-subfield topics.id grouped counts,2026-06-19T23:47:35+00:00
1990,T10456,Multi-Agent Systems and Negotiation,206,502,21171,9730.291436398848,23711.681073166124,OpenAlex Works API primary_topic.id and AI-subfield topics.id grouped counts,2026-06-19T23:47:35+00:00
1991,T10456,Multi-Agent Systems and Negotiation,224,565,22358,10018.785222291797,25270.59665444136,OpenAlex Works API primary_topic.id and AI-subfield topics.id grouped counts,2026-06-19T23:47:35+00:00
1992,T10456,Multi-Agent Systems and Negotiation,249,615,23668,10520.53405441947,25984.45158019267,OpenAlex Works API primary_topic.id and AI-subfield topics.id grouped counts,2026-06-19T23:47:35+00:00
1993,T10456,Multi-Agent Systems and Negotiation,281,675,25174,11162.310320171606,26813.3788829745,OpenAlex Works API primary_topic.id and AI-subfield topics.id grouped counts,2026-06-19T23:47:35+00:00
1994,T10456,Multi-Agent Systems and Negotiation,331,785,26808,12347.060578931663,29282.30378991346,OpenAlex Works API primary_topic.id and AI-subfield topics.id grouped counts,2026-06-19T23:47:35+00:00
1995,T10456,Multi-Agent Systems and Negotiation,423,875,26910,15719.063545150502,32515.7933853586,OpenAlex Works API primary_topic.id and AI-subfield topics.id grouped counts,2026-06-19T23:47:35+00:00
1996,T10456,Multi-Agent Systems and Negotiation,540,1013,29167,18514.074124867144,34731.031645352625,OpenAlex Works API primary_topic.id and AI-subfield topics.id grouped counts,2026-06-19T23:47:35+00:00
1997,T10456,Multi-Agent Systems and Negotiation,673,1216,29921,22492.563751211525,40640.3529293807,OpenAlex Works API primary_topic.id and AI-subfield topics.id grouped counts,2026-06-19T23:47:35+00:00
1998,T10456,Multi-Agent Systems and Negotiation,726,1247,31737,22875.508082049342,39291.67848252828,OpenAlex Works API primary_topic.id and AI-subfield topics.id grouped counts,2026-06-19T23:47:35+00:00
1999,T10456,Multi-Agent Systems and Negotiation,943,1491,33899,27817.929732440483,43983.59833623411,OpenAlex Works API primary_topic.id and AI-subfield topics.id grouped counts,2026-06-19T23:47:35+00:00
2000,T10456,Multi-Agent Systems and Negotiation,1066,1742,41542,25660.777044918395,41933.464927061774,OpenAlex Works API primary_topic.id and AI-subfield topics.id grouped counts,2026-06-19T23:47:35+00:00
2001,T10456,Multi-Agent Systems and Negotiation,1208,1841,44511,27139.358810181755,41360.56255757004,OpenAlex Works API primary_topic.id and AI-subfield topics.id grouped counts,2026-06-19T23:47:35+00:00
2002,T10456,Multi-Agent Systems and Negotiation,1927,3032,73689,26150.443078342767,41145.89694526999,OpenAlex Works API primary_topic.id and AI-subfield topics.id grouped counts,2026-06-19T23:47:35+00:00
2003,T10456,Multi-Agent Systems and Negotiation,1780,2803,67186,26493.614741166315,41720.00119072426,OpenAlex Works API primary_topic.id and AI-subfield topics.id grouped counts,2026-06-19T23:47:35+00:00
2004,T10456,Multi-Agent Systems and Negotiation,1912,2902,70835,26992.306063386743,40968.447801228205,OpenAlex Works API primary_topic.id and AI-subfield topics.id grouped counts,2026-06-19T23:47:35+00:00
2005,T10456,Multi-Agent Systems and Negotiation,1939,3117,82556,23487.087552691508,37756.1897378749,OpenAlex Works API primary_topic.id and AI-subfield topics.id grouped counts,2026-06-19T23:47:35+00:00
2006,T10456,Multi-Agent Systems and Negotiation,2201,3307,89915,24478.67430350887,36779.18033698493,OpenAlex Works API primary_topic.id and AI-subfield topics.id grouped counts,2026-06-19T23:47:35+00:00
2007,T10456,Multi-Agent Systems and Negotiation,1959,3128,94054,20828.46024624152,33257.49037786804,OpenAlex Works API primary_topic.id and AI-subfield topics.id grouped counts,2026-06-19T23:47:35+00:00
2008,T10456,Multi-Agent Systems and Negotiation,1980,3177,97967,20210.88733961436,32429.287413108494,OpenAlex Works API primary_topic.id and AI-subfield topics.id grouped counts,2026-06-19T23:47:35+00:00
2009,T10456,Multi-Agent Systems and Negotiation,2011,3143,104332,19275.00670935092,30124.985622819462,OpenAlex Works API primary_topic.id and AI-subfield topics.id grouped counts,2026-06-19T23:47:35+00:00
2010,T10456,Multi-Agent Systems and Negotiation,1812,2944,110997,16324.765534203627,26523.239366829734,OpenAlex Works API primary_topic.id and AI-subfield topics.id grouped counts,2026-06-19T23:47:35+00:00
2011,T10456,Multi-Agent Systems and Negotiation,2116,3313,113882,18580.6360970127,29091.515779491052,OpenAlex Works API primary_topic.id and AI-subfield topics.id grouped counts,2026-06-19T23:47:35+00:00
2012,T10456,Multi-Agent Systems and Negotiation,1832,2963,117229,15627.532436513147,25275.31583481903,OpenAlex Works API primary_topic.id and AI-subfield topics.id grouped counts,2026-06-19T23:47:35+00:00
2013,T10456,Multi-Agent Systems and Negotiation,1573,2694,119603,13151.844017290536,22524.518615753786,OpenAlex Works API primary_topic.id and AI-subfield topics.id grouped counts,2026-06-19T23:47:35+00:00
2014,T10456,Multi-Agent Systems and Negotiation,1601,2647,123428,12971.124866318827,21445.701137505264,OpenAlex Works API primary_topic.id and AI-subfield topics.id grouped counts,2026-06-19T23:47:35+00:00
2015,T10456,Multi-Agent Systems and Negotiation,1397,2376,123162,11342.784300352381,19291.664636819798,OpenAlex Works API primary_topic.id and AI-subfield topics.id grouped counts,2026-06-19T23:47:35+00:00
2016,T10456,Multi-Agent Systems and Negotiation,1293,2247,133301,9699.852214161934,16856.587722522712,OpenAlex Works API primary_topic.id and AI-subfield topics.id grouped counts,2026-06-19T23:47:35+00:00
2017,T10456,Multi-Agent Systems and Negotiation,1203,2092,135900,8852.097130242824,15393.671817512877,OpenAlex Works API primary_topic.id and AI-subfield topics.id grouped counts,2026-06-19T23:47:35+00:00
2018,T10456,Multi-Agent Systems and Negotiation,1200,2110,151657,7912.592231153195,13912.974673111034,OpenAlex Works API primary_topic.id and AI-subfield topics.id grouped counts,2026-06-19T23:47:35+00:00
2019,T10456,Multi-Agent Systems and Negotiation,1004,1921,170876,5875.605702380673,11242.070273180552,OpenAlex Works API primary_topic.id and AI-subfield topics.id grouped counts,2026-06-19T23:47:35+00:00
2020,T10456,Multi-Agent Systems and Negotiation,980,1816,187432,5228.562892142217,9688.847155234966,OpenAlex Works API primary_topic.id and AI-subfield topics.id grouped counts,2026-06-19T23:47:35+00:00
2021,T10456,Multi-Agent Systems and Negotiation,856,1596,188280,4546.420225196516,8476.736775015934,OpenAlex Works API primary_topic.id and AI-subfield topics.id grouped counts,2026-06-19T23:47:35+00:00
2022,T10456,Multi-Agent Systems and Negotiation,700,1320,182108,3843.872866650559,7248.445977112483,OpenAlex Works API primary_topic.id and AI-subfield topics.id grouped counts,2026-06-19T23:47:35+00:00
2023,T10456,Multi-Agent Systems and Negotiation,803,1575,213149,3767.3176979483837,7389.197228230018,OpenAlex Works API primary_topic.id and AI-subfield topics.id grouped counts,2026-06-19T23:47:35+00:00
2024,T10456,Multi-Agent Systems and Negotiation,1365,2375,233624,5842.721638187857,10165.90761223162,OpenAlex Works API primary_topic.id and AI-subfield topics.id grouped counts,2026-06-19T23:47:35+00:00
2025,T10456,Multi-Agent Systems and Negotiation,2332,3817,287086,8123.001469942805,13295.66750033091,OpenAlex Works API primary_topic.id and AI-subfield topics.id grouped counts,2026-06-19T23:47:35+00:00
2026,T10456,Multi-Agent Systems and Negotiation,3267,4792,214412,15237.020316027088,22349.495364065446,OpenAlex Works API primary_topic.id and AI-subfield topics.id grouped counts,2026-06-19T23:47:35+00:00
1990,T10711,Target Tracking and Data Fusion in Sensor Networks,305,360,21171,14406.499456804118,17004.392801473714,OpenAlex Works API primary_topic.id and AI-subfield topics.id grouped counts,2026-06-19T23:47:35+00:00
1991,T10711,Target Tracking and Data Fusion in Sensor Networks,331,406,22358,14804.544234725825,18159.048215403884,OpenAlex Works API primary_topic.id and AI-subfield topics.id grouped counts,2026-06-19T23:47:35+00:00
1992,T10711,Target Tracking and Data Fusion in Sensor Networks,274,333,23668,11576.812573939496,14069.62988000676,OpenAlex Works API primary_topic.id and AI-subfield topics.id grouped counts,2026-06-19T23:47:35+00:00
1993,T10711,Target Tracking and Data Fusion in Sensor Networks,343,418,25174,13625.168824978151,16604.433145308652,OpenAlex Works API primary_topic.id and AI-subfield topics.id grouped counts,2026-06-19T23:47:35+00:00
1994,T10711,Target Tracking and Data Fusion in Sensor Networks,303,364,26808,11302.59623992838,13578.036407042673,OpenAlex Works API primary_topic.id and AI-subfield topics.id grouped counts,2026-06-19T23:47:35+00:00
1995,T10711,Target Tracking and Data Fusion in Sensor Networks,301,370,26910,11185.432924563358,13749.535488665924,OpenAlex Works API primary_topic.id and AI-subfield topics.id grouped counts,2026-06-19T23:47:35+00:00
1996,T10711,Target Tracking and Data Fusion in Sensor Networks,325,389,29167,11142.729797373744,13336.990434395035,OpenAlex Works API primary_topic.id and AI-subfield topics.id grouped counts,2026-06-19T23:47:35+00:00
1997,T10711,Target Tracking and Data Fusion in Sensor Networks,380,456,29921,12700.11029043147,15240.132348517764,OpenAlex Works API primary_topic.id and AI-subfield topics.id grouped counts,2026-06-19T23:47:35+00:00
1998,T10711,Target Tracking and Data Fusion in Sensor Networks,389,460,31737,12256.9871128336,14494.123578157985,OpenAlex Works API primary_topic.id and AI-subfield topics.id grouped counts,2026-06-19T23:47:35+00:00
1999,T10711,Target Tracking and Data Fusion in Sensor Networks,481,565,33899,14189.209121213014,16667.15832325437,OpenAlex Works API primary_topic.id and AI-subfield topics.id grouped counts,2026-06-19T23:47:35+00:00
2000,T10711,Target Tracking and Data Fusion in Sensor Networks,506,589,41542,12180.443888113236,14178.421838139713,OpenAlex Works API primary_topic.id and AI-subfield topics.id grouped counts,2026-06-19T23:47:35+00:00
2001,T10711,Target Tracking and Data Fusion in Sensor Networks,496,569,44511,11143.3128889488,12783.356923007796,OpenAlex Works API primary_topic.id and AI-subfield topics.id grouped counts,2026-06-19T23:47:35+00:00
2002,T10711,Target Tracking and Data Fusion in Sensor Networks,1494,1853,73689,20274.39644994504,25146.22263838565,OpenAlex Works API primary_topic.id and AI-subfield topics.id grouped counts,2026-06-19T23:47:35+00:00
2003,T10711,Target Tracking and Data Fusion in Sensor Networks,1160,1388,67186,17265.50174143423,20659.065876819575,OpenAlex Works API primary_topic.id and AI-subfield topics.id grouped counts,2026-06-19T23:47:35+00:00
2004,T10711,Target Tracking and Data Fusion in Sensor Networks,1115,1262,70835,15740.806098680032,17816.05138702619,OpenAlex Works API primary_topic.id and AI-subfield topics.id grouped counts,2026-06-19T23:47:35+00:00
2005,T10711,Target Tracking and Data Fusion in Sensor Networks,1578,1795,82556,19114.298173361112,21742.816996947528,OpenAlex Works API primary_topic.id and AI-subfield topics.id grouped counts,2026-06-19T23:47:35+00:00
2006,T10711,Target Tracking and Data Fusion in Sensor Networks,1795,1991,89915,19963.298670967026,22143.135183228605,OpenAlex Works API primary_topic.id and AI-subfield topics.id grouped counts,2026-06-19T23:47:35+00:00
2007,T10711,Target Tracking and Data Fusion in Sensor Networks,1693,1896,94054,18000.297701320516,20158.63227507602,OpenAlex Works API primary_topic.id and AI-subfield topics.id grouped counts,2026-06-19T23:47:35+00:00
2008,T10711,Target Tracking and Data Fusion in Sensor Networks,1861,2057,97967,18996.19259546582,20996.866291710474,OpenAlex Works API primary_topic.id and AI-subfield topics.id grouped counts,2026-06-19T23:47:35+00:00
2009,T10711,Target Tracking and Data Fusion in Sensor Networks,2013,2206,104332,19294.17628340298,21144.04017942721,OpenAlex Works API primary_topic.id and AI-subfield topics.id grouped counts,2026-06-19T23:47:35+00:00
2010,T10711,Target Tracking and Data Fusion in Sensor Networks,2149,2373,110997,19360.883627485426,21378.956188005082,OpenAlex Works API primary_topic.id and AI-subfield topics.id grouped counts,2026-06-19T23:47:35+00:00
2011,T10711,Target Tracking and Data Fusion in Sensor Networks,2284,2482,113882,20055.847280518432,21794.489032507336,OpenAlex Works API primary_topic.id and AI-subfield topics.id grouped counts,2026-06-19T23:47:35+00:00
2012,T10711,Target Tracking and Data Fusion in Sensor Networks,2332,2515,117229,19892.68866918595,21453.7358503442,OpenAlex Works API primary_topic.id and AI-subfield topics.id grouped counts,2026-06-19T23:47:35+00:00
2013,T10711,Target Tracking and Data Fusion in Sensor Networks,2250,2424,119603,18812.237151242025,20267.050157604743,OpenAlex Works API primary_topic.id and AI-subfield topics.id grouped counts,2026-06-19T23:47:35+00:00
2014,T10711,Target Tracking and Data Fusion in Sensor Networks,2071,2260,123428,16779.012865800305,18310.269954953495,OpenAlex Works API primary_topic.id and AI-subfield topics.id grouped counts,2026-06-19T23:47:35+00:00
2015,T10711,Target Tracking and Data Fusion in Sensor Networks,2012,2187,123162,16336.207596498922,17757.100404345496,OpenAlex Works API primary_topic.id and AI-subfield topics.id grouped counts,2026-06-19T23:47:35+00:00
2016,T10711,Target Tracking and Data Fusion in Sensor Networks,1958,2121,133301,14688.561976279248,15911.358504437325,OpenAlex Works API primary_topic.id and AI-subfield topics.id grouped counts,2026-06-19T23:47:35+00:00
2017,T10711,Target Tracking and Data Fusion in Sensor Networks,1871,2081,135900,13767.47608535688,15312.729948491538,OpenAlex Works API primary_topic.id and AI-subfield topics.id grouped counts,2026-06-19T23:47:35+00:00
2018,T10711,Target Tracking and Data Fusion in Sensor Networks,1858,2060,151657,12251.330304568863,13583.283330146316,OpenAlex Works API primary_topic.id and AI-subfield topics.id grouped counts,2026-06-19T23:47:35+00:00
2019,T10711,Target Tracking and Data Fusion in Sensor Networks,1928,2140,170876,11283.035651583605,12523.701397504623,OpenAlex Works API primary_topic.id and AI-subfield topics.id grouped counts,2026-06-19T23:47:35+00:00
2020,T10711,Target Tracking and Data Fusion in Sensor Networks,1663,1861,187432,8872.551111869905,9928.934226812924,OpenAlex Works API primary_topic.id and AI-subfield topics.id grouped counts,2026-06-19T23:47:35+00:00
2021,T10711,Target Tracking and Data Fusion in Sensor Networks,1819,2054,188280,9661.142978542597,10909.284045039303,OpenAlex Works API primary_topic.id and AI-subfield topics.id grouped counts,2026-06-19T23:47:35+00:00
2022,T10711,Target Tracking and Data Fusion in Sensor Networks,1614,1802,182108,8862.872581105717,9895.22700814901,OpenAlex Works API primary_topic.id and AI-subfield topics.id grouped counts,2026-06-19T23:47:35+00:00
2023,T10711,Target Tracking and Data Fusion in Sensor Networks,1759,1970,213149,8252.443126639113,9242.36097753215,OpenAlex Works API primary_topic.id and AI-subfield topics.id grouped counts,2026-06-19T23:47:35+00:00
2024,T10711,Target Tracking and Data Fusion in Sensor Networks,1783,2013,233624,7631.921377940622,8616.409273019895,OpenAlex Works API primary_topic.id and AI-subfield topics.id grouped counts,2026-06-19T23:47:35+00:00
2025,T10711,Target Tracking and Data Fusion in Sensor Networks,1929,2213,287086,6719.240924322328,7708.4915321541275,OpenAlex Works API primary_topic.id and AI-subfield topics.id grouped counts,2026-06-19T23:47:35+00:00
2026,T10711,Target Tracking and Data Fusion in Sensor Networks,955,1095,214412,4454.041751394511,5106.990280394754,OpenAlex Works API primary_topic.id and AI-subfield topics.id grouped counts,2026-06-19T23:47:35+00:00
1990,T12031,Speech and dialogue systems,429,831,21171,20263.568088422842,39251.806716735155,OpenAlex Works API primary_topic.id and AI-subfield topics.id grouped counts,2026-06-19T23:47:35+00:00
1991,T12031,Speech and dialogue systems,430,843,22358,19232.48948922086,37704.62474282136,OpenAlex Works API primary_topic.id and AI-subfield topics.id grouped counts,2026-06-19T23:47:35+00:00
1992,T12031,Speech and dialogue systems,494,972,23668,20872.063545715733,41068.10883893866,OpenAlex Works API primary_topic.id and AI-subfield topics.id grouped counts,2026-06-19T23:47:35+00:00
1993,T12031,Speech and dialogue systems,531,957,25174,21093.191387939936,38015.41272741718,OpenAlex Works API primary_topic.id and AI-subfield topics.id grouped counts,2026-06-19T23:47:35+00:00
1994,T12031,Speech and dialogue systems,568,1126,26808,21187.70516263802,42002.387347060576,OpenAlex Works API primary_topic.id and AI-subfield topics.id grouped counts,2026-06-19T23:47:35+00:00
1995,T12031,Speech and dialogue systems,530,983,26910,19695.280564845783,36529.17131178001,OpenAlex Works API primary_topic.id and AI-subfield topics.id grouped counts,2026-06-19T23:47:35+00:00
1996,T12031,Speech and dialogue systems,579,1146,29167,19851.201700551992,39290.979531662495,OpenAlex Works API primary_topic.id and AI-subfield topics.id grouped counts,2026-06-19T23:47:35+00:00
1997,T12031,Speech and dialogue systems,700,1305,29921,23394.940008689548,43614.852444771226,OpenAlex Works API primary_topic.id and AI-subfield topics.id grouped counts,2026-06-19T23:47:35+00:00
1998,T12031,Speech and dialogue systems,729,1496,31737,22970.034974950373,47137.4105933138,OpenAlex Works API primary_topic.id and AI-subfield topics.id grouped counts,2026-06-19T23:47:35+00:00
1999,T12031,Speech and dialogue systems,729,1384,33899,21505.059146287498,40827.16304315762,OpenAlex Works API primary_topic.id and AI-subfield topics.id grouped counts,2026-06-19T23:47:35+00:00
2000,T12031,Speech and dialogue systems,929,1847,41542,22362.90982619999,44461.02739396274,OpenAlex Works API primary_topic.id and AI-subfield topics.id grouped counts,2026-06-19T23:47:35+00:00
2001,T12031,Speech and dialogue systems,805,1579,44511,18085.417087910857,35474.377120262405,OpenAlex Works API primary_topic.id and AI-subfield topics.id grouped counts,2026-06-19T23:47:35+00:00
2002,T12031,Speech and dialogue systems,1411,2844,73689,19148.04109161476,38594.63420591947,OpenAlex Works API primary_topic.id and AI-subfield topics.id grouped counts,2026-06-19T23:47:35+00:00
2003,T12031,Speech and dialogue systems,1256,2445,67186,18694.370851070165,36391.51013604024,OpenAlex Works API primary_topic.id and AI-subfield topics.id grouped counts,2026-06-19T23:47:35+00:00
2004,T12031,Speech and dialogue systems,1323,2727,70835,18677.20759511541,38497.91769605422,OpenAlex Works API primary_topic.id and AI-subfield topics.id grouped counts,2026-06-19T23:47:35+00:00
2005,T12031,Speech and dialogue systems,1392,2770,82556,16861.28203885847,33552.982218130725,OpenAlex Works API primary_topic.id and AI-subfield topics.id grouped counts,2026-06-19T23:47:35+00:00
2006,T12031,Speech and dialogue systems,1536,3129,89915,17082.800422621363,34799.53289217594,OpenAlex Works API primary_topic.id and AI-subfield topics.id grouped counts,2026-06-19T23:47:35+00:00
2007,T12031,Speech and dialogue systems,1628,3107,94054,17309.20535011802,33034.21438747954,OpenAlex Works API primary_topic.id and AI-subfield topics.id grouped counts,2026-06-19T23:47:35+00:00
2008,T12031,Speech and dialogue systems,1511,3120,97967,15423.560995028938,31847.458838180202,OpenAlex Works API primary_topic.id and AI-subfield topics.id grouped counts,2026-06-19T23:47:35+00:00
2009,T12031,Speech and dialogue systems,1614,3179,104332,15469.846260016104,30470.037955756623,OpenAlex Works API primary_topic.id and AI-subfield topics.id grouped counts,2026-06-19T23:47:35+00:00
2010,T12031,Speech and dialogue systems,1697,3437,110997,15288.70149643684,30964.800850473435,OpenAlex Works API primary_topic.id and AI-subfield topics.id grouped counts,2026-06-19T23:47:35+00:00
2011,T12031,Speech and dialogue systems,1560,3210,113882,13698.389561124673,28187.070827698844,OpenAlex Works API primary_topic.id and AI-subfield topics.id grouped counts,2026-06-19T23:47:35+00:00
2012,T12031,Speech and dialogue systems,1549,3355,117229,13213.454008820343,28619.198321234508,OpenAlex Works API primary_topic.id and AI-subfield topics.id grouped counts,2026-06-19T23:47:35+00:00
2013,T12031,Speech and dialogue systems,1533,3084,119603,12817.4042457129,25785.306388635734,OpenAlex Works API primary_topic.id and AI-subfield topics.id grouped counts,2026-06-19T23:47:35+00:00
2014,T12031,Speech and dialogue systems,1593,3336,123428,12906.309751434033,27027.902906957905,OpenAlex Works API primary_topic.id and AI-subfield topics.id grouped counts,2026-06-19T23:47:35+00:00
2015,T12031,Speech and dialogue systems,1399,3008,123162,11359.023075299201,24423.11752001429,OpenAlex Works API primary_topic.id and AI-subfield topics.id grouped counts,2026-06-19T23:47:35+00:00
2016,T12031,Speech and dialogue systems,1474,3182,133301,11057.681487760781,23870.788666251563,OpenAlex Works API primary_topic.id and AI-subfield topics.id grouped counts,2026-06-19T23:47:35+00:00
2017,T12031,Speech and dialogue systems,1343,2887,135900,9882.266372332597,21243.56144223694,OpenAlex Works API primary_topic.id and AI-subfield topics.id grouped counts,2026-06-19T23:47:35+00:00
2018,T12031,Speech and dialogue systems,1573,3639,151657,10372.089649669979,23994.935940972064,OpenAlex Works API primary_topic.id and AI-subfield topics.id grouped counts,2026-06-19T23:47:35+00:00
2019,T12031,Speech and dialogue systems,1536,3786,170876,8988.974461012664,22156.41751913668,OpenAlex Works API primary_topic.id and AI-subfield topics.id grouped counts,2026-06-19T23:47:35+00:00
2020,T12031,Speech and dialogue systems,1387,3944,187432,7400.0170728584235,21042.29800674378,OpenAlex Works API primary_topic.id and AI-subfield topics.id grouped counts,2026-06-19T23:47:35+00:00
2021,T12031,Speech and dialogue systems,1197,3772,188280,6357.552581261951,20033.991926917355,OpenAlex Works API primary_topic.id and AI-subfield topics.id grouped counts,2026-06-19T23:47:35+00:00
2022,T12031,Speech and dialogue systems,1223,3565,182108,6715.795022733762,19576.29538515606,OpenAlex Works API primary_topic.id and AI-subfield topics.id grouped counts,2026-06-19T23:47:35+00:00
2023,T12031,Speech and dialogue systems,1260,4252,213149,5911.357782584014,19948.486739323198,OpenAlex Works API primary_topic.id and AI-subfield topics.id grouped counts,2026-06-19T23:47:35+00:00
2024,T12031,Speech and dialogue systems,2517,5785,233624,10773.721877889258,24762.01075231997,OpenAlex Works API primary_topic.id and AI-subfield topics.id grouped counts,2026-06-19T23:47:35+00:00
2025,T12031,Speech and dialogue systems,2492,5910,287086,8680.325756045228,20586.165817908222,OpenAlex Works API primary_topic.id and AI-subfield topics.id grouped counts,2026-06-19T23:47:35+00:00
2026,T12031,Speech and dialogue systems,1281,3296,214412,5974.479040352219,15372.273939891424,OpenAlex Works API primary_topic.id and AI-subfield topics.id grouped counts,2026-06-19T23:47:35+00:00
1990,T13674,Computer Science and Engineering,40,43,21171,1889.3769779415238,2031.080251287138,OpenAlex Works API primary_topic.id and AI-subfield topics.id grouped counts,2026-06-19T23:47:35+00:00
1991,T13674,Computer Science and Engineering,45,47,22358,2012.7023884068344,2102.1558278915827,OpenAlex Works API primary_topic.id and AI-subfield topics.id grouped counts,2026-06-19T23:47:35+00:00
1992,T13674,Computer Science and Engineering,45,46,23668,1901.3013351360487,1943.5524759168497,OpenAlex Works API primary_topic.id and AI-subfield topics.id grouped counts,2026-06-19T23:47:35+00:00
1993,T13674,Computer Science and Engineering,65,69,25174,2582.0290776197667,2740.92317470406,OpenAlex Works API primary_topic.id and AI-subfield topics.id grouped counts,2026-06-19T23:47:35+00:00
1994,T13674,Computer Science and Engineering,54,60,26808,2014.3240823634737,2238.1378692927483,OpenAlex Works API primary_topic.id and AI-subfield topics.id grouped counts,2026-06-19T23:47:35+00:00
1995,T13674,Computer Science and Engineering,59,63,26910,2192.493496841323,2341.1371237458193,OpenAlex Works API primary_topic.id and AI-subfield topics.id grouped counts,2026-06-19T23:47:35+00:00
1996,T13674,Computer Science and Engineering,75,77,29167,2571.3991840093254,2639.969828916241,OpenAlex Works API primary_topic.id and AI-subfield topics.id grouped counts,2026-06-19T23:47:35+00:00
1997,T13674,Computer Science and Engineering,77,81,29921,2573.4434009558504,2707.1287724340764,OpenAlex Works API primary_topic.id and AI-subfield topics.id grouped counts,2026-06-19T23:47:35+00:00
1998,T13674,Computer Science and Engineering,81,89,31737,2552.2261083278195,2804.2978227305666,OpenAlex Works API primary_topic.id and AI-subfield topics.id grouped counts,2026-06-19T23:47:35+00:00
1999,T13674,Computer Science and Engineering,113,117,33899,3333.4316646508746,3451.429245700463,OpenAlex Works API primary_topic.id and AI-subfield topics.id grouped counts,2026-06-19T23:47:35+00:00
2000,T13674,Computer Science and Engineering,150,160,41542,3610.8035241442394,3851.523759087189,OpenAlex Works API primary_topic.id and AI-subfield topics.id grouped counts,2026-06-19T23:47:35+00:00
2001,T13674,Computer Science and Engineering,190,200,44511,4268.60775987958,4493.271326189031,OpenAlex Works API primary_topic.id and AI-subfield topics.id grouped counts,2026-06-19T23:47:35+00:00
2002,T13674,Computer Science and Engineering,241,252,73689,3270.501703103584,3419.777714448561,OpenAlex Works API primary_topic.id and AI-subfield topics.id grouped counts,2026-06-19T23:47:35+00:00
2003,T13674,Computer Science and Engineering,249,263,67186,3706.129253118209,3914.5059982734497,OpenAlex Works API primary_topic.id and AI-subfield topics.id grouped counts,2026-06-19T23:47:35+00:00
2004,T13674,Computer Science and Engineering,314,331,70835,4432.836874426484,4672.831227500529,OpenAlex Works API primary_topic.id and AI-subfield topics.id grouped counts,2026-06-19T23:47:35+00:00
2005,T13674,Computer Science and Engineering,328,357,82556,3973.0607103057323,4324.337419448617,OpenAlex Works API primary_topic.id and AI-subfield topics.id grouped counts,2026-06-19T23:47:35+00:00
2006,T13674,Computer Science and Engineering,597,627,89915,6639.604070511038,6973.252516265362,OpenAlex Works API primary_topic.id and AI-subfield topics.id grouped counts,2026-06-19T23:47:35+00:00
2007,T13674,Computer Science and Engineering,650,697,94054,6910.923512025007,7410.636442894507,OpenAlex Works API primary_topic.id and AI-subfield topics.id grouped counts,2026-06-19T23:47:35+00:00
2008,T13674,Computer Science and Engineering,831,885,97967,8482.448171322996,9033.654189676115,OpenAlex Works API primary_topic.id and AI-subfield topics.id grouped counts,2026-06-19T23:47:35+00:00
2009,T13674,Computer Science and Engineering,1011,1065,104332,9690.219683318635,10207.79818272438,OpenAlex Works API primary_topic.id and AI-subfield topics.id grouped counts,2026-06-19T23:47:35+00:00
2010,T13674,Computer Science and Engineering,1413,1493,110997,12730.073785777995,13450.813985963585,OpenAlex Works API primary_topic.id and AI-subfield topics.id grouped counts,2026-06-19T23:47:35+00:00
2011,T13674,Computer Science and Engineering,1504,1597,113882,13206.652499956095,14023.287262253913,OpenAlex Works API primary_topic.id and AI-subfield topics.id grouped counts,2026-06-19T23:47:35+00:00
2012,T13674,Computer Science and Engineering,1683,1821,117229,14356.515879176653,15533.698999394348,OpenAlex Works API primary_topic.id and AI-subfield topics.id grouped counts,2026-06-19T23:47:35+00:00
2013,T13674,Computer Science and Engineering,2199,2325,119603,18385.82644248054,19439.311722950093,OpenAlex Works API primary_topic.id and AI-subfield topics.id grouped counts,2026-06-19T23:47:35+00:00
2014,T13674,Computer Science and Engineering,2088,2241,123428,16916.744984930487,18156.334057102118,OpenAlex Works API primary_topic.id and AI-subfield topics.id grouped counts,2026-06-19T23:47:35+00:00
2015,T13674,Computer Science and Engineering,2668,2864,123162,21662.525779055228,23253.925723843393,OpenAlex Works API primary_topic.id and AI-subfield topics.id grouped counts,2026-06-19T23:47:35+00:00
2016,T13674,Computer Science and Engineering,2912,3147,133301,21845.297484640025,23608.22499456118,OpenAlex Works API primary_topic.id and AI-subfield topics.id grouped counts,2026-06-19T23:47:35+00:00
2017,T13674,Computer Science and Engineering,3420,3653,135900,25165.562913907284,26880.058866813833,OpenAlex Works API primary_topic.id and AI-subfield topics.id grouped counts,2026-06-19T23:47:35+00:00
2018,T13674,Computer Science and Engineering,3476,3777,151657,22920.142162907086,24904.88404755468,OpenAlex Works API primary_topic.id and AI-subfield topics.id grouped counts,2026-06-19T23:47:35+00:00
2019,T13674,Computer Science and Engineering,3625,3916,170876,21214.21381586648,22917.20311805052,OpenAlex Works API primary_topic.id and AI-subfield topics.id grouped counts,2026-06-19T23:47:35+00:00
2020,T13674,Computer Science and Engineering,3131,3412,187432,16704.724913568654,18203.935293866576,OpenAlex Works API primary_topic.id and AI-subfield topics.id grouped counts,2026-06-19T23:47:35+00:00
2021,T13674,Computer Science and Engineering,2161,2404,188280,11477.586573188868,12768.21754833227,OpenAlex Works API primary_topic.id and AI-subfield topics.id grouped counts,2026-06-19T23:47:35+00:00
2022,T13674,Computer Science and Engineering,1841,2057,182108,10109.38563929097,11295.494981000285,OpenAlex Works API primary_topic.id and AI-subfield topics.id grouped counts,2026-06-19T23:47:35+00:00
2023,T13674,Computer Science and Engineering,2430,2698,213149,11400.475723554884,12657.812140802911,OpenAlex Works API primary_topic.id and AI-subfield topics.id grouped counts,2026-06-19T23:47:35+00:00
2024,T13674,Computer Science and Engineering,3399,3727,233624,14549.018936410643,15952.984282436737,OpenAlex Works API primary_topic.id and AI-subfield topics.id grouped counts,2026-06-19T23:47:35+00:00
2025,T13674,Computer Science and Engineering,2930,3255,287086,10206.000989250608,11338.065945396153,OpenAlex Works API primary_topic.id and AI-subfield topics.id grouped counts,2026-06-19T23:47:35+00:00
2026,T13674,Computer Science and Engineering,884,986,214412,4122.903568830103,4598.623211387422,OpenAlex Works API primary_topic.id and AI-subfield topics.id grouped counts,2026-06-19T23:47:35+00:00
1990,T10820,Fuzzy Logic and Control Systems,329,608,21171,15540.125643569034,28718.53006471116,OpenAlex Works API primary_topic.id and AI-subfield topics.id grouped counts,2026-06-19T23:47:35+00:00
1991,T10820,Fuzzy Logic and Control Systems,423,844,22358,18919.40245102424,37749.35146256374,OpenAlex Works API primary_topic.id and AI-subfield topics.id grouped counts,2026-06-19T23:47:35+00:00
1992,T10820,Fuzzy Logic and Control Systems,548,1001,23668,23153.625147878993,42293.39192158188,OpenAlex Works API primary_topic.id and AI-subfield topics.id grouped counts,2026-06-19T23:47:35+00:00
1993,T10820,Fuzzy Logic and Control Systems,826,1237,25174,32811.631047906565,49137.99952331771,OpenAlex Works API primary_topic.id and AI-subfield topics.id grouped counts,2026-06-19T23:47:35+00:00
1994,T10820,Fuzzy Logic and Control Systems,1078,1560,26808,40211.877051626376,58191.58460161146,OpenAlex Works API primary_topic.id and AI-subfield topics.id grouped counts,2026-06-19T23:47:35+00:00
1995,T10820,Fuzzy Logic and Control Systems,891,1355,26910,33110.36789297659,50353.028613898176,OpenAlex Works API primary_topic.id and AI-subfield topics.id grouped counts,2026-06-19T23:47:35+00:00
1996,T10820,Fuzzy Logic and Control Systems,944,1428,29167,32365.344396064047,48959.44046353756,OpenAlex Works API primary_topic.id and AI-subfield topics.id grouped counts,2026-06-19T23:47:35+00:00
1997,T10820,Fuzzy Logic and Control Systems,972,1448,29921,32485.545269208917,48394.10447511781,OpenAlex Works API primary_topic.id and AI-subfield topics.id grouped counts,2026-06-19T23:47:35+00:00
1998,T10820,Fuzzy Logic and Control Systems,1088,1616,31737,34281.753158773674,50918.486309355016,OpenAlex Works API primary_topic.id and AI-subfield topics.id grouped counts,2026-06-19T23:47:35+00:00
1999,T10820,Fuzzy Logic and Control Systems,1228,1797,33899,36225.257382223666,53010.413286527626,OpenAlex Works API primary_topic.id and AI-subfield topics.id grouped counts,2026-06-19T23:47:35+00:00
2000,T10820,Fuzzy Logic and Control Systems,1070,1629,41542,25757.065138895574,39213.32627220645,OpenAlex Works API primary_topic.id and AI-subfield topics.id grouped counts,2026-06-19T23:47:35+00:00
2001,T10820,Fuzzy Logic and Control Systems,1066,1587,44511,23949.136168587538,35654.10797330997,OpenAlex Works API primary_topic.id and AI-subfield topics.id grouped counts,2026-06-19T23:47:35+00:00
2002,T10820,Fuzzy Logic and Control Systems,3629,5582,73689,49247.51319735646,75750.79048433281,OpenAlex Works API primary_topic.id and AI-subfield topics.id grouped counts,2026-06-19T23:47:35+00:00
2003,T10820,Fuzzy Logic and Control Systems,1767,2929,67186,26300.12204923645,43595.39189712142,OpenAlex Works API primary_topic.id and AI-subfield topics.id grouped counts,2026-06-19T23:47:35+00:00
2004,T10820,Fuzzy Logic and Control Systems,1419,2195,70835,20032.46982423943,30987.50617632526,OpenAlex Works API primary_topic.id and AI-subfield topics.id grouped counts,2026-06-19T23:47:35+00:00
2005,T10820,Fuzzy Logic and Control Systems,1812,2785,82556,21948.737826445078,33734.677067687386,OpenAlex Works API primary_topic.id and AI-subfield topics.id grouped counts,2026-06-19T23:47:35+00:00
2006,T10820,Fuzzy Logic and Control Systems,1790,2729,89915,19907.690596674634,30350.886948784966,OpenAlex Works API primary_topic.id and AI-subfield topics.id grouped counts,2026-06-19T23:47:35+00:00
2007,T10820,Fuzzy Logic and Control Systems,1789,2637,94054,19020.98794309652,28037.085078784527,OpenAlex Works API primary_topic.id and AI-subfield topics.id grouped counts,2026-06-19T23:47:35+00:00
2008,T10820,Fuzzy Logic and Control Systems,1685,2481,97967,17199.669276388988,25324.854287668295,OpenAlex Works API primary_topic.id and AI-subfield topics.id grouped counts,2026-06-19T23:47:35+00:00
2009,T10820,Fuzzy Logic and Control Systems,1686,2475,104332,16159.950925890425,23722.347889429897,OpenAlex Works API primary_topic.id and AI-subfield topics.id grouped counts,2026-06-19T23:47:35+00:00
2010,T10820,Fuzzy Logic and Control Systems,1827,2576,110997,16459.904321738424,23207.834445976016,OpenAlex Works API primary_topic.id and AI-subfield topics.id grouped counts,2026-06-19T23:47:35+00:00
2011,T10820,Fuzzy Logic and Control Systems,1854,2603,113882,16280.009132259709,22856.992325389438,OpenAlex Works API primary_topic.id and AI-subfield topics.id grouped counts,2026-06-19T23:47:35+00:00
2012,T10820,Fuzzy Logic and Control Systems,1872,2593,117229,15968.744935126972,22119.100222641155,OpenAlex Works API primary_topic.id and AI-subfield topics.id grouped counts,2026-06-19T23:47:35+00:00
2013,T10820,Fuzzy Logic and Control Systems,1708,2359,119603,14280.578246365058,19723.58552879108,OpenAlex Works API primary_topic.id and AI-subfield topics.id grouped counts,2026-06-19T23:47:35+00:00
2014,T10820,Fuzzy Logic and Control Systems,1635,2288,123428,13246.589104579189,18537.122857050264,OpenAlex Works API primary_topic.id and AI-subfield topics.id grouped counts,2026-06-19T23:47:35+00:00
2015,T10820,Fuzzy Logic and Control Systems,1626,2238,123162,13202.124031763044,18171.189165489355,OpenAlex Works API primary_topic.id and AI-subfield topics.id grouped counts,2026-06-19T23:47:35+00:00
2016,T10820,Fuzzy Logic and Control Systems,1549,2175,133301,11620.317927097321,16316.456740759635,OpenAlex Works API primary_topic.id and AI-subfield topics.id grouped counts,2026-06-19T23:47:35+00:00
2017,T10820,Fuzzy Logic and Control Systems,1537,2096,135900,11309.786607799853,15423.105224429728,OpenAlex Works API primary_topic.id and AI-subfield topics.id grouped counts,2026-06-19T23:47:35+00:00
2018,T10820,Fuzzy Logic and Control Systems,1490,2098,151657,9824.80202034855,13833.848750799501,OpenAlex Works API primary_topic.id and AI-subfield topics.id grouped counts,2026-06-19T23:47:35+00:00
2019,T10820,Fuzzy Logic and Control Systems,1435,2026,170876,8397.902572625764,11856.55094922634,OpenAlex Works API primary_topic.id and AI-subfield topics.id grouped counts,2026-06-19T23:47:35+00:00
2020,T10820,Fuzzy Logic and Control Systems,1372,1918,187432,7319.988048999104,10233.044517478338,OpenAlex Works API primary_topic.id and AI-subfield topics.id grouped counts,2026-06-19T23:47:35+00:00
2021,T10820,Fuzzy Logic and Control Systems,1071,1536,188280,5688.336520076481,8158.06246016571,OpenAlex Works API primary_topic.id and AI-subfield topics.id grouped counts,2026-06-19T23:47:35+00:00
2022,T10820,Fuzzy Logic and Control Systems,973,1428,182108,5342.983284644277,7841.500647967139,OpenAlex Works API primary_topic.id and AI-subfield topics.id grouped counts,2026-06-19T23:47:35+00:00
2023,T10820,Fuzzy Logic and Control Systems,1075,1507,213149,5043.420330379218,7070.171570122309,OpenAlex Works API primary_topic.id and AI-subfield topics.id grouped counts,2026-06-19T23:47:35+00:00
2024,T10820,Fuzzy Logic and Control Systems,1422,2078,233624,6086.703420881417,8894.634112933602,OpenAlex Works API primary_topic.id and AI-subfield topics.id grouped counts,2026-06-19T23:47:35+00:00
2025,T10820,Fuzzy Logic and Control Systems,1287,1964,287086,4482.977226336359,6841.155611907233,OpenAlex Works API primary_topic.id and AI-subfield topics.id grouped counts,2026-06-19T23:47:35+00:00
2026,T10820,Fuzzy Logic and Control Systems,447,672,214412,2084.7713747364887,3134.1529392011644,OpenAlex Works API primary_topic.id and AI-subfield topics.id grouped counts,2026-06-19T23:47:35+00:00
1990,T11273,Advanced Graph Neural Networks,2,7,21171,94.46884889707619,330.6409711397667,OpenAlex Works API primary_topic.id and AI-subfield topics.id grouped counts,2026-06-19T23:47:35+00:00
1991,T11273,Advanced Graph Neural Networks,3,11,22358,134.1801592271223,491.993917166115,OpenAlex Works API primary_topic.id and AI-subfield topics.id grouped counts,2026-06-19T23:47:35+00:00
1992,T11273,Advanced Graph Neural Networks,8,15,23668,338.00912624640864,633.7671117120162,OpenAlex Works API primary_topic.id and AI-subfield topics.id grouped counts,2026-06-19T23:47:35+00:00
1993,T11273,Advanced Graph Neural Networks,5,15,25174,198.61762135536665,595.8528640661,OpenAlex Works API primary_topic.id and AI-subfield topics.id grouped counts,2026-06-19T23:47:35+00:00
1994,T11273,Advanced Graph Neural Networks,8,14,26808,298.41838257236645,522.2321695016414,OpenAlex Works API primary_topic.id and AI-subfield topics.id grouped counts,2026-06-19T23:47:35+00:00
1995,T11273,Advanced Graph Neural Networks,9,18,26910,334.44816053511704,668.8963210702341,OpenAlex Works API primary_topic.id and AI-subfield topics.id grouped counts,2026-06-19T23:47:35+00:00
1996,T11273,Advanced Graph Neural Networks,3,14,29167,102.85596736037303,479.99451434840745,OpenAlex Works API primary_topic.id and AI-subfield topics.id grouped counts,2026-06-19T23:47:35+00:00
1997,T11273,Advanced Graph Neural Networks,4,12,29921,133.68537147822602,401.05611443467797,OpenAlex Works API primary_topic.id and AI-subfield topics.id grouped counts,2026-06-19T23:47:35+00:00
1998,T11273,Advanced Graph Neural Networks,2,13,31737,63.0179286006869,409.6165359044648,OpenAlex Works API primary_topic.id and AI-subfield topics.id grouped counts,2026-06-19T23:47:35+00:00
1999,T11273,Advanced Graph Neural Networks,5,12,33899,147.4969763119856,353.9927431487655,OpenAlex Works API primary_topic.id and AI-subfield topics.id grouped counts,2026-06-19T23:47:35+00:00
2000,T11273,Advanced Graph Neural Networks,9,16,41542,216.64821144865437,385.1523759087189,OpenAlex Works API primary_topic.id and AI-subfield topics.id grouped counts,2026-06-19T23:47:35+00:00
2001,T11273,Advanced Graph Neural Networks,9,20,44511,202.19720967850643,449.3271326189032,OpenAlex Works API primary_topic.id and AI-subfield topics.id grouped counts,2026-06-19T23:47:35+00:00
2002,T11273,Advanced Graph Neural Networks,12,31,73689,162.84655783088385,420.68694106311665,OpenAlex Works API primary_topic.id and AI-subfield topics.id grouped counts,2026-06-19T23:47:35+00:00
2003,T11273,Advanced Graph Neural Networks,12,35,67186,178.60863870449202,520.9418628881017,OpenAlex Works API primary_topic.id and AI-subfield topics.id grouped counts,2026-06-19T23:47:35+00:00
2004,T11273,Advanced Graph Neural Networks,9,41,70835,127.05583398037695,578.8099103550504,OpenAlex Works API primary_topic.id and AI-subfield topics.id grouped counts,2026-06-19T23:47:35+00:00
2005,T11273,Advanced Graph Neural Networks,24,47,82556,290.7117592906633,569.3105286108823,OpenAlex Works API primary_topic.id and AI-subfield topics.id grouped counts,2026-06-19T23:47:35+00:00
2006,T11273,Advanced Graph Neural Networks,33,70,89915,367.0132903297559,778.5130400934215,OpenAlex Works API primary_topic.id and AI-subfield topics.id grouped counts,2026-06-19T23:47:35+00:00
2007,T11273,Advanced Graph Neural Networks,29,60,94054,308.33351053650034,637.9314011100007,OpenAlex Works API primary_topic.id and AI-subfield topics.id grouped counts,2026-06-19T23:47:35+00:00
2008,T11273,Advanced Graph Neural Networks,36,78,97967,367.47067890207927,796.186470954505,OpenAlex Works API primary_topic.id and AI-subfield topics.id grouped counts,2026-06-19T23:47:35+00:00
2009,T11273,Advanced Graph Neural Networks,49,108,104332,469.6545642755818,1035.1569988114863,OpenAlex Works API primary_topic.id and AI-subfield topics.id grouped counts,2026-06-19T23:47:35+00:00
2010,T11273,Advanced Graph Neural Networks,56,141,110997,504.51814012991343,1270.3046028271035,OpenAlex Works API primary_topic.id and AI-subfield topics.id grouped counts,2026-06-19T23:47:35+00:00
2011,T11273,Advanced Graph Neural Networks,74,167,113882,649.795402258478,1466.430164556295,OpenAlex Works API primary_topic.id and AI-subfield topics.id grouped counts,2026-06-19T23:47:35+00:00
2012,T11273,Advanced Graph Neural Networks,94,213,117229,801.8493717424869,1816.956555118614,OpenAlex Works API primary_topic.id and AI-subfield topics.id grouped counts,2026-06-19T23:47:35+00:00
2013,T11273,Advanced Graph Neural Networks,143,279,119603,1195.6221833900488,2332.7174067540113,OpenAlex Works API primary_topic.id and AI-subfield topics.id grouped counts,2026-06-19T23:47:35+00:00
2014,T11273,Advanced Graph Neural Networks,166,339,123428,1344.913633859416,2746.5404932430242,OpenAlex Works API primary_topic.id and AI-subfield topics.id grouped counts,2026-06-19T23:47:35+00:00
2015,T11273,Advanced Graph Neural Networks,259,464,123162,2102.9213556129325,3767.3957876617787,OpenAlex Works API primary_topic.id and AI-subfield topics.id grouped counts,2026-06-19T23:47:35+00:00
2016,T11273,Advanced Graph Neural Networks,400,698,133301,3000.727676461542,5236.269795425391,OpenAlex Works API primary_topic.id and AI-subfield topics.id grouped counts,2026-06-19T23:47:35+00:00
2017,T11273,Advanced Graph Neural Networks,606,1022,135900,4459.16114790287,7520.235467255336,OpenAlex Works API primary_topic.id and AI-subfield topics.id grouped counts,2026-06-19T23:47:35+00:00
2018,T11273,Advanced Graph Neural Networks,1158,1706,151657,7635.651503062833,11249.068621956125,OpenAlex Works API primary_topic.id and AI-subfield topics.id grouped counts,2026-06-19T23:47:35+00:00
2019,T11273,Advanced Graph Neural Networks,1832,2646,170876,10721.224747770313,15484.913036353846,OpenAlex Works API primary_topic.id and AI-subfield topics.id grouped counts,2026-06-19T23:47:35+00:00
2020,T11273,Advanced Graph Neural Networks,2714,3823,187432,14479.918050279568,20396.730547611933,OpenAlex Works API primary_topic.id and AI-subfield topics.id grouped counts,2026-06-19T23:47:35+00:00
2021,T11273,Advanced Graph Neural Networks,3564,5094,188280,18929.25430210325,27055.449330783937,OpenAlex Works API primary_topic.id and AI-subfield topics.id grouped counts,2026-06-19T23:47:35+00:00
2022,T11273,Advanced Graph Neural Networks,3924,5552,182108,21547.65304105256,30487.40307949129,OpenAlex Works API primary_topic.id and AI-subfield topics.id grouped counts,2026-06-19T23:47:35+00:00
2023,T11273,Advanced Graph Neural Networks,4718,6717,213149,22134.75080812014,31513.166845727636,OpenAlex Works API primary_topic.id and AI-subfield topics.id grouped counts,2026-06-19T23:47:35+00:00
2024,T11273,Advanced Graph Neural Networks,4168,6123,233624,17840.632811697425,26208.779919871246,OpenAlex Works API primary_topic.id and AI-subfield topics.id grouped counts,2026-06-19T23:47:35+00:00
2025,T11273,Advanced Graph Neural Networks,7013,11458,287086,24428.2201152268,39911.385438509715,OpenAlex Works API primary_topic.id and AI-subfield topics.id grouped counts,2026-06-19T23:47:35+00:00
2026,T11273,Advanced Graph Neural Networks,7713,13251,214412,35972.80002984907,61801.57826987295,OpenAlex Works API primary_topic.id and AI-subfield topics.id grouped counts,2026-06-19T23:47:35+00:00
1990,T11901,Bayesian Methods and Mixture Models,303,345,21171,14312.030607907041,16295.876434745644,OpenAlex Works API primary_topic.id and AI-subfield topics.id grouped counts,2026-06-19T23:47:35+00:00
1991,T11901,Bayesian Methods and Mixture Models,362,391,22358,16191.072546739422,17488.147419268273,OpenAlex Works API primary_topic.id and AI-subfield topics.id grouped counts,2026-06-19T23:47:35+00:00
1992,T11901,Bayesian Methods and Mixture Models,386,437,23668,16308.940341389216,18463.748521210073,OpenAlex Works API primary_topic.id and AI-subfield topics.id grouped counts,2026-06-19T23:47:35+00:00
1993,T11901,Bayesian Methods and Mixture Models,389,448,25174,15452.450941447525,17796.13887344085,OpenAlex Works API primary_topic.id and AI-subfield topics.id grouped counts,2026-06-19T23:47:35+00:00
1994,T11901,Bayesian Methods and Mixture Models,404,473,26808,15070.128319904506,17643.98686959117,OpenAlex Works API primary_topic.id and AI-subfield topics.id grouped counts,2026-06-19T23:47:35+00:00
1995,T11901,Bayesian Methods and Mixture Models,381,444,26910,14158.305462653288,16499.44258639911,OpenAlex Works API primary_topic.id and AI-subfield topics.id grouped counts,2026-06-19T23:47:35+00:00
1996,T11901,Bayesian Methods and Mixture Models,477,561,29167,16354.09881029931,19234.065896389755,OpenAlex Works API primary_topic.id and AI-subfield topics.id grouped counts,2026-06-19T23:47:35+00:00
1997,T11901,Bayesian Methods and Mixture Models,468,542,29921,15641.188462952441,18114.367835299625,OpenAlex Works API primary_topic.id and AI-subfield topics.id grouped counts,2026-06-19T23:47:35+00:00
1998,T11901,Bayesian Methods and Mixture Models,489,571,31737,15407.883542867945,17991.61861549611,OpenAlex Works API primary_topic.id and AI-subfield topics.id grouped counts,2026-06-19T23:47:35+00:00
1999,T11901,Bayesian Methods and Mixture Models,581,677,33899,17139.148647452726,19971.090592642853,OpenAlex Works API primary_topic.id and AI-subfield topics.id grouped counts,2026-06-19T23:47:35+00:00
2000,T11901,Bayesian Methods and Mixture Models,585,686,41542,14082.133744162535,16513.408117086325,OpenAlex Works API primary_topic.id and AI-subfield topics.id grouped counts,2026-06-19T23:47:35+00:00
2001,T11901,Bayesian Methods and Mixture Models,567,687,44511,12738.424209745906,15434.387005459324,OpenAlex Works API primary_topic.id and AI-subfield topics.id grouped counts,2026-06-19T23:47:35+00:00
2002,T11901,Bayesian Methods and Mixture Models,782,1015,73689,10612.167351979264,13774.104683195592,OpenAlex Works API primary_topic.id and AI-subfield topics.id grouped counts,2026-06-19T23:47:35+00:00
2003,T11901,Bayesian Methods and Mixture Models,756,929,67186,11252.344238382997,13827.285446372756,OpenAlex Works API primary_topic.id and AI-subfield topics.id grouped counts,2026-06-19T23:47:35+00:00
2004,T11901,Bayesian Methods and Mixture Models,905,1121,70835,12776.169972471236,15825.509988000284,OpenAlex Works API primary_topic.id and AI-subfield topics.id grouped counts,2026-06-19T23:47:35+00:00
2005,T11901,Bayesian Methods and Mixture Models,1196,1484,82556,14487.136004651387,17975.677116139348,OpenAlex Works API primary_topic.id and AI-subfield topics.id grouped counts,2026-06-19T23:47:35+00:00
2006,T11901,Bayesian Methods and Mixture Models,1033,1360,89915,11488.628148807207,15125.396207529333,OpenAlex Works API primary_topic.id and AI-subfield topics.id grouped counts,2026-06-19T23:47:35+00:00
2007,T11901,Bayesian Methods and Mixture Models,1131,1442,94054,12025.006910923512,15331.618006677016,OpenAlex Works API primary_topic.id and AI-subfield topics.id grouped counts,2026-06-19T23:47:35+00:00
2008,T11901,Bayesian Methods and Mixture Models,1223,1541,97967,12483.795563812304,15729.78656078067,OpenAlex Works API primary_topic.id and AI-subfield topics.id grouped counts,2026-06-19T23:47:35+00:00
2009,T11901,Bayesian Methods and Mixture Models,1265,1613,104332,12124.755587930837,15460.26147299007,OpenAlex Works API primary_topic.id and AI-subfield topics.id grouped counts,2026-06-19T23:47:35+00:00
2010,T11901,Bayesian Methods and Mixture Models,1345,1721,110997,12117.444615620241,15504.923556492517,OpenAlex Works API primary_topic.id and AI-subfield topics.id grouped counts,2026-06-19T23:47:35+00:00
2011,T11901,Bayesian Methods and Mixture Models,1443,1856,113882,12671.010344040322,16297.571170158586,OpenAlex Works API primary_topic.id and AI-subfield topics.id grouped counts,2026-06-19T23:47:35+00:00
2012,T11901,Bayesian Methods and Mixture Models,1622,2109,117229,13836.166818790573,17990.428989413882,OpenAlex Works API primary_topic.id and AI-subfield topics.id grouped counts,2026-06-19T23:47:35+00:00
2013,T11901,Bayesian Methods and Mixture Models,1695,2205,119603,14171.885320602327,18435.992408217186,OpenAlex Works API primary_topic.id and AI-subfield topics.id grouped counts,2026-06-19T23:47:35+00:00
2014,T11901,Bayesian Methods and Mixture Models,1885,2350,123428,15272.06144472891,19039.439997407393,OpenAlex Works API primary_topic.id and AI-subfield topics.id grouped counts,2026-06-19T23:47:35+00:00
2015,T11901,Bayesian Methods and Mixture Models,1721,2194,123162,13973.4658417369,17813.93611665936,OpenAlex Works API primary_topic.id and AI-subfield topics.id grouped counts,2026-06-19T23:47:35+00:00
2016,T11901,Bayesian Methods and Mixture Models,1832,2355,133301,13743.332758193863,17666.78419516733,OpenAlex Works API primary_topic.id and AI-subfield topics.id grouped counts,2026-06-19T23:47:35+00:00
2017,T11901,Bayesian Methods and Mixture Models,1758,2220,135900,12935.98233995585,16335.540838852097,OpenAlex Works API primary_topic.id and AI-subfield topics.id grouped counts,2026-06-19T23:47:35+00:00
2018,T11901,Bayesian Methods and Mixture Models,1611,2115,151657,10622.655070323164,13945.943807407504,OpenAlex Works API primary_topic.id and AI-subfield topics.id grouped counts,2026-06-19T23:47:35+00:00
2019,T11901,Bayesian Methods and Mixture Models,1794,2306,170876,10498.841265010884,13495.166085348439,OpenAlex Works API primary_topic.id and AI-subfield topics.id grouped counts,2026-06-19T23:47:35+00:00
2020,T11901,Bayesian Methods and Mixture Models,1615,2133,187432,8616.458235520082,11380.127192795255,OpenAlex Works API primary_topic.id and AI-subfield topics.id grouped counts,2026-06-19T23:47:35+00:00
2021,T11901,Bayesian Methods and Mixture Models,1664,2149,188280,8837.900998512854,11413.851710218823,OpenAlex Works API primary_topic.id and AI-subfield topics.id grouped counts,2026-06-19T23:47:35+00:00
2022,T11901,Bayesian Methods and Mixture Models,1476,1851,182108,8105.0805016803215,10164.29810881455,OpenAlex Works API primary_topic.id and AI-subfield topics.id grouped counts,2026-06-19T23:47:35+00:00
2023,T11901,Bayesian Methods and Mixture Models,1370,1767,213149,6427.42870011119,8289.975557004725,OpenAlex Works API primary_topic.id and AI-subfield topics.id grouped counts,2026-06-19T23:47:35+00:00
2024,T11901,Bayesian Methods and Mixture Models,1592,1986,233624,6814.368386809574,8500.838954901894,OpenAlex Works API primary_topic.id and AI-subfield topics.id grouped counts,2026-06-19T23:47:35+00:00
2025,T11901,Bayesian Methods and Mixture Models,1628,2288,287086,5670.774611092146,7969.737291264639,OpenAlex Works API primary_topic.id and AI-subfield topics.id grouped counts,2026-06-19T23:47:35+00:00
2026,T11901,Bayesian Methods and Mixture Models,961,1560,214412,4482.025259780236,7275.712180288417,OpenAlex Works API primary_topic.id and AI-subfield topics.id grouped counts,2026-06-19T23:47:35+00:00
1990,T13018,Seismology and Earthquake Studies,405,418,21171,19129.94190165793,19743.989419488924,OpenAlex Works API primary_topic.id and AI-subfield topics.id grouped counts,2026-06-19T23:47:35+00:00
1991,T13018,Seismology and Earthquake Studies,412,440,22358,18427.408533858128,19679.756686644603,OpenAlex Works API primary_topic.id and AI-subfield topics.id grouped counts,2026-06-19T23:47:35+00:00
1992,T13018,Seismology and Earthquake Studies,392,413,23668,16562.447186074027,17449.721142470844,OpenAlex Works API primary_topic.id and AI-subfield topics.id grouped counts,2026-06-19T23:47:35+00:00
1993,T13018,Seismology and Earthquake Studies,434,453,25174,17240.009533645825,17994.75649479622,OpenAlex Works API primary_topic.id and AI-subfield topics.id grouped counts,2026-06-19T23:47:35+00:00
1994,T13018,Seismology and Earthquake Studies,445,460,26808,16599.522530587885,17159.056997911073,OpenAlex Works API primary_topic.id and AI-subfield topics.id grouped counts,2026-06-19T23:47:35+00:00
1995,T13018,Seismology and Earthquake Studies,496,512,26910,18431.809736157564,19026.38424377555,OpenAlex Works API primary_topic.id and AI-subfield topics.id grouped counts,2026-06-19T23:47:35+00:00
1996,T13018,Seismology and Earthquake Studies,523,545,29167,17931.223643158362,18685.500737134433,OpenAlex Works API primary_topic.id and AI-subfield topics.id grouped counts,2026-06-19T23:47:35+00:00
1997,T13018,Seismology and Earthquake Studies,441,463,29921,14738.812205474416,15474.081748604658,OpenAlex Works API primary_topic.id and AI-subfield topics.id grouped counts,2026-06-19T23:47:35+00:00
1998,T13018,Seismology and Earthquake Studies,346,363,31737,10902.101647918833,11437.754041024671,OpenAlex Works API primary_topic.id and AI-subfield topics.id grouped counts,2026-06-19T23:47:35+00:00
1999,T13018,Seismology and Earthquake Studies,391,411,33899,11534.263547597275,12124.251452845217,OpenAlex Works API primary_topic.id and AI-subfield topics.id grouped counts,2026-06-19T23:47:35+00:00
2000,T13018,Seismology and Earthquake Studies,534,577,41542,12854.460545953492,13889.557556208176,OpenAlex Works API primary_topic.id and AI-subfield topics.id grouped counts,2026-06-19T23:47:35+00:00
2001,T13018,Seismology and Earthquake Studies,578,615,44511,12985.554132686302,13816.809328031273,OpenAlex Works API primary_topic.id and AI-subfield topics.id grouped counts,2026-06-19T23:47:35+00:00
2002,T13018,Seismology and Earthquake Studies,720,768,73689,9770.793469853032,10422.179701176567,OpenAlex Works API primary_topic.id and AI-subfield topics.id grouped counts,2026-06-19T23:47:35+00:00
2003,T13018,Seismology and Earthquake Studies,852,907,67186,12681.213348018933,13499.83627541452,OpenAlex Works API primary_topic.id and AI-subfield topics.id grouped counts,2026-06-19T23:47:35+00:00
2004,T13018,Seismology and Earthquake Studies,707,744,70835,9980.941624902944,10503.282275711159,OpenAlex Works API primary_topic.id and AI-subfield topics.id grouped counts,2026-06-19T23:47:35+00:00
2005,T13018,Seismology and Earthquake Studies,819,873,82556,9920.538785793886,10574.640244197879,OpenAlex Works API primary_topic.id and AI-subfield topics.id grouped counts,2026-06-19T23:47:35+00:00
2006,T13018,Seismology and Earthquake Studies,839,885,89915,9331.03486626258,9842.629149752544,OpenAlex Works API primary_topic.id and AI-subfield topics.id grouped counts,2026-06-19T23:47:35+00:00
2007,T13018,Seismology and Earthquake Studies,944,1009,94054,10036.78737746401,10727.87972866651,OpenAlex Works API primary_topic.id and AI-subfield topics.id grouped counts,2026-06-19T23:47:35+00:00
2008,T13018,Seismology and Earthquake Studies,1042,1110,97967,10636.234650443517,11330.34593281411,OpenAlex Works API primary_topic.id and AI-subfield topics.id grouped counts,2026-06-19T23:47:35+00:00
2009,T13018,Seismology and Earthquake Studies,1213,1288,104332,11626.346662577158,12345.20568952958,OpenAlex Works API primary_topic.id and AI-subfield topics.id grouped counts,2026-06-19T23:47:35+00:00
2010,T13018,Seismology and Earthquake Studies,1266,1332,110997,11405.71366793697,12000.324333090082,OpenAlex Works API primary_topic.id and AI-subfield topics.id grouped counts,2026-06-19T23:47:35+00:00
2011,T13018,Seismology and Earthquake Studies,1286,1357,113882,11292.390368978417,11915.842714388576,OpenAlex Works API primary_topic.id and AI-subfield topics.id grouped counts,2026-06-19T23:47:35+00:00
2012,T13018,Seismology and Earthquake Studies,1408,1490,117229,12010.679951206614,12710.165573364951,OpenAlex Works API primary_topic.id and AI-subfield topics.id grouped counts,2026-06-19T23:47:35+00:00
2013,T13018,Seismology and Earthquake Studies,1609,1683,119603,13452.839811710408,14071.553389129034,OpenAlex Works API primary_topic.id and AI-subfield topics.id grouped counts,2026-06-19T23:47:35+00:00
2014,T13018,Seismology and Earthquake Studies,1705,1798,123428,13813.72135982111,14567.197070356808,OpenAlex Works API primary_topic.id and AI-subfield topics.id grouped counts,2026-06-19T23:47:35+00:00
2015,T13018,Seismology and Earthquake Studies,1678,1758,123162,13624.332180380312,14273.883178253032,OpenAlex Works API primary_topic.id and AI-subfield topics.id grouped counts,2026-06-19T23:47:35+00:00
2016,T13018,Seismology and Earthquake Studies,1743,1840,133301,13075.67085018117,13803.347311723091,OpenAlex Works API primary_topic.id and AI-subfield topics.id grouped counts,2026-06-19T23:47:35+00:00
2017,T13018,Seismology and Earthquake Studies,1765,1873,135900,12987.49080206034,13782.192788815306,OpenAlex Works API primary_topic.id and AI-subfield topics.id grouped counts,2026-06-19T23:47:35+00:00
2018,T13018,Seismology and Earthquake Studies,1784,1903,151657,11763.387116981083,12548.052513237108,OpenAlex Works API primary_topic.id and AI-subfield topics.id grouped counts,2026-06-19T23:47:35+00:00
2019,T13018,Seismology and Earthquake Studies,2158,2310,170876,12629.040941969617,13518.574873007326,OpenAlex Works API primary_topic.id and AI-subfield topics.id grouped counts,2026-06-19T23:47:35+00:00
2020,T13018,Seismology and Earthquake Studies,2473,2597,187432,13194.118400273166,13855.691664176875,OpenAlex Works API primary_topic.id and AI-subfield topics.id grouped counts,2026-06-19T23:47:35+00:00
2021,T13018,Seismology and Earthquake Studies,1800,1953,188280,9560.229445506693,10372.848948374762,OpenAlex Works API primary_topic.id and AI-subfield topics.id grouped counts,2026-06-19T23:47:35+00:00
2022,T13018,Seismology and Earthquake Studies,1605,1714,182108,8813.451358534496,9411.997276341512,OpenAlex Works API primary_topic.id and AI-subfield topics.id grouped counts,2026-06-19T23:47:35+00:00
2023,T13018,Seismology and Earthquake Studies,1783,1926,213149,8365.04041773595,9035.932610521279,OpenAlex Works API primary_topic.id and AI-subfield topics.id grouped counts,2026-06-19T23:47:35+00:00
2024,T13018,Seismology and Earthquake Studies,2081,2368,233624,8907.475259391158,10135.94493716399,OpenAlex Works API primary_topic.id and AI-subfield topics.id grouped counts,2026-06-19T23:47:35+00:00
2025,T13018,Seismology and Earthquake Studies,2599,2876,287086,9053.036372376222,10017.904042691041,OpenAlex Works API primary_topic.id and AI-subfield topics.id grouped counts,2026-06-19T23:47:35+00:00
2026,T13018,Seismology and Earthquake Studies,983,1046,214412,4584.6314571945595,4878.458295244669,OpenAlex Works API primary_topic.id and AI-subfield topics.id grouped counts,2026-06-19T23:47:35+00:00
1990,T11303,Bayesian Modeling and Causal Inference,352,525,21171,16626.51740588541,24798.0728354825,OpenAlex Works API primary_topic.id and AI-subfield topics.id grouped counts,2026-06-19T23:47:35+00:00
1991,T11303,Bayesian Modeling and Causal Inference,361,512,22358,16146.345826997047,22900.080508095536,OpenAlex Works API primary_topic.id and AI-subfield topics.id grouped counts,2026-06-19T23:47:35+00:00
1992,T11303,Bayesian Modeling and Causal Inference,366,550,23668,15463.917525773197,23238.127429440596,OpenAlex Works API primary_topic.id and AI-subfield topics.id grouped counts,2026-06-19T23:47:35+00:00
1993,T11303,Bayesian Modeling and Causal Inference,411,575,25174,16326.368475411138,22841.026455867162,OpenAlex Works API primary_topic.id and AI-subfield topics.id grouped counts,2026-06-19T23:47:35+00:00
1994,T11303,Bayesian Modeling and Causal Inference,467,677,26808,17420.17308266189,25253.65562518651,OpenAlex Works API primary_topic.id and AI-subfield topics.id grouped counts,2026-06-19T23:47:35+00:00
1995,T11303,Bayesian Modeling and Causal Inference,404,601,26910,15013.006317354144,22333.704942400593,OpenAlex Works API primary_topic.id and AI-subfield topics.id grouped counts,2026-06-19T23:47:35+00:00
1996,T11303,Bayesian Modeling and Causal Inference,457,624,29167,15668.392361230157,21394.041210957592,OpenAlex Works API primary_topic.id and AI-subfield topics.id grouped counts,2026-06-19T23:47:35+00:00
1997,T11303,Bayesian Modeling and Causal Inference,441,647,29921,14738.812205474416,21623.608836603053,OpenAlex Works API primary_topic.id and AI-subfield topics.id grouped counts,2026-06-19T23:47:35+00:00
1998,T11303,Bayesian Modeling and Causal Inference,466,669,31737,14683.177363960047,21079.497116929768,OpenAlex Works API primary_topic.id and AI-subfield topics.id grouped counts,2026-06-19T23:47:35+00:00
1999,T11303,Bayesian Modeling and Causal Inference,529,746,33899,15605.180093808078,22006.548865748253,OpenAlex Works API primary_topic.id and AI-subfield topics.id grouped counts,2026-06-19T23:47:35+00:00
2000,T11303,Bayesian Modeling and Causal Inference,577,832,41542,13889.557556208176,20027.92354725338,OpenAlex Works API primary_topic.id and AI-subfield topics.id grouped counts,2026-06-19T23:47:35+00:00
2001,T11303,Bayesian Modeling and Causal Inference,605,873,44511,13592.14576172182,19613.129338815124,OpenAlex Works API primary_topic.id and AI-subfield topics.id grouped counts,2026-06-19T23:47:35+00:00
2002,T11303,Bayesian Modeling and Causal Inference,960,1336,73689,13027.724626470708,18130.250105171737,OpenAlex Works API primary_topic.id and AI-subfield topics.id grouped counts,2026-06-19T23:47:35+00:00
2003,T11303,Bayesian Modeling and Causal Inference,919,1286,67186,13678.444914119013,19140.892447831393,OpenAlex Works API primary_topic.id and AI-subfield topics.id grouped counts,2026-06-19T23:47:35+00:00
2004,T11303,Bayesian Modeling and Causal Inference,972,1314,70835,13722.030069880708,18550.151761135032,OpenAlex Works API primary_topic.id and AI-subfield topics.id grouped counts,2026-06-19T23:47:35+00:00
2005,T11303,Bayesian Modeling and Causal Inference,1218,1667,82556,14753.621784001163,20192.354280730655,OpenAlex Works API primary_topic.id and AI-subfield topics.id grouped counts,2026-06-19T23:47:35+00:00
2006,T11303,Bayesian Modeling and Causal Inference,1164,1612,89915,12945.559695267753,17928.04315186565,OpenAlex Works API primary_topic.id and AI-subfield topics.id grouped counts,2026-06-19T23:47:35+00:00
2007,T11303,Bayesian Modeling and Causal Inference,1326,1802,94054,14098.283964531014,19159.20641333702,OpenAlex Works API primary_topic.id and AI-subfield topics.id grouped counts,2026-06-19T23:47:35+00:00
2008,T11303,Bayesian Modeling and Causal Inference,1280,1782,97967,13065.624138740597,18189.798605652923,OpenAlex Works API primary_topic.id and AI-subfield topics.id grouped counts,2026-06-19T23:47:35+00:00
2009,T11303,Bayesian Modeling and Causal Inference,1307,1815,104332,12527.31664302419,17396.388452248593,OpenAlex Works API primary_topic.id and AI-subfield topics.id grouped counts,2026-06-19T23:47:35+00:00
2010,T11303,Bayesian Modeling and Causal Inference,1485,2029,110997,13378.739965945026,18279.773327207044,OpenAlex Works API primary_topic.id and AI-subfield topics.id grouped counts,2026-06-19T23:47:35+00:00
2011,T11303,Bayesian Modeling and Causal Inference,1472,2014,113882,12925.659893574051,17684.972164169933,OpenAlex Works API primary_topic.id and AI-subfield topics.id grouped counts,2026-06-19T23:47:35+00:00
2012,T11303,Bayesian Modeling and Causal Inference,1838,2404,117229,15678.714311305224,20506.871166690835,OpenAlex Works API primary_topic.id and AI-subfield topics.id grouped counts,2026-06-19T23:47:35+00:00
2013,T11303,Bayesian Modeling and Causal Inference,2278,2986,119603,19046.34499134637,24965.92894827053,OpenAlex Works API primary_topic.id and AI-subfield topics.id grouped counts,2026-06-19T23:47:35+00:00
2014,T11303,Bayesian Modeling and Causal Inference,1677,2328,123428,13586.868457724342,18861.19843147422,OpenAlex Works API primary_topic.id and AI-subfield topics.id grouped counts,2026-06-19T23:47:35+00:00
2015,T11303,Bayesian Modeling and Causal Inference,1546,2197,123162,12552.573033890323,17838.294279079586,OpenAlex Works API primary_topic.id and AI-subfield topics.id grouped counts,2026-06-19T23:47:35+00:00
2016,T11303,Bayesian Modeling and Causal Inference,1599,2272,133301,11995.408886655014,17044.133202301557,OpenAlex Works API primary_topic.id and AI-subfield topics.id grouped counts,2026-06-19T23:47:35+00:00
2017,T11303,Bayesian Modeling and Causal Inference,1573,2248,135900,11574.687270051509,16541.574687270055,OpenAlex Works API primary_topic.id and AI-subfield topics.id grouped counts,2026-06-19T23:47:35+00:00
2018,T11303,Bayesian Modeling and Causal Inference,1698,2393,151657,11196.318007081769,15779.027674291328,OpenAlex Works API primary_topic.id and AI-subfield topics.id grouped counts,2026-06-19T23:47:35+00:00
2019,T11303,Bayesian Modeling and Causal Inference,1645,2491,170876,9626.863924717338,14577.822514571972,OpenAlex Works API primary_topic.id and AI-subfield topics.id grouped counts,2026-06-19T23:47:35+00:00
2020,T11303,Bayesian Modeling and Causal Inference,1749,2709,187432,9331.384181996671,14453.241708993128,OpenAlex Works API primary_topic.id and AI-subfield topics.id grouped counts,2026-06-19T23:47:35+00:00
2021,T11303,Bayesian Modeling and Causal Inference,1777,2834,188280,9438.07095814744,15052.050138092203,OpenAlex Works API primary_topic.id and AI-subfield topics.id grouped counts,2026-06-19T23:47:35+00:00
2022,T11303,Bayesian Modeling and Causal Inference,1504,2515,182108,8258.835416346343,13810.486085180222,OpenAlex Works API primary_topic.id and AI-subfield topics.id grouped counts,2026-06-19T23:47:35+00:00
2023,T11303,Bayesian Modeling and Causal Inference,1641,2858,213149,7698.839778746324,13408.460748115167,OpenAlex Works API primary_topic.id and AI-subfield topics.id grouped counts,2026-06-19T23:47:35+00:00
2024,T11303,Bayesian Modeling and Causal Inference,1588,2523,233624,6797.2468581995,10799.40417080437,OpenAlex Works API primary_topic.id and AI-subfield topics.id grouped counts,2026-06-19T23:47:35+00:00
2025,T11303,Bayesian Modeling and Causal Inference,1843,3081,287086,6419.679120542277,10731.97578425977,OpenAlex Works API primary_topic.id and AI-subfield topics.id grouped counts,2026-06-19T23:47:35+00:00
2026,T11303,Bayesian Modeling and Causal Inference,1422,2757,214412,6632.091487416749,12858.422103240491,OpenAlex Works API primary_topic.id and AI-subfield topics.id grouped counts,2026-06-19T23:47:35+00:00
1990,T11276,Solar Radiation and Photovoltaics,238,238,21171,11241.793018752065,11241.793018752065,OpenAlex Works API primary_topic.id and AI-subfield topics.id grouped counts,2026-06-19T23:47:35+00:00
1991,T11276,Solar Radiation and Photovoltaics,209,209,22358,9347.884426156186,9347.884426156186,OpenAlex Works API primary_topic.id and AI-subfield topics.id grouped counts,2026-06-19T23:47:35+00:00
1992,T11276,Solar Radiation and Photovoltaics,227,227,23668,9591.008957241846,9591.008957241846,OpenAlex Works API primary_topic.id and AI-subfield topics.id grouped counts,2026-06-19T23:47:35+00:00
1993,T11276,Solar Radiation and Photovoltaics,191,192,25174,7587.193135775005,7626.916660046079,OpenAlex Works API primary_topic.id and AI-subfield topics.id grouped counts,2026-06-19T23:47:35+00:00
1994,T11276,Solar Radiation and Photovoltaics,206,206,26808,7684.273351238436,7684.273351238436,OpenAlex Works API primary_topic.id and AI-subfield topics.id grouped counts,2026-06-19T23:47:35+00:00
1995,T11276,Solar Radiation and Photovoltaics,227,228,26910,8435.525826830175,8472.686733556298,OpenAlex Works API primary_topic.id and AI-subfield topics.id grouped counts,2026-06-19T23:47:35+00:00
1996,T11276,Solar Radiation and Photovoltaics,250,252,29167,8571.330613364418,8639.901258271333,OpenAlex Works API primary_topic.id and AI-subfield topics.id grouped counts,2026-06-19T23:47:35+00:00
1997,T11276,Solar Radiation and Photovoltaics,229,231,29921,7653.487517128438,7720.330202867551,OpenAlex Works API primary_topic.id and AI-subfield topics.id grouped counts,2026-06-19T23:47:35+00:00
1998,T11276,Solar Radiation and Photovoltaics,232,233,31737,7310.0797176796805,7341.5886819800235,OpenAlex Works API primary_topic.id and AI-subfield topics.id grouped counts,2026-06-19T23:47:35+00:00
1999,T11276,Solar Radiation and Photovoltaics,215,215,33899,6342.369981415381,6342.369981415381,OpenAlex Works API primary_topic.id and AI-subfield topics.id grouped counts,2026-06-19T23:47:35+00:00
2000,T11276,Solar Radiation and Photovoltaics,313,316,41542,7534.5433537143135,7606.759424197197,OpenAlex Works API primary_topic.id and AI-subfield topics.id grouped counts,2026-06-19T23:47:35+00:00
2001,T11276,Solar Radiation and Photovoltaics,280,281,44511,6290.5798566646445,6313.04621329559,OpenAlex Works API primary_topic.id and AI-subfield topics.id grouped counts,2026-06-19T23:47:35+00:00
2002,T11276,Solar Radiation and Photovoltaics,374,378,73689,5075.384385729213,5129.666571672841,OpenAlex Works API primary_topic.id and AI-subfield topics.id grouped counts,2026-06-19T23:47:35+00:00
2003,T11276,Solar Radiation and Photovoltaics,409,411,67186,6087.577769178102,6117.345875628851,OpenAlex Works API primary_topic.id and AI-subfield topics.id grouped counts,2026-06-19T23:47:35+00:00
2004,T11276,Solar Radiation and Photovoltaics,436,437,70835,6155.149290604927,6169.266605491635,OpenAlex Works API primary_topic.id and AI-subfield topics.id grouped counts,2026-06-19T23:47:35+00:00
2005,T11276,Solar Radiation and Photovoltaics,421,427,82556,5099.568777557052,5172.246717379719,OpenAlex Works API primary_topic.id and AI-subfield topics.id grouped counts,2026-06-19T23:47:35+00:00
2006,T11276,Solar Radiation and Photovoltaics,428,431,89915,4760.05115942835,4793.416004003781,OpenAlex Works API primary_topic.id and AI-subfield topics.id grouped counts,2026-06-19T23:47:35+00:00
2007,T11276,Solar Radiation and Photovoltaics,426,426,94054,4529.312947881004,4529.312947881004,OpenAlex Works API primary_topic.id and AI-subfield topics.id grouped counts,2026-06-19T23:47:35+00:00
2008,T11276,Solar Radiation and Photovoltaics,597,603,97967,6093.888758459481,6155.133871609828,OpenAlex Works API primary_topic.id and AI-subfield topics.id grouped counts,2026-06-19T23:47:35+00:00
2009,T11276,Solar Radiation and Photovoltaics,617,622,104332,5913.813595061918,5961.737530192079,OpenAlex Works API primary_topic.id and AI-subfield topics.id grouped counts,2026-06-19T23:47:35+00:00
2010,T11276,Solar Radiation and Photovoltaics,912,913,110997,8216.438282115732,8225.447534618053,OpenAlex Works API primary_topic.id and AI-subfield topics.id grouped counts,2026-06-19T23:47:35+00:00
2011,T11276,Solar Radiation and Photovoltaics,929,934,113882,8157.5666040287315,8201.471698775926,OpenAlex Works API primary_topic.id and AI-subfield topics.id grouped counts,2026-06-19T23:47:35+00:00
2012,T11276,Solar Radiation and Photovoltaics,1193,1201,117229,10176.662771157307,10244.905270880072,OpenAlex Works API primary_topic.id and AI-subfield topics.id grouped counts,2026-06-19T23:47:35+00:00
2013,T11276,Solar Radiation and Photovoltaics,1352,1355,119603,11304.064279324097,11329.14726219242,OpenAlex Works API primary_topic.id and AI-subfield topics.id grouped counts,2026-06-19T23:47:35+00:00
2014,T11276,Solar Radiation and Photovoltaics,1571,1584,123428,12728.068185500859,12833.392747188645,OpenAlex Works API primary_topic.id and AI-subfield topics.id grouped counts,2026-06-19T23:47:35+00:00
2015,T11276,Solar Radiation and Photovoltaics,1598,1610,123162,12974.781182507591,13072.2138321885,OpenAlex Works API primary_topic.id and AI-subfield topics.id grouped counts,2026-06-19T23:47:35+00:00
2016,T11276,Solar Radiation and Photovoltaics,1743,1762,133301,13075.67085018117,13218.205414813092,OpenAlex Works API primary_topic.id and AI-subfield topics.id grouped counts,2026-06-19T23:47:35+00:00
2017,T11276,Solar Radiation and Photovoltaics,1893,1902,135900,13929.35982339956,13995.584988962473,OpenAlex Works API primary_topic.id and AI-subfield topics.id grouped counts,2026-06-19T23:47:35+00:00
2018,T11276,Solar Radiation and Photovoltaics,2086,2101,151657,13754.72282848797,13853.630231377385,OpenAlex Works API primary_topic.id and AI-subfield topics.id grouped counts,2026-06-19T23:47:35+00:00
2019,T11276,Solar Radiation and Photovoltaics,2230,2251,170876,13050.399119829584,13173.295255038742,OpenAlex Works API primary_topic.id and AI-subfield topics.id grouped counts,2026-06-19T23:47:35+00:00
2020,T11276,Solar Radiation and Photovoltaics,2321,2338,187432,12383.157625165393,12473.85718553929,OpenAlex Works API primary_topic.id and AI-subfield topics.id grouped counts,2026-06-19T23:47:35+00:00
2021,T11276,Solar Radiation and Photovoltaics,2448,2456,188280,13001.912045889101,13044.401954535799,OpenAlex Works API primary_topic.id and AI-subfield topics.id grouped counts,2026-06-19T23:47:35+00:00
2022,T11276,Solar Radiation and Photovoltaics,2498,2525,182108,13717.134886990138,13865.398554703803,OpenAlex Works API primary_topic.id and AI-subfield topics.id grouped counts,2026-06-19T23:47:35+00:00
2023,T11276,Solar Radiation and Photovoltaics,3007,3039,213149,14107.502263674707,14257.631985137157,OpenAlex Works API primary_topic.id and AI-subfield topics.id grouped counts,2026-06-19T23:47:35+00:00
2024,T11276,Solar Radiation and Photovoltaics,3045,3070,233624,13033.763654419066,13140.77320823203,OpenAlex Works API primary_topic.id and AI-subfield topics.id grouped counts,2026-06-19T23:47:35+00:00
2025,T11276,Solar Radiation and Photovoltaics,3754,3788,287086,13076.221062678082,13194.652473474847,OpenAlex Works API primary_topic.id and AI-subfield topics.id grouped counts,2026-06-19T23:47:35+00:00
2026,T11276,Solar Radiation and Photovoltaics,1985,2003,214412,9257.877357610581,9341.827882767755,OpenAlex Works API primary_topic.id and AI-subfield topics.id grouped counts,2026-06-19T23:47:35+00:00
1990,T10906,AI-based Problem Solving and Planning,1075,1568,21171,50777.00628217845,74063.57753530773,OpenAlex Works API primary_topic.id and AI-subfield topics.id grouped counts,2026-06-19T23:47:35+00:00
1991,T10906,AI-based Problem Solving and Planning,1106,1652,22358,49467.75203506574,73888.54101440201,OpenAlex Works API primary_topic.id and AI-subfield topics.id grouped counts,2026-06-19T23:47:35+00:00
1992,T10906,AI-based Problem Solving and Planning,1073,1643,23668,45335.474057799554,69418.62430285619,OpenAlex Works API primary_topic.id and AI-subfield topics.id grouped counts,2026-06-19T23:47:35+00:00
1993,T10906,AI-based Problem Solving and Planning,1108,1683,25174,44013.664892349254,66854.69134821641,OpenAlex Works API primary_topic.id and AI-subfield topics.id grouped counts,2026-06-19T23:47:35+00:00
1994,T10906,AI-based Problem Solving and Planning,1030,1640,26808,38421.36675619218,61175.768427335126,OpenAlex Works API primary_topic.id and AI-subfield topics.id grouped counts,2026-06-19T23:47:35+00:00
1995,T10906,AI-based Problem Solving and Planning,881,1415,26910,32738.75882571535,52582.68301746562,OpenAlex Works API primary_topic.id and AI-subfield topics.id grouped counts,2026-06-19T23:47:35+00:00
1996,T10906,AI-based Problem Solving and Planning,866,1409,29167,29691.089244694344,48308.01933692187,OpenAlex Works API primary_topic.id and AI-subfield topics.id grouped counts,2026-06-19T23:47:35+00:00
1997,T10906,AI-based Problem Solving and Planning,830,1350,29921,27739.714581731892,45118.812873901275,OpenAlex Works API primary_topic.id and AI-subfield topics.id grouped counts,2026-06-19T23:47:35+00:00
1998,T10906,AI-based Problem Solving and Planning,786,1350,31737,24766.04594006995,42537.10180546365,OpenAlex Works API primary_topic.id and AI-subfield topics.id grouped counts,2026-06-19T23:47:35+00:00
1999,T10906,AI-based Problem Solving and Planning,770,1340,33899,22714.534352045783,39529.18965161214,OpenAlex Works API primary_topic.id and AI-subfield topics.id grouped counts,2026-06-19T23:47:35+00:00
2000,T10906,AI-based Problem Solving and Planning,737,1378,41542,17741.081315295363,33171.24837513841,OpenAlex Works API primary_topic.id and AI-subfield topics.id grouped counts,2026-06-19T23:47:35+00:00
2001,T10906,AI-based Problem Solving and Planning,659,1218,44511,14805.32901979286,27364.022376491204,OpenAlex Works API primary_topic.id and AI-subfield topics.id grouped counts,2026-06-19T23:47:35+00:00
2002,T10906,AI-based Problem Solving and Planning,1561,2679,73689,21183.623064500807,36355.49403574482,OpenAlex Works API primary_topic.id and AI-subfield topics.id grouped counts,2026-06-19T23:47:35+00:00
2003,T10906,AI-based Problem Solving and Planning,1113,2005,67186,16565.951239841634,29842.526716875538,OpenAlex Works API primary_topic.id and AI-subfield topics.id grouped counts,2026-06-19T23:47:35+00:00
2004,T10906,AI-based Problem Solving and Planning,844,1606,70835,11915.013764382014,22672.40770805393,OpenAlex Works API primary_topic.id and AI-subfield topics.id grouped counts,2026-06-19T23:47:35+00:00
2005,T10906,AI-based Problem Solving and Planning,1185,2076,82556,14353.8931149765,25146.567178642377,OpenAlex Works API primary_topic.id and AI-subfield topics.id grouped counts,2026-06-19T23:47:35+00:00
2006,T10906,AI-based Problem Solving and Planning,1013,1935,89915,11266.195851637658,21520.32475115387,OpenAlex Works API primary_topic.id and AI-subfield topics.id grouped counts,2026-06-19T23:47:35+00:00
2007,T10906,AI-based Problem Solving and Planning,1077,2002,94054,11450.86864992451,21285.644417037023,OpenAlex Works API primary_topic.id and AI-subfield topics.id grouped counts,2026-06-19T23:47:35+00:00
2008,T10906,AI-based Problem Solving and Planning,953,1849,97967,9727.76547204671,18873.702369165127,OpenAlex Works API primary_topic.id and AI-subfield topics.id grouped counts,2026-06-19T23:47:35+00:00
2009,T10906,AI-based Problem Solving and Planning,974,1771,104332,9335.582563355443,16974.65782310317,OpenAlex Works API primary_topic.id and AI-subfield topics.id grouped counts,2026-06-19T23:47:35+00:00
2010,T10906,AI-based Problem Solving and Planning,970,1879,110997,8738.974927250285,16928.385451859056,OpenAlex Works API primary_topic.id and AI-subfield topics.id grouped counts,2026-06-19T23:47:35+00:00
2011,T10906,AI-based Problem Solving and Planning,999,1889,113882,8772.237930489453,16587.34479549007,OpenAlex Works API primary_topic.id and AI-subfield topics.id grouped counts,2026-06-19T23:47:35+00:00
2012,T10906,AI-based Problem Solving and Planning,965,1846,117229,8231.751529058509,15746.956811027987,OpenAlex Works API primary_topic.id and AI-subfield topics.id grouped counts,2026-06-19T23:47:35+00:00
2013,T10906,AI-based Problem Solving and Planning,1037,2133,119603,8670.351078150214,17834.00081937744,OpenAlex Works API primary_topic.id and AI-subfield topics.id grouped counts,2026-06-19T23:47:35+00:00
2014,T10906,AI-based Problem Solving and Planning,934,1733,123428,7567.164662799365,14040.57426191788,OpenAlex Works API primary_topic.id and AI-subfield topics.id grouped counts,2026-06-19T23:47:35+00:00
2015,T10906,AI-based Problem Solving and Planning,854,1653,123162,6933.956902291291,13421.347493545087,OpenAlex Works API primary_topic.id and AI-subfield topics.id grouped counts,2026-06-19T23:47:35+00:00
2016,T10906,AI-based Problem Solving and Planning,861,1599,133301,6459.066323583469,11995.408886655014,OpenAlex Works API primary_topic.id and AI-subfield topics.id grouped counts,2026-06-19T23:47:35+00:00
2017,T10906,AI-based Problem Solving and Planning,824,1529,135900,6063.281824871229,11250.919793966152,OpenAlex Works API primary_topic.id and AI-subfield topics.id grouped counts,2026-06-19T23:47:35+00:00
2018,T10906,AI-based Problem Solving and Planning,895,1685,151657,5901.475039068425,11110.598257910944,OpenAlex Works API primary_topic.id and AI-subfield topics.id grouped counts,2026-06-19T23:47:35+00:00
2019,T10906,AI-based Problem Solving and Planning,791,1504,170876,4629.087759544934,8801.704159741568,OpenAlex Works API primary_topic.id and AI-subfield topics.id grouped counts,2026-06-19T23:47:35+00:00
2020,T10906,AI-based Problem Solving and Planning,782,1502,187432,4172.179777199197,8013.572922446541,OpenAlex Works API primary_topic.id and AI-subfield topics.id grouped counts,2026-06-19T23:47:35+00:00
2021,T10906,AI-based Problem Solving and Planning,789,1460,188280,4190.567240280434,7754.408328022095,OpenAlex Works API primary_topic.id and AI-subfield topics.id grouped counts,2026-06-19T23:47:35+00:00
2022,T10906,AI-based Problem Solving and Planning,608,1147,182108,3338.678147033628,6298.460254354559,OpenAlex Works API primary_topic.id and AI-subfield topics.id grouped counts,2026-06-19T23:47:35+00:00
2023,T10906,AI-based Problem Solving and Planning,663,1280,213149,3110.50016655016,6005.188858498046,OpenAlex Works API primary_topic.id and AI-subfield topics.id grouped counts,2026-06-19T23:47:35+00:00
2024,T10906,AI-based Problem Solving and Planning,1017,1995,233624,4353.148649111393,8539.362394274562,OpenAlex Works API primary_topic.id and AI-subfield topics.id grouped counts,2026-06-19T23:47:35+00:00
2025,T10906,AI-based Problem Solving and Planning,1751,3503,287086,6099.217656033384,12201.91858885491,OpenAlex Works API primary_topic.id and AI-subfield topics.id grouped counts,2026-06-19T23:47:35+00:00
2026,T10906,AI-based Problem Solving and Planning,2203,4384,214412,10274.611495625246,20446.616793836165,OpenAlex Works API primary_topic.id and AI-subfield topics.id grouped counts,2026-06-19T23:47:35+00:00
1990,T12026,Explainable Artificial Intelligence (XAI),26,49,21171,1228.0950356619906,2314.4867979783667,OpenAlex Works API primary_topic.id and AI-subfield topics.id grouped counts,2026-06-19T23:47:35+00:00
1991,T12026,Explainable Artificial Intelligence (XAI),22,43,22358,983.98783433223,1923.2489489220861,OpenAlex Works API primary_topic.id and AI-subfield topics.id grouped counts,2026-06-19T23:47:35+00:00
1992,T12026,Explainable Artificial Intelligence (XAI),15,36,23668,633.7671117120162,1521.041068108839,OpenAlex Works API primary_topic.id and AI-subfield topics.id grouped counts,2026-06-19T23:47:35+00:00
1993,T12026,Explainable Artificial Intelligence (XAI),30,53,25174,1191.7057281322,2105.3467863668866,OpenAlex Works API primary_topic.id and AI-subfield topics.id grouped counts,2026-06-19T23:47:35+00:00
1994,T12026,Explainable Artificial Intelligence (XAI),19,39,26808,708.7436586093703,1454.7896150402864,OpenAlex Works API primary_topic.id and AI-subfield topics.id grouped counts,2026-06-19T23:47:35+00:00
1995,T12026,Explainable Artificial Intelligence (XAI),8,28,26910,297.28725380899294,1040.5053883314752,OpenAlex Works API primary_topic.id and AI-subfield topics.id grouped counts,2026-06-19T23:47:35+00:00
1996,T12026,Explainable Artificial Intelligence (XAI),18,38,29167,617.1358041622381,1302.8422532313916,OpenAlex Works API primary_topic.id and AI-subfield topics.id grouped counts,2026-06-19T23:47:35+00:00
1997,T12026,Explainable Artificial Intelligence (XAI),11,28,29921,367.6347715651215,935.797600347582,OpenAlex Works API primary_topic.id and AI-subfield topics.id grouped counts,2026-06-19T23:47:35+00:00
1998,T12026,Explainable Artificial Intelligence (XAI),16,32,31737,504.1434288054952,1008.2868576109904,OpenAlex Works API primary_topic.id and AI-subfield topics.id grouped counts,2026-06-19T23:47:35+00:00
1999,T12026,Explainable Artificial Intelligence (XAI),18,39,33899,530.9891147231481,1150.4764152334876,OpenAlex Works API primary_topic.id and AI-subfield topics.id grouped counts,2026-06-19T23:47:35+00:00
2000,T12026,Explainable Artificial Intelligence (XAI),29,66,41542,698.0886813345529,1588.7535506234656,OpenAlex Works API primary_topic.id and AI-subfield topics.id grouped counts,2026-06-19T23:47:35+00:00
2001,T12026,Explainable Artificial Intelligence (XAI),18,38,44511,404.39441935701285,853.721551975916,OpenAlex Works API primary_topic.id and AI-subfield topics.id grouped counts,2026-06-19T23:47:35+00:00
2002,T12026,Explainable Artificial Intelligence (XAI),14,42,73689,189.98765080269783,569.9629524080935,OpenAlex Works API primary_topic.id and AI-subfield topics.id grouped counts,2026-06-19T23:47:35+00:00
2003,T12026,Explainable Artificial Intelligence (XAI),15,40,67186,223.260798380615,595.3621290149734,OpenAlex Works API primary_topic.id and AI-subfield topics.id grouped counts,2026-06-19T23:47:35+00:00
2004,T12026,Explainable Artificial Intelligence (XAI),17,40,70835,239.9943530740453,564.6925954683419,OpenAlex Works API primary_topic.id and AI-subfield topics.id grouped counts,2026-06-19T23:47:35+00:00
2005,T12026,Explainable Artificial Intelligence (XAI),38,79,82556,460.29361887688356,956.9262076651,OpenAlex Works API primary_topic.id and AI-subfield topics.id grouped counts,2026-06-19T23:47:35+00:00
2006,T12026,Explainable Artificial Intelligence (XAI),38,78,89915,422.6213646221431,867.4859589612411,OpenAlex Works API primary_topic.id and AI-subfield topics.id grouped counts,2026-06-19T23:47:35+00:00
2007,T12026,Explainable Artificial Intelligence (XAI),33,70,94054,350.86227061050033,744.2533012950007,OpenAlex Works API primary_topic.id and AI-subfield topics.id grouped counts,2026-06-19T23:47:35+00:00
2008,T12026,Explainable Artificial Intelligence (XAI),40,77,97967,408.30075433564366,785.978952096114,OpenAlex Works API primary_topic.id and AI-subfield topics.id grouped counts,2026-06-19T23:47:35+00:00
2009,T12026,Explainable Artificial Intelligence (XAI),37,75,104332,354.63711996319444,718.8590269524211,OpenAlex Works API primary_topic.id and AI-subfield topics.id grouped counts,2026-06-19T23:47:35+00:00
2010,T12026,Explainable Artificial Intelligence (XAI),45,96,110997,405.41636260439475,864.8882402227088,OpenAlex Works API primary_topic.id and AI-subfield topics.id grouped counts,2026-06-19T23:47:35+00:00
2011,T12026,Explainable Artificial Intelligence (XAI),39,86,113882,342.4597390281168,755.1676296517447,OpenAlex Works API primary_topic.id and AI-subfield topics.id grouped counts,2026-06-19T23:47:35+00:00
2012,T12026,Explainable Artificial Intelligence (XAI),54,120,117229,460.63687312866267,1023.6374958414726,OpenAlex Works API primary_topic.id and AI-subfield topics.id grouped counts,2026-06-19T23:47:35+00:00
2013,T12026,Explainable Artificial Intelligence (XAI),70,159,119603,585.2696002608631,1329.3980920211031,OpenAlex Works API primary_topic.id and AI-subfield topics.id grouped counts,2026-06-19T23:47:35+00:00
2014,T12026,Explainable Artificial Intelligence (XAI),77,153,123428,623.8454807661146,1239.5890721716303,OpenAlex Works API primary_topic.id and AI-subfield topics.id grouped counts,2026-06-19T23:47:35+00:00
2015,T12026,Explainable Artificial Intelligence (XAI),86,204,123162,698.2673227131746,1656.3550445754372,OpenAlex Works API primary_topic.id and AI-subfield topics.id grouped counts,2026-06-19T23:47:35+00:00
2016,T12026,Explainable Artificial Intelligence (XAI),146,325,133301,1095.2656019084627,2438.091237125003,OpenAlex Works API primary_topic.id and AI-subfield topics.id grouped counts,2026-06-19T23:47:35+00:00
2017,T12026,Explainable Artificial Intelligence (XAI),281,590,135900,2067.696835908757,4341.4275202354675,OpenAlex Works API primary_topic.id and AI-subfield topics.id grouped counts,2026-06-19T23:47:35+00:00
2018,T12026,Explainable Artificial Intelligence (XAI),615,1166,151657,4055.2035184660117,7688.4021179371875,OpenAlex Works API primary_topic.id and AI-subfield topics.id grouped counts,2026-06-19T23:47:35+00:00
2019,T12026,Explainable Artificial Intelligence (XAI),1108,2108,170876,6484.23418151174,12336.431096233526,OpenAlex Works API primary_topic.id and AI-subfield topics.id grouped counts,2026-06-19T23:47:35+00:00
2020,T12026,Explainable Artificial Intelligence (XAI),1780,3196,187432,9496.777497972598,17051.517350292375,OpenAlex Works API primary_topic.id and AI-subfield topics.id grouped counts,2026-06-19T23:47:35+00:00
2021,T12026,Explainable Artificial Intelligence (XAI),2412,4287,188280,12810.707456978967,22769.27979604844,OpenAlex Works API primary_topic.id and AI-subfield topics.id grouped counts,2026-06-19T23:47:35+00:00
2022,T12026,Explainable Artificial Intelligence (XAI),2567,4629,182108,14096.030926702835,25418.982142464913,OpenAlex Works API primary_topic.id and AI-subfield topics.id grouped counts,2026-06-19T23:47:35+00:00
2023,T12026,Explainable Artificial Intelligence (XAI),3604,6472,213149,16908.35987970856,30363.736165780745,OpenAlex Works API primary_topic.id and AI-subfield topics.id grouped counts,2026-06-19T23:47:35+00:00
2024,T12026,Explainable Artificial Intelligence (XAI),3753,5783,233624,16064.274218402219,24753.44998801493,OpenAlex Works API primary_topic.id and AI-subfield topics.id grouped counts,2026-06-19T23:47:35+00:00
2025,T12026,Explainable Artificial Intelligence (XAI),7808,13968,287086,27197.425161798208,48654.41017674146,OpenAlex Works API primary_topic.id and AI-subfield topics.id grouped counts,2026-06-19T23:47:35+00:00
2026,T12026,Explainable Artificial Intelligence (XAI),10127,20590,214412,47231.49823703897,96030.07294367853,OpenAlex Works API primary_topic.id and AI-subfield topics.id grouped counts,2026-06-19T23:47:35+00:00
1990,T11574,Artificial Intelligence in Games,182,229,21171,8596.665249633934,10816.683198715224,OpenAlex Works API primary_topic.id and AI-subfield topics.id grouped counts,2026-06-19T23:47:35+00:00
1991,T11574,Artificial Intelligence in Games,184,225,22358,8229.716432596833,10063.511942034173,OpenAlex Works API primary_topic.id and AI-subfield topics.id grouped counts,2026-06-19T23:47:35+00:00
1992,T11574,Artificial Intelligence in Games,198,246,23668,8365.725874598615,10393.780632077067,OpenAlex Works API primary_topic.id and AI-subfield topics.id grouped counts,2026-06-19T23:47:35+00:00
1993,T11574,Artificial Intelligence in Games,179,221,25174,7110.510844522127,8778.898863907207,OpenAlex Works API primary_topic.id and AI-subfield topics.id grouped counts,2026-06-19T23:47:35+00:00
1994,T11574,Artificial Intelligence in Games,204,267,26808,7609.668755595345,9959.713518352732,OpenAlex Works API primary_topic.id and AI-subfield topics.id grouped counts,2026-06-19T23:47:35+00:00
1995,T11574,Artificial Intelligence in Games,179,213,26910,6651.8023039762165,7915.273132664437,OpenAlex Works API primary_topic.id and AI-subfield topics.id grouped counts,2026-06-19T23:47:35+00:00
1996,T11574,Artificial Intelligence in Games,235,289,29167,8057.050776562553,9908.458189049268,OpenAlex Works API primary_topic.id and AI-subfield topics.id grouped counts,2026-06-19T23:47:35+00:00
1997,T11574,Artificial Intelligence in Games,242,325,29921,8087.964974432673,10861.936432605862,OpenAlex Works API primary_topic.id and AI-subfield topics.id grouped counts,2026-06-19T23:47:35+00:00
1998,T11574,Artificial Intelligence in Games,244,322,31737,7688.187289283801,10145.88650471059,OpenAlex Works API primary_topic.id and AI-subfield topics.id grouped counts,2026-06-19T23:47:35+00:00
1999,T11574,Artificial Intelligence in Games,243,331,33899,7168.3530487625,9764.299831853448,OpenAlex Works API primary_topic.id and AI-subfield topics.id grouped counts,2026-06-19T23:47:35+00:00
2000,T11574,Artificial Intelligence in Games,302,379,41542,7269.751095277069,9123.29690433778,OpenAlex Works API primary_topic.id and AI-subfield topics.id grouped counts,2026-06-19T23:47:35+00:00
2001,T11574,Artificial Intelligence in Games,333,441,44511,7481.296758104738,9907.663274246815,OpenAlex Works API primary_topic.id and AI-subfield topics.id grouped counts,2026-06-19T23:47:35+00:00
2002,T11574,Artificial Intelligence in Games,471,627,73689,6391.727394862191,8508.73264666368,OpenAlex Works API primary_topic.id and AI-subfield topics.id grouped counts,2026-06-19T23:47:35+00:00
2003,T11574,Artificial Intelligence in Games,488,617,67186,7263.417973982675,9183.460840055963,OpenAlex Works API primary_topic.id and AI-subfield topics.id grouped counts,2026-06-19T23:47:35+00:00
2004,T11574,Artificial Intelligence in Games,507,663,70835,7157.478647561234,9359.779769887768,OpenAlex Works API primary_topic.id and AI-subfield topics.id grouped counts,2026-06-19T23:47:35+00:00
2005,T11574,Artificial Intelligence in Games,573,757,82556,6940.7432530645865,9169.533407626337,OpenAlex Works API primary_topic.id and AI-subfield topics.id grouped counts,2026-06-19T23:47:35+00:00
2006,T11574,Artificial Intelligence in Games,694,886,89915,7718.400711783352,9853.750764611023,OpenAlex Works API primary_topic.id and AI-subfield topics.id grouped counts,2026-06-19T23:47:35+00:00
2007,T11574,Artificial Intelligence in Games,836,1052,94054,8888.51085546601,11185.063899462011,OpenAlex Works API primary_topic.id and AI-subfield topics.id grouped counts,2026-06-19T23:47:35+00:00
2008,T11574,Artificial Intelligence in Games,843,1043,97967,8604.93839762369,10646.442169301909,OpenAlex Works API primary_topic.id and AI-subfield topics.id grouped counts,2026-06-19T23:47:35+00:00
2009,T11574,Artificial Intelligence in Games,929,1152,104332,8904.26714718399,11041.674653989188,OpenAlex Works API primary_topic.id and AI-subfield topics.id grouped counts,2026-06-19T23:47:35+00:00
2010,T11574,Artificial Intelligence in Games,1085,1328,110997,9775.038965017073,11964.287323080804,OpenAlex Works API primary_topic.id and AI-subfield topics.id grouped counts,2026-06-19T23:47:35+00:00
2011,T11574,Artificial Intelligence in Games,1111,1366,113882,9755.712052826611,11994.871884933527,OpenAlex Works API primary_topic.id and AI-subfield topics.id grouped counts,2026-06-19T23:47:35+00:00
2012,T11574,Artificial Intelligence in Games,1273,1531,117229,10859.087768384956,13059.908384444123,OpenAlex Works API primary_topic.id and AI-subfield topics.id grouped counts,2026-06-19T23:47:35+00:00
2013,T11574,Artificial Intelligence in Games,1210,1446,119603,10116.80309022349,12089.997742531541,OpenAlex Works API primary_topic.id and AI-subfield topics.id grouped counts,2026-06-19T23:47:35+00:00
2014,T11574,Artificial Intelligence in Games,1380,1604,123428,11180.60731762647,12995.43053440062,OpenAlex Works API primary_topic.id and AI-subfield topics.id grouped counts,2026-06-19T23:47:35+00:00
2015,T11574,Artificial Intelligence in Games,1434,1697,123162,11643.201636868514,13778.600542375083,OpenAlex Works API primary_topic.id and AI-subfield topics.id grouped counts,2026-06-19T23:47:35+00:00
2016,T11574,Artificial Intelligence in Games,1317,1597,133301,9879.895874749627,11980.405248272706,OpenAlex Works API primary_topic.id and AI-subfield topics.id grouped counts,2026-06-19T23:47:35+00:00
2017,T11574,Artificial Intelligence in Games,1378,1666,135900,10139.80868285504,12259.013980868285,OpenAlex Works API primary_topic.id and AI-subfield topics.id grouped counts,2026-06-19T23:47:35+00:00
2018,T11574,Artificial Intelligence in Games,1558,1952,151657,10273.182246780563,12871.15002934253,OpenAlex Works API primary_topic.id and AI-subfield topics.id grouped counts,2026-06-19T23:47:35+00:00
2019,T11574,Artificial Intelligence in Games,1519,1964,170876,8889.487113462394,11493.714740513587,OpenAlex Works API primary_topic.id and AI-subfield topics.id grouped counts,2026-06-19T23:47:35+00:00
2020,T11574,Artificial Intelligence in Games,1629,2100,187432,8691.151991122115,11204.06334030475,OpenAlex Works API primary_topic.id and AI-subfield topics.id grouped counts,2026-06-19T23:47:35+00:00
2021,T11574,Artificial Intelligence in Games,1484,1990,188280,7881.878053962184,10569.364775865732,OpenAlex Works API primary_topic.id and AI-subfield topics.id grouped counts,2026-06-19T23:47:35+00:00
2022,T11574,Artificial Intelligence in Games,1278,1696,182108,7017.813605113449,9313.154831199068,OpenAlex Works API primary_topic.id and AI-subfield topics.id grouped counts,2026-06-19T23:47:35+00:00
2023,T11574,Artificial Intelligence in Games,1353,1768,213149,6347.672285584263,8294.667110800427,OpenAlex Works API primary_topic.id and AI-subfield topics.id grouped counts,2026-06-19T23:47:35+00:00
2024,T11574,Artificial Intelligence in Games,1568,2022,233624,6711.639215149129,8654.932712392561,OpenAlex Works API primary_topic.id and AI-subfield topics.id grouped counts,2026-06-19T23:47:35+00:00
2025,T11574,Artificial Intelligence in Games,2289,3101,287086,7973.220568052778,10801.641320022572,OpenAlex Works API primary_topic.id and AI-subfield topics.id grouped counts,2026-06-19T23:47:35+00:00
2026,T11574,Artificial Intelligence in Games,2218,3265,214412,10344.570266589557,15227.692479898513,OpenAlex Works API primary_topic.id and AI-subfield topics.id grouped counts,2026-06-19T23:47:35+00:00
1990,T11307,Domain Adaptation and Few-Shot Learning,7,20,21171,330.6409711397667,944.6884889707619,OpenAlex Works API primary_topic.id and AI-subfield topics.id grouped counts,2026-06-19T23:47:35+00:00
1991,T11307,Domain Adaptation and Few-Shot Learning,6,34,22358,268.3603184542446,1520.708471240719,OpenAlex Works API primary_topic.id and AI-subfield topics.id grouped counts,2026-06-19T23:47:35+00:00
1992,T11307,Domain Adaptation and Few-Shot Learning,8,23,23668,338.00912624640864,971.7762379584249,OpenAlex Works API primary_topic.id and AI-subfield topics.id grouped counts,2026-06-19T23:47:35+00:00
1993,T11307,Domain Adaptation and Few-Shot Learning,3,17,25174,119.17057281321999,675.2999126082467,OpenAlex Works API primary_topic.id and AI-subfield topics.id grouped counts,2026-06-19T23:47:35+00:00
1994,T11307,Domain Adaptation and Few-Shot Learning,6,28,26808,223.81378692927484,1044.4643390032827,OpenAlex Works API primary_topic.id and AI-subfield topics.id grouped counts,2026-06-19T23:47:35+00:00
1995,T11307,Domain Adaptation and Few-Shot Learning,7,34,26910,260.1263470828688,1263.47082868822,OpenAlex Works API primary_topic.id and AI-subfield topics.id grouped counts,2026-06-19T23:47:35+00:00
1996,T11307,Domain Adaptation and Few-Shot Learning,11,36,29167,377.1385469880344,1234.2716083244761,OpenAlex Works API primary_topic.id and AI-subfield topics.id grouped counts,2026-06-19T23:47:35+00:00
1997,T11307,Domain Adaptation and Few-Shot Learning,8,30,29921,267.37074295645203,1002.6402860866949,OpenAlex Works API primary_topic.id and AI-subfield topics.id grouped counts,2026-06-19T23:47:35+00:00
1998,T11307,Domain Adaptation and Few-Shot Learning,9,27,31737,283.58067870309105,850.742036109273,OpenAlex Works API primary_topic.id and AI-subfield topics.id grouped counts,2026-06-19T23:47:35+00:00
1999,T11307,Domain Adaptation and Few-Shot Learning,12,34,33899,353.9927431487655,1002.9794389215022,OpenAlex Works API primary_topic.id and AI-subfield topics.id grouped counts,2026-06-19T23:47:35+00:00
2000,T11307,Domain Adaptation and Few-Shot Learning,17,44,41542,409.2243994030138,1059.169033748977,OpenAlex Works API primary_topic.id and AI-subfield topics.id grouped counts,2026-06-19T23:47:35+00:00
2001,T11307,Domain Adaptation and Few-Shot Learning,15,36,44511,336.9953494641774,808.7888387140257,OpenAlex Works API primary_topic.id and AI-subfield topics.id grouped counts,2026-06-19T23:47:35+00:00
2002,T11307,Domain Adaptation and Few-Shot Learning,16,71,73689,217.12874377451178,963.5088004993961,OpenAlex Works API primary_topic.id and AI-subfield topics.id grouped counts,2026-06-19T23:47:35+00:00
2003,T11307,Domain Adaptation and Few-Shot Learning,14,51,67186,208.37674515524068,759.086714494091,OpenAlex Works API primary_topic.id and AI-subfield topics.id grouped counts,2026-06-19T23:47:35+00:00
2004,T11307,Domain Adaptation and Few-Shot Learning,26,68,70835,367.0501870544222,959.9774122961812,OpenAlex Works API primary_topic.id and AI-subfield topics.id grouped counts,2026-06-19T23:47:35+00:00
2005,T11307,Domain Adaptation and Few-Shot Learning,19,72,82556,230.14680943844178,872.13527787199,OpenAlex Works API primary_topic.id and AI-subfield topics.id grouped counts,2026-06-19T23:47:35+00:00
2006,T11307,Domain Adaptation and Few-Shot Learning,21,92,89915,233.55391202802645,1023.1885669799254,OpenAlex Works API primary_topic.id and AI-subfield topics.id grouped counts,2026-06-19T23:47:35+00:00
2007,T11307,Domain Adaptation and Few-Shot Learning,73,142,94054,776.1498713505008,1509.7709826270016,OpenAlex Works API primary_topic.id and AI-subfield topics.id grouped counts,2026-06-19T23:47:35+00:00
2008,T11307,Domain Adaptation and Few-Shot Learning,61,161,97967,622.6586503618565,1643.4105362009657,OpenAlex Works API primary_topic.id and AI-subfield topics.id grouped counts,2026-06-19T23:47:35+00:00
2009,T11307,Domain Adaptation and Few-Shot Learning,119,229,104332,1140.5896560978415,2194.9162289613923,OpenAlex Works API primary_topic.id and AI-subfield topics.id grouped counts,2026-06-19T23:47:35+00:00
2010,T11307,Domain Adaptation and Few-Shot Learning,113,245,110997,1018.0455327621466,2207.2668630683715,OpenAlex Works API primary_topic.id and AI-subfield topics.id grouped counts,2026-06-19T23:47:35+00:00
2011,T11307,Domain Adaptation and Few-Shot Learning,173,319,113882,1519.1162782529286,2801.1450448710066,OpenAlex Works API primary_topic.id and AI-subfield topics.id grouped counts,2026-06-19T23:47:35+00:00
2012,T11307,Domain Adaptation and Few-Shot Learning,213,415,117229,1816.956555118614,3540.0796731184264,OpenAlex Works API primary_topic.id and AI-subfield topics.id grouped counts,2026-06-19T23:47:35+00:00
2013,T11307,Domain Adaptation and Few-Shot Learning,255,517,119603,2132.05354380743,4322.634047640946,OpenAlex Works API primary_topic.id and AI-subfield topics.id grouped counts,2026-06-19T23:47:35+00:00
2014,T11307,Domain Adaptation and Few-Shot Learning,293,577,123428,2373.8535826554753,4674.790161065561,OpenAlex Works API primary_topic.id and AI-subfield topics.id grouped counts,2026-06-19T23:47:35+00:00
2015,T11307,Domain Adaptation and Few-Shot Learning,432,811,123162,3507.5753885126906,6584.823240934704,OpenAlex Works API primary_topic.id and AI-subfield topics.id grouped counts,2026-06-19T23:47:35+00:00
2016,T11307,Domain Adaptation and Few-Shot Learning,577,1079,133301,4328.5496732957745,8094.462907255009,OpenAlex Works API primary_topic.id and AI-subfield topics.id grouped counts,2026-06-19T23:47:35+00:00
2017,T11307,Domain Adaptation and Few-Shot Learning,880,1576,135900,6475.349521707138,11596.762325239146,OpenAlex Works API primary_topic.id and AI-subfield topics.id grouped counts,2026-06-19T23:47:35+00:00
2018,T11307,Domain Adaptation and Few-Shot Learning,1389,2515,151657,9158.825507559823,16583.474551125237,OpenAlex Works API primary_topic.id and AI-subfield topics.id grouped counts,2026-06-19T23:47:35+00:00
2019,T11307,Domain Adaptation and Few-Shot Learning,2229,3750,170876,13044.546922914862,21945.7384302067,OpenAlex Works API primary_topic.id and AI-subfield topics.id grouped counts,2026-06-19T23:47:35+00:00
2020,T11307,Domain Adaptation and Few-Shot Learning,3378,5423,187432,18022.536173118784,28933.159759272698,OpenAlex Works API primary_topic.id and AI-subfield topics.id grouped counts,2026-06-19T23:47:35+00:00
2021,T11307,Domain Adaptation and Few-Shot Learning,4860,7548,188280,25812.619502868067,40089.22880815806,OpenAlex Works API primary_topic.id and AI-subfield topics.id grouped counts,2026-06-19T23:47:35+00:00
2022,T11307,Domain Adaptation and Few-Shot Learning,5057,7521,182108,27769.23583807411,41299.66832868408,OpenAlex Works API primary_topic.id and AI-subfield topics.id grouped counts,2026-06-19T23:47:35+00:00
2023,T11307,Domain Adaptation and Few-Shot Learning,6049,9069,213149,28379.20891019897,42547.701373217795,OpenAlex Works API primary_topic.id and AI-subfield topics.id grouped counts,2026-06-19T23:47:35+00:00
2024,T11307,Domain Adaptation and Few-Shot Learning,3724,5519,233624,15940.14313597918,23623.429099750025,OpenAlex Works API primary_topic.id and AI-subfield topics.id grouped counts,2026-06-19T23:47:35+00:00
2025,T11307,Domain Adaptation and Few-Shot Learning,4687,8451,287086,16326.118306012833,29437.172136572317,OpenAlex Works API primary_topic.id and AI-subfield topics.id grouped counts,2026-06-19T23:47:35+00:00
2026,T11307,Domain Adaptation and Few-Shot Learning,4890,10438,214412,22806.55933436561,48681.97675503237,OpenAlex Works API primary_topic.id and AI-subfield topics.id grouped counts,2026-06-19T23:47:35+00:00
1990,T14064,Organizational and Employee Performance,12,13,21171,566.8130933824572,614.0475178309953,OpenAlex Works API primary_topic.id and AI-subfield topics.id grouped counts,2026-06-19T23:47:35+00:00
1991,T14064,Organizational and Employee Performance,5,5,22358,223.63359871187046,223.63359871187046,OpenAlex Works API primary_topic.id and AI-subfield topics.id grouped counts,2026-06-19T23:47:35+00:00
1992,T14064,Organizational and Employee Performance,12,13,23668,507.013689369613,549.264830150414,OpenAlex Works API primary_topic.id and AI-subfield topics.id grouped counts,2026-06-19T23:47:35+00:00
1993,T14064,Organizational and Employee Performance,13,14,25174,516.4058155239534,556.1293397950266,OpenAlex Works API primary_topic.id and AI-subfield topics.id grouped counts,2026-06-19T23:47:35+00:00
1994,T14064,Organizational and Employee Performance,12,12,26808,447.6275738585497,447.6275738585497,OpenAlex Works API primary_topic.id and AI-subfield topics.id grouped counts,2026-06-19T23:47:35+00:00
1995,T14064,Organizational and Employee Performance,9,10,26910,334.44816053511704,371.6090672612412,OpenAlex Works API primary_topic.id and AI-subfield topics.id grouped counts,2026-06-19T23:47:35+00:00
1996,T14064,Organizational and Employee Performance,7,7,29167,239.99725717420372,239.99725717420372,OpenAlex Works API primary_topic.id and AI-subfield topics.id grouped counts,2026-06-19T23:47:35+00:00
1997,T14064,Organizational and Employee Performance,10,10,29921,334.21342869556497,334.21342869556497,OpenAlex Works API primary_topic.id and AI-subfield topics.id grouped counts,2026-06-19T23:47:35+00:00
1998,T14064,Organizational and Employee Performance,15,17,31737,472.6344645051517,535.6523931058387,OpenAlex Works API primary_topic.id and AI-subfield topics.id grouped counts,2026-06-19T23:47:35+00:00
1999,T14064,Organizational and Employee Performance,15,17,33899,442.49092893595684,501.4897194607511,OpenAlex Works API primary_topic.id and AI-subfield topics.id grouped counts,2026-06-19T23:47:35+00:00
2000,T14064,Organizational and Employee Performance,44,45,41542,1059.169033748977,1083.241057243272,OpenAlex Works API primary_topic.id and AI-subfield topics.id grouped counts,2026-06-19T23:47:35+00:00
2001,T14064,Organizational and Employee Performance,36,37,44511,808.7888387140257,831.255195344971,OpenAlex Works API primary_topic.id and AI-subfield topics.id grouped counts,2026-06-19T23:47:35+00:00
2002,T14064,Organizational and Employee Performance,37,37,73689,502.1102199785585,502.1102199785585,OpenAlex Works API primary_topic.id and AI-subfield topics.id grouped counts,2026-06-19T23:47:35+00:00
2003,T14064,Organizational and Employee Performance,37,39,67186,550.7099693388503,580.4780757895991,OpenAlex Works API primary_topic.id and AI-subfield topics.id grouped counts,2026-06-19T23:47:35+00:00
2004,T14064,Organizational and Employee Performance,56,57,70835,790.5696336556787,804.6869485423872,OpenAlex Works API primary_topic.id and AI-subfield topics.id grouped counts,2026-06-19T23:47:35+00:00
2005,T14064,Organizational and Employee Performance,62,62,82556,751.0053781675468,751.0053781675468,OpenAlex Works API primary_topic.id and AI-subfield topics.id grouped counts,2026-06-19T23:47:35+00:00
2006,T14064,Organizational and Employee Performance,86,86,89915,956.4588778290607,956.4588778290607,OpenAlex Works API primary_topic.id and AI-subfield topics.id grouped counts,2026-06-19T23:47:35+00:00
2007,T14064,Organizational and Employee Performance,117,117,94054,1243.9662321645012,1243.9662321645012,OpenAlex Works API primary_topic.id and AI-subfield topics.id grouped counts,2026-06-19T23:47:35+00:00
2008,T14064,Organizational and Employee Performance,126,128,97967,1286.1473761572774,1306.5624138740595,OpenAlex Works API primary_topic.id and AI-subfield topics.id grouped counts,2026-06-19T23:47:35+00:00
2009,T14064,Organizational and Employee Performance,159,161,104332,1523.9811371391327,1543.1507111911974,OpenAlex Works API primary_topic.id and AI-subfield topics.id grouped counts,2026-06-19T23:47:35+00:00
2010,T14064,Organizational and Employee Performance,293,295,110997,2639.7109831797256,2657.7294881843654,OpenAlex Works API primary_topic.id and AI-subfield topics.id grouped counts,2026-06-19T23:47:35+00:00
2011,T14064,Organizational and Employee Performance,365,368,113882,3205.071916545196,3231.414973393513,OpenAlex Works API primary_topic.id and AI-subfield topics.id grouped counts,2026-06-19T23:47:35+00:00
2012,T14064,Organizational and Employee Performance,427,427,117229,3642.4434227025736,3642.4434227025736,OpenAlex Works API primary_topic.id and AI-subfield topics.id grouped counts,2026-06-19T23:47:35+00:00
2013,T14064,Organizational and Employee Performance,527,536,119603,4406.243990535354,4481.492939140323,OpenAlex Works API primary_topic.id and AI-subfield topics.id grouped counts,2026-06-19T23:47:35+00:00
2014,T14064,Organizational and Employee Performance,629,632,123428,5096.088407816703,5120.3940758985,OpenAlex Works API primary_topic.id and AI-subfield topics.id grouped counts,2026-06-19T23:47:35+00:00
2015,T14064,Organizational and Employee Performance,723,730,123162,5870.317143274711,5927.152855588574,OpenAlex Works API primary_topic.id and AI-subfield topics.id grouped counts,2026-06-19T23:47:35+00:00
2016,T14064,Organizational and Employee Performance,1029,1036,133301,7719.3719476973165,7771.884682035393,OpenAlex Works API primary_topic.id and AI-subfield topics.id grouped counts,2026-06-19T23:47:35+00:00
2017,T14064,Organizational and Employee Performance,1264,1269,135900,9300.956585724798,9337.748344370862,OpenAlex Works API primary_topic.id and AI-subfield topics.id grouped counts,2026-06-19T23:47:35+00:00
2018,T14064,Organizational and Employee Performance,1523,1544,151657,10042.398306705263,10180.868670750444,OpenAlex Works API primary_topic.id and AI-subfield topics.id grouped counts,2026-06-19T23:47:35+00:00
2019,T14064,Organizational and Employee Performance,1962,1993,170876,11482.010346684146,11663.428451040521,OpenAlex Works API primary_topic.id and AI-subfield topics.id grouped counts,2026-06-19T23:47:35+00:00
2020,T14064,Organizational and Employee Performance,2270,2324,187432,12111.058944043707,12399.163429937256,OpenAlex Works API primary_topic.id and AI-subfield topics.id grouped counts,2026-06-19T23:47:35+00:00
2021,T14064,Organizational and Employee Performance,2521,2617,188280,13389.632462290207,13899.511366050563,OpenAlex Works API primary_topic.id and AI-subfield topics.id grouped counts,2026-06-19T23:47:35+00:00
2022,T14064,Organizational and Employee Performance,2746,2867,182108,15078.964131174907,15743.405012410218,OpenAlex Works API primary_topic.id and AI-subfield topics.id grouped counts,2026-06-19T23:47:35+00:00
2023,T14064,Organizational and Employee Performance,3505,3707,213149,16443.896053934102,17391.589920665825,OpenAlex Works API primary_topic.id and AI-subfield topics.id grouped counts,2026-06-19T23:47:35+00:00
2024,T14064,Organizational and Employee Performance,3421,3722,233624,14643.187343766052,15931.582371674143,OpenAlex Works API primary_topic.id and AI-subfield topics.id grouped counts,2026-06-19T23:47:35+00:00
2025,T14064,Organizational and Employee Performance,4128,4610,287086,14378.966581442495,16057.90599332604,OpenAlex Works API primary_topic.id and AI-subfield topics.id grouped counts,2026-06-19T23:47:35+00:00
2026,T14064,Organizational and Employee Performance,2064,2484,214412,9626.32688468929,11585.172471690019,OpenAlex Works API primary_topic.id and AI-subfield topics.id grouped counts,2026-06-19T23:47:35+00:00
1990,T10951,Cryptographic Implementations and Security,38,110,21171,1794.9081290444476,5195.786689339191,OpenAlex Works API primary_topic.id and AI-subfield topics.id grouped counts,2026-06-19T23:47:35+00:00
1991,T10951,Cryptographic Implementations and Security,48,110,22358,2146.8825476339566,4919.939171661151,OpenAlex Works API primary_topic.id and AI-subfield topics.id grouped counts,2026-06-19T23:47:35+00:00
1992,T10951,Cryptographic Implementations and Security,52,121,23668,2197.059320601656,5112.38803447693,OpenAlex Works API primary_topic.id and AI-subfield topics.id grouped counts,2026-06-19T23:47:35+00:00
1993,T10951,Cryptographic Implementations and Security,82,164,25174,3257.328990228013,6514.657980456026,OpenAlex Works API primary_topic.id and AI-subfield topics.id grouped counts,2026-06-19T23:47:35+00:00
1994,T10951,Cryptographic Implementations and Security,82,186,26808,3058.788421366756,6938.22739480752,OpenAlex Works API primary_topic.id and AI-subfield topics.id grouped counts,2026-06-19T23:47:35+00:00
1995,T10951,Cryptographic Implementations and Security,106,234,26910,3939.0561129691564,8695.652173913044,OpenAlex Works API primary_topic.id and AI-subfield topics.id grouped counts,2026-06-19T23:47:35+00:00
1996,T10951,Cryptographic Implementations and Security,111,243,29167,3805.670792333802,8331.333356190215,OpenAlex Works API primary_topic.id and AI-subfield topics.id grouped counts,2026-06-19T23:47:35+00:00
1997,T10951,Cryptographic Implementations and Security,141,300,29921,4712.409344607467,10026.402860866949,OpenAlex Works API primary_topic.id and AI-subfield topics.id grouped counts,2026-06-19T23:47:35+00:00
1998,T10951,Cryptographic Implementations and Security,168,298,31737,5293.506002457699,9389.671361502347,OpenAlex Works API primary_topic.id and AI-subfield topics.id grouped counts,2026-06-19T23:47:35+00:00
1999,T10951,Cryptographic Implementations and Security,204,372,33899,6017.876633529012,10973.77503761173,OpenAlex Works API primary_topic.id and AI-subfield topics.id grouped counts,2026-06-19T23:47:35+00:00
2000,T10951,Cryptographic Implementations and Security,235,426,41542,5656.925521159308,10254.682008569642,OpenAlex Works API primary_topic.id and AI-subfield topics.id grouped counts,2026-06-19T23:47:35+00:00
2001,T10951,Cryptographic Implementations and Security,259,504,44511,5818.786367414797,11323.04374199636,OpenAlex Works API primary_topic.id and AI-subfield topics.id grouped counts,2026-06-19T23:47:35+00:00
2002,T10951,Cryptographic Implementations and Security,425,872,73689,5767.48225651047,11833.516535710893,OpenAlex Works API primary_topic.id and AI-subfield topics.id grouped counts,2026-06-19T23:47:35+00:00
2003,T10951,Cryptographic Implementations and Security,530,977,67186,7888.548209448397,14541.720001190724,OpenAlex Works API primary_topic.id and AI-subfield topics.id grouped counts,2026-06-19T23:47:35+00:00
2004,T10951,Cryptographic Implementations and Security,598,1065,70835,8442.154302251713,15034.940354344604,OpenAlex Works API primary_topic.id and AI-subfield topics.id grouped counts,2026-06-19T23:47:35+00:00
2005,T10951,Cryptographic Implementations and Security,757,1329,82556,9169.533407626337,16098.163670720482,OpenAlex Works API primary_topic.id and AI-subfield topics.id grouped counts,2026-06-19T23:47:35+00:00
2006,T10951,Cryptographic Implementations and Security,895,1520,89915,9953.845298337317,16904.85458488573,OpenAlex Works API primary_topic.id and AI-subfield topics.id grouped counts,2026-06-19T23:47:35+00:00
2007,T10951,Cryptographic Implementations and Security,1006,1812,94054,10695.98315861101,19265.528313522016,OpenAlex Works API primary_topic.id and AI-subfield topics.id grouped counts,2026-06-19T23:47:35+00:00
2008,T10951,Cryptographic Implementations and Security,1047,1702,97967,10687.272244735472,17373.19709698164,OpenAlex Works API primary_topic.id and AI-subfield topics.id grouped counts,2026-06-19T23:47:35+00:00
2009,T10951,Cryptographic Implementations and Security,1234,1994,104332,11827.627190123836,19112.065329908368,OpenAlex Works API primary_topic.id and AI-subfield topics.id grouped counts,2026-06-19T23:47:35+00:00
2010,T10951,Cryptographic Implementations and Security,1308,2105,110997,11784.102273034407,18964.47651738335,OpenAlex Works API primary_topic.id and AI-subfield topics.id grouped counts,2026-06-19T23:47:35+00:00
2011,T10951,Cryptographic Implementations and Security,1465,2371,113882,12864.19276092798,20819.795929119617,OpenAlex Works API primary_topic.id and AI-subfield topics.id grouped counts,2026-06-19T23:47:35+00:00
2012,T10951,Cryptographic Implementations and Security,1741,2682,117229,14851.2740021667,22878.298032056915,OpenAlex Works API primary_topic.id and AI-subfield topics.id grouped counts,2026-06-19T23:47:35+00:00
2013,T10951,Cryptographic Implementations and Security,1453,2500,119603,12148.524702557628,20902.48572360225,OpenAlex Works API primary_topic.id and AI-subfield topics.id grouped counts,2026-06-19T23:47:35+00:00
2014,T10951,Cryptographic Implementations and Security,1660,2766,123428,13449.13633859416,22409.825971416536,OpenAlex Works API primary_topic.id and AI-subfield topics.id grouped counts,2026-06-19T23:47:35+00:00
2015,T10951,Cryptographic Implementations and Security,1737,2824,123162,14103.376041311443,22929.150224907033,OpenAlex Works API primary_topic.id and AI-subfield topics.id grouped counts,2026-06-19T23:47:35+00:00
2016,T10951,Cryptographic Implementations and Security,1744,2885,133301,13083.172669372321,21642.74836647887,OpenAlex Works API primary_topic.id and AI-subfield topics.id grouped counts,2026-06-19T23:47:35+00:00
2017,T10951,Cryptographic Implementations and Security,1684,2873,135900,12391.464311994114,21140.54451802796,OpenAlex Works API primary_topic.id and AI-subfield topics.id grouped counts,2026-06-19T23:47:35+00:00
2018,T10951,Cryptographic Implementations and Security,1627,2693,151657,10728.156300071872,17757.175732079628,OpenAlex Works API primary_topic.id and AI-subfield topics.id grouped counts,2026-06-19T23:47:35+00:00
2019,T10951,Cryptographic Implementations and Security,1675,2813,170876,9802.429832158992,16462.229921112386,OpenAlex Works API primary_topic.id and AI-subfield topics.id grouped counts,2026-06-19T23:47:35+00:00
2020,T10951,Cryptographic Implementations and Security,1612,2803,187432,8600.452430748219,14954.756925178197,OpenAlex Works API primary_topic.id and AI-subfield topics.id grouped counts,2026-06-19T23:47:35+00:00
2021,T10951,Cryptographic Implementations and Security,1582,2793,188280,8402.379434884215,14834.289356277885,OpenAlex Works API primary_topic.id and AI-subfield topics.id grouped counts,2026-06-19T23:47:35+00:00
2022,T10951,Cryptographic Implementations and Security,1482,2548,182108,8138.027983394469,13991.697234608035,OpenAlex Works API primary_topic.id and AI-subfield topics.id grouped counts,2026-06-19T23:47:35+00:00
2023,T10951,Cryptographic Implementations and Security,1599,2774,213149,7501.794519326856,13014.370229276234,OpenAlex Works API primary_topic.id and AI-subfield topics.id grouped counts,2026-06-19T23:47:35+00:00
2024,T10951,Cryptographic Implementations and Security,1463,2369,233624,6262.199089134679,10140.225319316509,OpenAlex Works API primary_topic.id and AI-subfield topics.id grouped counts,2026-06-19T23:47:35+00:00
2025,T10951,Cryptographic Implementations and Security,1996,3330,287086,6952.620469127718,11599.311704506665,OpenAlex Works API primary_topic.id and AI-subfield topics.id grouped counts,2026-06-19T23:47:35+00:00
2026,T10951,Cryptographic Implementations and Security,1929,3106,214412,8996.697946010485,14486.12950767681,OpenAlex Works API primary_topic.id and AI-subfield topics.id grouped counts,2026-06-19T23:47:35+00:00
1990,T12260,Educational Technology and Pedagogy,14,15,21171,661.2819422795334,708.5163667280714,OpenAlex Works API primary_topic.id and AI-subfield topics.id grouped counts,2026-06-19T23:47:35+00:00
1991,T12260,Educational Technology and Pedagogy,13,14,22358,581.4473566508633,626.1740763932373,OpenAlex Works API primary_topic.id and AI-subfield topics.id grouped counts,2026-06-19T23:47:35+00:00
1992,T12260,Educational Technology and Pedagogy,16,17,23668,676.0182524928173,718.2693932736184,OpenAlex Works API primary_topic.id and AI-subfield topics.id grouped counts,2026-06-19T23:47:35+00:00
1993,T12260,Educational Technology and Pedagogy,12,14,25174,476.68229125287996,556.1293397950266,OpenAlex Works API primary_topic.id and AI-subfield topics.id grouped counts,2026-06-19T23:47:35+00:00
1994,T12260,Educational Technology and Pedagogy,11,12,26808,410.32527603700385,447.6275738585497,OpenAlex Works API primary_topic.id and AI-subfield topics.id grouped counts,2026-06-19T23:47:35+00:00
1995,T12260,Educational Technology and Pedagogy,15,16,26910,557.4136008918617,594.5745076179859,OpenAlex Works API primary_topic.id and AI-subfield topics.id grouped counts,2026-06-19T23:47:35+00:00
1996,T12260,Educational Technology and Pedagogy,19,23,29167,651.4211266156958,788.5624164295265,OpenAlex Works API primary_topic.id and AI-subfield topics.id grouped counts,2026-06-19T23:47:35+00:00
1997,T12260,Educational Technology and Pedagogy,25,27,29921,835.5335717389124,902.3762574780254,OpenAlex Works API primary_topic.id and AI-subfield topics.id grouped counts,2026-06-19T23:47:35+00:00
1998,T12260,Educational Technology and Pedagogy,18,19,31737,567.1613574061821,598.6703217065256,OpenAlex Works API primary_topic.id and AI-subfield topics.id grouped counts,2026-06-19T23:47:35+00:00
1999,T12260,Educational Technology and Pedagogy,125,125,33899,3687.4244077996404,3687.4244077996404,OpenAlex Works API primary_topic.id and AI-subfield topics.id grouped counts,2026-06-19T23:47:35+00:00
2000,T12260,Educational Technology and Pedagogy,453,456,41542,10904.626642915604,10976.842713398488,OpenAlex Works API primary_topic.id and AI-subfield topics.id grouped counts,2026-06-19T23:47:35+00:00
2001,T12260,Educational Technology and Pedagogy,979,982,44511,21994.56314169531,22061.962211588147,OpenAlex Works API primary_topic.id and AI-subfield topics.id grouped counts,2026-06-19T23:47:35+00:00
2002,T12260,Educational Technology and Pedagogy,1177,1192,73689,15972.533213912524,16176.091411201129,OpenAlex Works API primary_topic.id and AI-subfield topics.id grouped counts,2026-06-19T23:47:35+00:00
2003,T12260,Educational Technology and Pedagogy,1275,1286,67186,18977.167862352275,19140.892447831393,OpenAlex Works API primary_topic.id and AI-subfield topics.id grouped counts,2026-06-19T23:47:35+00:00
2004,T12260,Educational Technology and Pedagogy,1361,1372,70835,19213.665560810332,19368.95602456413,OpenAlex Works API primary_topic.id and AI-subfield topics.id grouped counts,2026-06-19T23:47:35+00:00
2005,T12260,Educational Technology and Pedagogy,1557,1571,82556,18859.925383981783,19029.507243568005,OpenAlex Works API primary_topic.id and AI-subfield topics.id grouped counts,2026-06-19T23:47:35+00:00
2006,T12260,Educational Technology and Pedagogy,1575,1589,89915,17516.543402101986,17672.24601012067,OpenAlex Works API primary_topic.id and AI-subfield topics.id grouped counts,2026-06-19T23:47:35+00:00
2007,T12260,Educational Technology and Pedagogy,1617,1637,94054,17192.251259914516,17404.895060284518,OpenAlex Works API primary_topic.id and AI-subfield topics.id grouped counts,2026-06-19T23:47:35+00:00
2008,T12260,Educational Technology and Pedagogy,1730,1751,97967,17659.007625016588,17873.3655210428,OpenAlex Works API primary_topic.id and AI-subfield topics.id grouped counts,2026-06-19T23:47:35+00:00
2009,T12260,Educational Technology and Pedagogy,1783,1806,104332,17089.675267415558,17310.125369014302,OpenAlex Works API primary_topic.id and AI-subfield topics.id grouped counts,2026-06-19T23:47:35+00:00
2010,T12260,Educational Technology and Pedagogy,1932,1959,110997,17405.875834482013,17649.125652044648,OpenAlex Works API primary_topic.id and AI-subfield topics.id grouped counts,2026-06-19T23:47:35+00:00
2011,T12260,Educational Technology and Pedagogy,1974,2005,113882,17333.73140619237,17605.94299362498,OpenAlex Works API primary_topic.id and AI-subfield topics.id grouped counts,2026-06-19T23:47:35+00:00
2012,T12260,Educational Technology and Pedagogy,1547,1583,117229,13196.393383889652,13503.484632642092,OpenAlex Works API primary_topic.id and AI-subfield topics.id grouped counts,2026-06-19T23:47:35+00:00
2013,T12260,Educational Technology and Pedagogy,1389,1423,119603,11613.42106803341,11897.694873874401,OpenAlex Works API primary_topic.id and AI-subfield topics.id grouped counts,2026-06-19T23:47:35+00:00
2014,T12260,Educational Technology and Pedagogy,1070,1101,123428,8669.021615840815,8920.180186019381,OpenAlex Works API primary_topic.id and AI-subfield topics.id grouped counts,2026-06-19T23:47:35+00:00
2015,T12260,Educational Technology and Pedagogy,945,966,123162,7672.821162371511,7843.328299313101,OpenAlex Works API primary_topic.id and AI-subfield topics.id grouped counts,2026-06-19T23:47:35+00:00
2016,T12260,Educational Technology and Pedagogy,549,573,133301,4118.498735943466,4298.542396531158,OpenAlex Works API primary_topic.id and AI-subfield topics.id grouped counts,2026-06-19T23:47:35+00:00
2017,T12260,Educational Technology and Pedagogy,593,611,135900,4363.502575423105,4495.952906548933,OpenAlex Works API primary_topic.id and AI-subfield topics.id grouped counts,2026-06-19T23:47:35+00:00
2018,T12260,Educational Technology and Pedagogy,726,766,151657,4787.1182998476825,5050.871374219456,OpenAlex Works API primary_topic.id and AI-subfield topics.id grouped counts,2026-06-19T23:47:35+00:00
2019,T12260,Educational Technology and Pedagogy,1016,1070,170876,5945.832065357335,6261.8506987523115,OpenAlex Works API primary_topic.id and AI-subfield topics.id grouped counts,2026-06-19T23:47:35+00:00
2020,T12260,Educational Technology and Pedagogy,1781,1909,187432,9502.112766229888,10185.027103162747,OpenAlex Works API primary_topic.id and AI-subfield topics.id grouped counts,2026-06-19T23:47:35+00:00
2021,T12260,Educational Technology and Pedagogy,2166,2366,188280,11504.142766093053,12566.390482260462,OpenAlex Works API primary_topic.id and AI-subfield topics.id grouped counts,2026-06-19T23:47:35+00:00
2022,T12260,Educational Technology and Pedagogy,2098,2450,182108,11520.636106046963,13453.555033276956,OpenAlex Works API primary_topic.id and AI-subfield topics.id grouped counts,2026-06-19T23:47:35+00:00
2023,T12260,Educational Technology and Pedagogy,2887,3145,213149,13544.515808190514,14754.936687481526,OpenAlex Works API primary_topic.id and AI-subfield topics.id grouped counts,2026-06-19T23:47:35+00:00
2024,T12260,Educational Technology and Pedagogy,3198,3494,233624,13688.662123754408,14955.655240899907,OpenAlex Works API primary_topic.id and AI-subfield topics.id grouped counts,2026-06-19T23:47:35+00:00
2025,T12260,Educational Technology and Pedagogy,3653,4322,287086,12724.410107075928,15054.72227834168,OpenAlex Works API primary_topic.id and AI-subfield topics.id grouped counts,2026-06-19T23:47:35+00:00
2026,T12260,Educational Technology and Pedagogy,1738,2275,214412,8105.889595731582,10610.41359625394,OpenAlex Works API primary_topic.id and AI-subfield topics.id grouped counts,2026-06-19T23:47:35+00:00
1990,T13083,Advanced Text Analysis Techniques,157,227,21171,7415.804638420481,10722.214349818147,OpenAlex Works API primary_topic.id and AI-subfield topics.id grouped counts,2026-06-19T23:47:35+00:00
1991,T13083,Advanced Text Analysis Techniques,145,242,22358,6485.374362644244,10823.866177654532,OpenAlex Works API primary_topic.id and AI-subfield topics.id grouped counts,2026-06-19T23:47:35+00:00
1992,T13083,Advanced Text Analysis Techniques,154,246,23668,6506.6756802433665,10393.780632077067,OpenAlex Works API primary_topic.id and AI-subfield topics.id grouped counts,2026-06-19T23:47:35+00:00
1993,T13083,Advanced Text Analysis Techniques,159,248,25174,6316.040359100659,9851.434019226186,OpenAlex Works API primary_topic.id and AI-subfield topics.id grouped counts,2026-06-19T23:47:35+00:00
1994,T13083,Advanced Text Analysis Techniques,165,270,26808,6154.879140555058,10071.620411817368,OpenAlex Works API primary_topic.id and AI-subfield topics.id grouped counts,2026-06-19T23:47:35+00:00
1995,T13083,Advanced Text Analysis Techniques,167,280,26910,6205.871423262728,10405.053883314753,OpenAlex Works API primary_topic.id and AI-subfield topics.id grouped counts,2026-06-19T23:47:35+00:00
1996,T13083,Advanced Text Analysis Techniques,176,299,29167,6034.216751808551,10251.311413583846,OpenAlex Works API primary_topic.id and AI-subfield topics.id grouped counts,2026-06-19T23:47:35+00:00
1997,T13083,Advanced Text Analysis Techniques,200,350,29921,6684.268573911299,11697.470004344774,OpenAlex Works API primary_topic.id and AI-subfield topics.id grouped counts,2026-06-19T23:47:35+00:00
1998,T13083,Advanced Text Analysis Techniques,206,392,31737,6490.84664587075,12351.51400573463,OpenAlex Works API primary_topic.id and AI-subfield topics.id grouped counts,2026-06-19T23:47:35+00:00
1999,T13083,Advanced Text Analysis Techniques,240,424,33899,7079.8548629753095,12507.74359125638,OpenAlex Works API primary_topic.id and AI-subfield topics.id grouped counts,2026-06-19T23:47:35+00:00
2000,T13083,Advanced Text Analysis Techniques,263,521,41542,6330.942178999567,12541.524240527659,OpenAlex Works API primary_topic.id and AI-subfield topics.id grouped counts,2026-06-19T23:47:35+00:00
2001,T13083,Advanced Text Analysis Techniques,320,602,44511,7189.234121902451,13524.746691828985,OpenAlex Works API primary_topic.id and AI-subfield topics.id grouped counts,2026-06-19T23:47:35+00:00
2002,T13083,Advanced Text Analysis Techniques,486,946,73689,6595.285592150795,12837.736975668011,OpenAlex Works API primary_topic.id and AI-subfield topics.id grouped counts,2026-06-19T23:47:35+00:00
2003,T13083,Advanced Text Analysis Techniques,503,995,67186,7486.67877236329,14809.632959247463,OpenAlex Works API primary_topic.id and AI-subfield topics.id grouped counts,2026-06-19T23:47:35+00:00
2004,T13083,Advanced Text Analysis Techniques,547,1189,70835,7722.171243029576,16785.487400296464,OpenAlex Works API primary_topic.id and AI-subfield topics.id grouped counts,2026-06-19T23:47:35+00:00
2005,T13083,Advanced Text Analysis Techniques,602,1317,82556,7292.0199622074715,15952.807791075149,OpenAlex Works API primary_topic.id and AI-subfield topics.id grouped counts,2026-06-19T23:47:35+00:00
2006,T13083,Advanced Text Analysis Techniques,848,1759,89915,9431.129399988879,19562.920536061836,OpenAlex Works API primary_topic.id and AI-subfield topics.id grouped counts,2026-06-19T23:47:35+00:00
2007,T13083,Advanced Text Analysis Techniques,858,1833,94054,9122.419035873008,19488.80430391052,OpenAlex Works API primary_topic.id and AI-subfield topics.id grouped counts,2026-06-19T23:47:35+00:00
2008,T13083,Advanced Text Analysis Techniques,934,2235,97967,9533.822613737279,22813.804648504087,OpenAlex Works API primary_topic.id and AI-subfield topics.id grouped counts,2026-06-19T23:47:35+00:00
2009,T13083,Advanced Text Analysis Techniques,1167,2590,104332,11185.446459379673,24824.598397423608,OpenAlex Works API primary_topic.id and AI-subfield topics.id grouped counts,2026-06-19T23:47:35+00:00
2010,T13083,Advanced Text Analysis Techniques,1150,2749,110997,10360.640377667865,24766.435128877358,OpenAlex Works API primary_topic.id and AI-subfield topics.id grouped counts,2026-06-19T23:47:35+00:00
2011,T13083,Advanced Text Analysis Techniques,1305,2997,113882,11459.229729017756,26316.713791468363,OpenAlex Works API primary_topic.id and AI-subfield topics.id grouped counts,2026-06-19T23:47:35+00:00
2012,T13083,Advanced Text Analysis Techniques,1373,3330,117229,11712.119014919517,28405.940509600867,OpenAlex Works API primary_topic.id and AI-subfield topics.id grouped counts,2026-06-19T23:47:35+00:00
2013,T13083,Advanced Text Analysis Techniques,1561,3714,119603,13051.512085817245,31052.732790983504,OpenAlex Works API primary_topic.id and AI-subfield topics.id grouped counts,2026-06-19T23:47:35+00:00
2014,T13083,Advanced Text Analysis Techniques,1636,4077,123428,13254.690993939786,33031.40292316168,OpenAlex Works API primary_topic.id and AI-subfield topics.id grouped counts,2026-06-19T23:47:35+00:00
2015,T13083,Advanced Text Analysis Techniques,1655,4361,123162,13437.586268491905,35408.648771536675,OpenAlex Works API primary_topic.id and AI-subfield topics.id grouped counts,2026-06-19T23:47:35+00:00
2016,T13083,Advanced Text Analysis Techniques,1764,5000,133301,13233.2090531954,37509.09595576928,OpenAlex Works API primary_topic.id and AI-subfield topics.id grouped counts,2026-06-19T23:47:35+00:00
2017,T13083,Advanced Text Analysis Techniques,1815,5154,135900,13355.408388520971,37924.94481236203,OpenAlex Works API primary_topic.id and AI-subfield topics.id grouped counts,2026-06-19T23:47:35+00:00
2018,T13083,Advanced Text Analysis Techniques,1958,6170,151657,12910.712990498296,40683.91172184601,OpenAlex Works API primary_topic.id and AI-subfield topics.id grouped counts,2026-06-19T23:47:35+00:00
2019,T13083,Advanced Text Analysis Techniques,1999,6364,170876,11698.541632528852,37243.38116528945,OpenAlex Works API primary_topic.id and AI-subfield topics.id grouped counts,2026-06-19T23:47:35+00:00
2020,T13083,Advanced Text Analysis Techniques,1944,6748,187432,10371.761492167825,36002.39020017927,OpenAlex Works API primary_topic.id and AI-subfield topics.id grouped counts,2026-06-19T23:47:35+00:00
2021,T13083,Advanced Text Analysis Techniques,1717,6623,188280,9119.396643297217,35176.33312088379,OpenAlex Works API primary_topic.id and AI-subfield topics.id grouped counts,2026-06-19T23:47:35+00:00
2022,T13083,Advanced Text Analysis Techniques,1494,6042,182108,8203.922946822764,33178.114086146685,OpenAlex Works API primary_topic.id and AI-subfield topics.id grouped counts,2026-06-19T23:47:35+00:00
2023,T13083,Advanced Text Analysis Techniques,1710,6785,213149,8022.556990649732,31832.192503835344,OpenAlex Works API primary_topic.id and AI-subfield topics.id grouped counts,2026-06-19T23:47:35+00:00
2024,T13083,Advanced Text Analysis Techniques,2493,7431,233624,10670.992706228812,31807.51977536554,OpenAlex Works API primary_topic.id and AI-subfield topics.id grouped counts,2026-06-19T23:47:35+00:00
2025,T13083,Advanced Text Analysis Techniques,2002,6147,287086,6973.520129856559,21411.702416697433,OpenAlex Works API primary_topic.id and AI-subfield topics.id grouped counts,2026-06-19T23:47:35+00:00
2026,T13083,Advanced Text Analysis Techniques,445,1193,214412,2075.4435386079135,5564.054250694924,OpenAlex Works API primary_topic.id and AI-subfield topics.id grouped counts,2026-06-19T23:47:35+00:00
1990,T12262,Hate Speech and Cyberbullying Detection,45,47,21171,2125.5491001842142,2220.0179490812907,OpenAlex Works API primary_topic.id and AI-subfield topics.id grouped counts,2026-06-19T23:47:35+00:00
1991,T12262,Hate Speech and Cyberbullying Detection,66,67,22358,2951.96350299669,2996.690222739064,OpenAlex Works API primary_topic.id and AI-subfield topics.id grouped counts,2026-06-19T23:47:35+00:00
1992,T12262,Hate Speech and Cyberbullying Detection,74,74,23668,3126.58441777928,3126.58441777928,OpenAlex Works API primary_topic.id and AI-subfield topics.id grouped counts,2026-06-19T23:47:35+00:00
1993,T12262,Hate Speech and Cyberbullying Detection,63,64,25174,2502.5820290776196,2542.305553348693,OpenAlex Works API primary_topic.id and AI-subfield topics.id grouped counts,2026-06-19T23:47:35+00:00
1994,T12262,Hate Speech and Cyberbullying Detection,67,70,26808,2499.253954043569,2611.160847508206,OpenAlex Works API primary_topic.id and AI-subfield topics.id grouped counts,2026-06-19T23:47:35+00:00
1995,T12262,Hate Speech and Cyberbullying Detection,87,93,26910,3232.9988851727985,3455.9643255295427,OpenAlex Works API primary_topic.id and AI-subfield topics.id grouped counts,2026-06-19T23:47:35+00:00
1996,T12262,Hate Speech and Cyberbullying Detection,102,110,29167,3497.1028902526828,3771.3854698803443,OpenAlex Works API primary_topic.id and AI-subfield topics.id grouped counts,2026-06-19T23:47:35+00:00
1997,T12262,Hate Speech and Cyberbullying Detection,80,88,29921,2673.7074295645198,2941.078172520972,OpenAlex Works API primary_topic.id and AI-subfield topics.id grouped counts,2026-06-19T23:47:35+00:00
1998,T12262,Hate Speech and Cyberbullying Detection,90,97,31737,2835.80678703091,3056.3695371333147,OpenAlex Works API primary_topic.id and AI-subfield topics.id grouped counts,2026-06-19T23:47:35+00:00
1999,T12262,Hate Speech and Cyberbullying Detection,81,90,33899,2389.451016254167,2654.945573615741,OpenAlex Works API primary_topic.id and AI-subfield topics.id grouped counts,2026-06-19T23:47:35+00:00
2000,T12262,Hate Speech and Cyberbullying Detection,137,149,41542,3297.867218718405,3586.731500649945,OpenAlex Works API primary_topic.id and AI-subfield topics.id grouped counts,2026-06-19T23:47:35+00:00
2001,T12262,Hate Speech and Cyberbullying Detection,156,174,44511,3504.751634427445,3909.1460537844573,OpenAlex Works API primary_topic.id and AI-subfield topics.id grouped counts,2026-06-19T23:47:35+00:00
2002,T12262,Hate Speech and Cyberbullying Detection,168,190,73689,2279.851809632374,2578.4038323223276,OpenAlex Works API primary_topic.id and AI-subfield topics.id grouped counts,2026-06-19T23:47:35+00:00
2003,T12262,Hate Speech and Cyberbullying Detection,147,169,67186,2187.955824130027,2515.4049950882622,OpenAlex Works API primary_topic.id and AI-subfield topics.id grouped counts,2026-06-19T23:47:35+00:00
2004,T12262,Hate Speech and Cyberbullying Detection,185,228,70835,2611.7032540410814,3218.747794169549,OpenAlex Works API primary_topic.id and AI-subfield topics.id grouped counts,2026-06-19T23:47:35+00:00
2005,T12262,Hate Speech and Cyberbullying Detection,196,222,82556,2374.1460342070836,2689.083773438636,OpenAlex Works API primary_topic.id and AI-subfield topics.id grouped counts,2026-06-19T23:47:35+00:00
2006,T12262,Hate Speech and Cyberbullying Detection,234,280,89915,2602.4578768837237,3114.052160373686,OpenAlex Works API primary_topic.id and AI-subfield topics.id grouped counts,2026-06-19T23:47:35+00:00
2007,T12262,Hate Speech and Cyberbullying Detection,277,352,94054,2945.1166351245033,3742.5308865120037,OpenAlex Works API primary_topic.id and AI-subfield topics.id grouped counts,2026-06-19T23:47:35+00:00
2008,T12262,Hate Speech and Cyberbullying Detection,327,392,97967,3337.858666693887,4001.3473924893074,OpenAlex Works API primary_topic.id and AI-subfield topics.id grouped counts,2026-06-19T23:47:35+00:00
2009,T12262,Hate Speech and Cyberbullying Detection,377,455,104332,3613.46470881417,4361.078096844689,OpenAlex Works API primary_topic.id and AI-subfield topics.id grouped counts,2026-06-19T23:47:35+00:00
2010,T12262,Hate Speech and Cyberbullying Detection,421,504,110997,3792.8953034766705,4540.663261169221,OpenAlex Works API primary_topic.id and AI-subfield topics.id grouped counts,2026-06-19T23:47:35+00:00
2011,T12262,Hate Speech and Cyberbullying Detection,438,530,113882,3846.086299854235,4653.940043202613,OpenAlex Works API primary_topic.id and AI-subfield topics.id grouped counts,2026-06-19T23:47:35+00:00
2012,T12262,Hate Speech and Cyberbullying Detection,597,716,117229,5092.5965418113265,6107.7037251874535,OpenAlex Works API primary_topic.id and AI-subfield topics.id grouped counts,2026-06-19T23:47:35+00:00
2013,T12262,Hate Speech and Cyberbullying Detection,687,807,119603,5744.003076845898,6747.322391578807,OpenAlex Works API primary_topic.id and AI-subfield topics.id grouped counts,2026-06-19T23:47:35+00:00
2014,T12262,Hate Speech and Cyberbullying Detection,792,946,123428,6416.696373594323,7664.387335126551,OpenAlex Works API primary_topic.id and AI-subfield topics.id grouped counts,2026-06-19T23:47:35+00:00
2015,T12262,Hate Speech and Cyberbullying Detection,851,1004,123162,6909.598739871064,8151.865023302642,OpenAlex Works API primary_topic.id and AI-subfield topics.id grouped counts,2026-06-19T23:47:35+00:00
2016,T12262,Hate Speech and Cyberbullying Detection,1139,1328,133301,8544.572058724241,9962.415885852319,OpenAlex Works API primary_topic.id and AI-subfield topics.id grouped counts,2026-06-19T23:47:35+00:00
2017,T12262,Hate Speech and Cyberbullying Detection,1338,1587,135900,9845.474613686534,11677.704194260485,OpenAlex Works API primary_topic.id and AI-subfield topics.id grouped counts,2026-06-19T23:47:35+00:00
2018,T12262,Hate Speech and Cyberbullying Detection,1799,2068,151657,11862.294519870498,13636.033945020672,OpenAlex Works API primary_topic.id and AI-subfield topics.id grouped counts,2026-06-19T23:47:35+00:00
2019,T12262,Hate Speech and Cyberbullying Detection,2231,2567,170876,13056.251316744305,15022.589480090826,OpenAlex Works API primary_topic.id and AI-subfield topics.id grouped counts,2026-06-19T23:47:35+00:00
2020,T12262,Hate Speech and Cyberbullying Detection,2797,3238,187432,14922.745315634469,17275.59861709847,OpenAlex Works API primary_topic.id and AI-subfield topics.id grouped counts,2026-06-19T23:47:35+00:00
2021,T12262,Hate Speech and Cyberbullying Detection,2975,3528,188280,15800.934777990227,18738.049713193115,OpenAlex Works API primary_topic.id and AI-subfield topics.id grouped counts,2026-06-19T23:47:35+00:00
2022,T12262,Hate Speech and Cyberbullying Detection,2931,3436,182108,16094.844817361127,18867.924528301886,OpenAlex Works API primary_topic.id and AI-subfield topics.id grouped counts,2026-06-19T23:47:35+00:00
2023,T12262,Hate Speech and Cyberbullying Detection,3609,4302,213149,16931.81764868707,20183.06442910828,OpenAlex Works API primary_topic.id and AI-subfield topics.id grouped counts,2026-06-19T23:47:35+00:00
2024,T12262,Hate Speech and Cyberbullying Detection,3771,4385,233624,16141.321097147555,18769.47573879396,OpenAlex Works API primary_topic.id and AI-subfield topics.id grouped counts,2026-06-19T23:47:35+00:00
2025,T12262,Hate Speech and Cyberbullying Detection,4311,5498,287086,15016.40623367214,19151.055781194485,OpenAlex Works API primary_topic.id and AI-subfield topics.id grouped counts,2026-06-19T23:47:35+00:00
2026,T12262,Hate Speech and Cyberbullying Detection,2254,3458,214412,10512.471316903904,16127.82866630599,OpenAlex Works API primary_topic.id and AI-subfield topics.id grouped counts,2026-06-19T23:47:35+00:00
1990,T13702,Machine Learning in Healthcare,57,74,21171,2692.3621935666715,3495.347409191819,OpenAlex Works API primary_topic.id and AI-subfield topics.id grouped counts,2026-06-19T23:47:35+00:00
1991,T13702,Machine Learning in Healthcare,53,67,22358,2370.516146345827,2996.690222739064,OpenAlex Works API primary_topic.id and AI-subfield topics.id grouped counts,2026-06-19T23:47:35+00:00
1992,T13702,Machine Learning in Healthcare,40,51,23668,1690.0456312320432,2154.808179820855,OpenAlex Works API primary_topic.id and AI-subfield topics.id grouped counts,2026-06-19T23:47:35+00:00
1993,T13702,Machine Learning in Healthcare,36,45,25174,1430.0468737586398,1787.5585921982997,OpenAlex Works API primary_topic.id and AI-subfield topics.id grouped counts,2026-06-19T23:47:35+00:00
1994,T13702,Machine Learning in Healthcare,45,55,26808,1678.6034019695612,2051.626380185019,OpenAlex Works API primary_topic.id and AI-subfield topics.id grouped counts,2026-06-19T23:47:35+00:00
1995,T13702,Machine Learning in Healthcare,60,73,26910,2229.654403567447,2712.7461910070606,OpenAlex Works API primary_topic.id and AI-subfield topics.id grouped counts,2026-06-19T23:47:35+00:00
1996,T13702,Machine Learning in Healthcare,58,68,29167,1988.548702300545,2331.401926835122,OpenAlex Works API primary_topic.id and AI-subfield topics.id grouped counts,2026-06-19T23:47:35+00:00
1997,T13702,Machine Learning in Healthcare,59,75,29921,1971.8592293038337,2506.600715216737,OpenAlex Works API primary_topic.id and AI-subfield topics.id grouped counts,2026-06-19T23:47:35+00:00
1998,T13702,Machine Learning in Healthcare,52,63,31737,1638.4661436178592,1985.0647509216374,OpenAlex Works API primary_topic.id and AI-subfield topics.id grouped counts,2026-06-19T23:47:35+00:00
1999,T13702,Machine Learning in Healthcare,56,78,33899,1651.9661346942387,2300.9528304669752,OpenAlex Works API primary_topic.id and AI-subfield topics.id grouped counts,2026-06-19T23:47:35+00:00
2000,T13702,Machine Learning in Healthcare,71,89,41542,1709.11366809494,2142.410090992249,OpenAlex Works API primary_topic.id and AI-subfield topics.id grouped counts,2026-06-19T23:47:35+00:00
2001,T13702,Machine Learning in Healthcare,68,85,44511,1527.7122509042708,1909.6403136303386,OpenAlex Works API primary_topic.id and AI-subfield topics.id grouped counts,2026-06-19T23:47:35+00:00
2002,T13702,Machine Learning in Healthcare,63,77,73689,854.9444286121402,1044.9320794148382,OpenAlex Works API primary_topic.id and AI-subfield topics.id grouped counts,2026-06-19T23:47:35+00:00
2003,T13702,Machine Learning in Healthcare,96,110,67186,1428.8691096359362,1637.2458547911767,OpenAlex Works API primary_topic.id and AI-subfield topics.id grouped counts,2026-06-19T23:47:35+00:00
2004,T13702,Machine Learning in Healthcare,67,87,70835,945.8600974094727,1228.2063951436437,OpenAlex Works API primary_topic.id and AI-subfield topics.id grouped counts,2026-06-19T23:47:35+00:00
2005,T13702,Machine Learning in Healthcare,101,121,82556,1223.4119870148747,1465.6717864237608,OpenAlex Works API primary_topic.id and AI-subfield topics.id grouped counts,2026-06-19T23:47:35+00:00
2006,T13702,Machine Learning in Healthcare,95,109,89915,1056.553411555358,1212.256019574042,OpenAlex Works API primary_topic.id and AI-subfield topics.id grouped counts,2026-06-19T23:47:35+00:00
2007,T13702,Machine Learning in Healthcare,128,166,94054,1360.9203223680013,1764.9435430710018,OpenAlex Works API primary_topic.id and AI-subfield topics.id grouped counts,2026-06-19T23:47:35+00:00
2008,T13702,Machine Learning in Healthcare,123,158,97967,1255.5248195821043,1612.7879796257926,OpenAlex Works API primary_topic.id and AI-subfield topics.id grouped counts,2026-06-19T23:47:35+00:00
2009,T13702,Machine Learning in Healthcare,146,186,104332,1399.378905800713,1782.7703868420044,OpenAlex Works API primary_topic.id and AI-subfield topics.id grouped counts,2026-06-19T23:47:35+00:00
2010,T13702,Machine Learning in Healthcare,140,177,110997,1261.2953503247834,1594.637692910619,OpenAlex Works API primary_topic.id and AI-subfield topics.id grouped counts,2026-06-19T23:47:35+00:00
2011,T13702,Machine Learning in Healthcare,192,234,113882,1685.9556382922674,2054.7584341687007,OpenAlex Works API primary_topic.id and AI-subfield topics.id grouped counts,2026-06-19T23:47:35+00:00
2012,T13702,Machine Learning in Healthcare,266,316,117229,2269.0631157819307,2695.5787390492114,OpenAlex Works API primary_topic.id and AI-subfield topics.id grouped counts,2026-06-19T23:47:35+00:00
2013,T13702,Machine Learning in Healthcare,295,377,119603,2466.493315385065,3152.094847119219,OpenAlex Works API primary_topic.id and AI-subfield topics.id grouped counts,2026-06-19T23:47:35+00:00
2014,T13702,Machine Learning in Healthcare,377,454,123428,3054.412288945782,3678.257769711897,OpenAlex Works API primary_topic.id and AI-subfield topics.id grouped counts,2026-06-19T23:47:35+00:00
2015,T13702,Machine Learning in Healthcare,483,574,123162,3921.6641496565503,4660.528409736769,OpenAlex Works API primary_topic.id and AI-subfield topics.id grouped counts,2026-06-19T23:47:35+00:00
2016,T13702,Machine Learning in Healthcare,616,758,133301,4621.120621750774,5686.3789468946225,OpenAlex Works API primary_topic.id and AI-subfield topics.id grouped counts,2026-06-19T23:47:35+00:00
2017,T13702,Machine Learning in Healthcare,746,931,135900,5489.330389992642,6850.625459896984,OpenAlex Works API primary_topic.id and AI-subfield topics.id grouped counts,2026-06-19T23:47:35+00:00
2018,T13702,Machine Learning in Healthcare,1101,1433,151657,7259.803372083055,9448.953889368773,OpenAlex Works API primary_topic.id and AI-subfield topics.id grouped counts,2026-06-19T23:47:35+00:00
2019,T13702,Machine Learning in Healthcare,1512,2048,170876,8848.521735059341,11985.299281350219,OpenAlex Works API primary_topic.id and AI-subfield topics.id grouped counts,2026-06-19T23:47:35+00:00
2020,T13702,Machine Learning in Healthcare,1989,2839,187432,10611.848563745785,15146.826582440564,OpenAlex Works API primary_topic.id and AI-subfield topics.id grouped counts,2026-06-19T23:47:35+00:00
2021,T13702,Machine Learning in Healthcare,2000,3002,188280,10622.477161674104,15944.338219672827,OpenAlex Works API primary_topic.id and AI-subfield topics.id grouped counts,2026-06-19T23:47:35+00:00
2022,T13702,Machine Learning in Healthcare,2119,3240,182108,11635.952292046479,17791.64012563973,OpenAlex Works API primary_topic.id and AI-subfield topics.id grouped counts,2026-06-19T23:47:35+00:00
2023,T13702,Machine Learning in Healthcare,2665,4373,213149,12502.99086554476,20516.16474860309,OpenAlex Works API primary_topic.id and AI-subfield topics.id grouped counts,2026-06-19T23:47:35+00:00
2024,T13702,Machine Learning in Healthcare,3552,5300,233624,15203.917405745984,22686.025408348458,OpenAlex Works API primary_topic.id and AI-subfield topics.id grouped counts,2026-06-19T23:47:35+00:00
2025,T13702,Machine Learning in Healthcare,6016,10175,287086,20955.393157451075,35442.34131932592,OpenAlex Works API primary_topic.id and AI-subfield topics.id grouped counts,2026-06-19T23:47:35+00:00
2026,T13702,Machine Learning in Healthcare,4973,9713,214412,23193.66453370147,45300.636158423964,OpenAlex Works API primary_topic.id and AI-subfield topics.id grouped counts,2026-06-19T23:47:35+00:00
1990,T11424,Security and Verification in Computing,65,94,21171,3070.237589154976,4440.035898162581,OpenAlex Works API primary_topic.id and AI-subfield topics.id grouped counts,2026-06-19T23:47:35+00:00
1991,T11424,Security and Verification in Computing,55,79,22358,2459.9695858305754,3533.4108596475535,OpenAlex Works API primary_topic.id and AI-subfield topics.id grouped counts,2026-06-19T23:47:35+00:00
1992,T11424,Security and Verification in Computing,72,100,23668,3042.082136217678,4225.114078080108,OpenAlex Works API primary_topic.id and AI-subfield topics.id grouped counts,2026-06-19T23:47:35+00:00
1993,T11424,Security and Verification in Computing,77,120,25174,3058.7113688726463,4766.8229125288,OpenAlex Works API primary_topic.id and AI-subfield topics.id grouped counts,2026-06-19T23:47:35+00:00
1994,T11424,Security and Verification in Computing,97,155,26808,3618.3228886899433,5781.8561623396,OpenAlex Works API primary_topic.id and AI-subfield topics.id grouped counts,2026-06-19T23:47:35+00:00
1995,T11424,Security and Verification in Computing,94,143,26910,3493.125232255667,5314.009661835749,OpenAlex Works API primary_topic.id and AI-subfield topics.id grouped counts,2026-06-19T23:47:35+00:00
1996,T11424,Security and Verification in Computing,125,187,29167,4285.665306682209,6411.355298796585,OpenAlex Works API primary_topic.id and AI-subfield topics.id grouped counts,2026-06-19T23:47:35+00:00
1997,T11424,Security and Verification in Computing,117,173,29921,3910.2971157381103,5781.892316433274,OpenAlex Works API primary_topic.id and AI-subfield topics.id grouped counts,2026-06-19T23:47:35+00:00
1998,T11424,Security and Verification in Computing,168,269,31737,5293.506002457699,8475.911396792388,OpenAlex Works API primary_topic.id and AI-subfield topics.id grouped counts,2026-06-19T23:47:35+00:00
1999,T11424,Security and Verification in Computing,162,233,33899,4778.902032508334,6873.359096138529,OpenAlex Works API primary_topic.id and AI-subfield topics.id grouped counts,2026-06-19T23:47:35+00:00
2000,T11424,Security and Verification in Computing,209,308,41542,5031.052910307641,7414.183236242839,OpenAlex Works API primary_topic.id and AI-subfield topics.id grouped counts,2026-06-19T23:47:35+00:00
2001,T11424,Security and Verification in Computing,199,285,44511,4470.804969558087,6402.91163981937,OpenAlex Works API primary_topic.id and AI-subfield topics.id grouped counts,2026-06-19T23:47:35+00:00
2002,T11424,Security and Verification in Computing,605,796,73689,8210.180623973727,10802.155002781961,OpenAlex Works API primary_topic.id and AI-subfield topics.id grouped counts,2026-06-19T23:47:35+00:00
2003,T11424,Security and Verification in Computing,538,739,67186,8007.620635251392,10999.315333551633,OpenAlex Works API primary_topic.id and AI-subfield topics.id grouped counts,2026-06-19T23:47:35+00:00
2004,T11424,Security and Verification in Computing,491,690,70835,6931.601609373897,9740.947271828898,OpenAlex Works API primary_topic.id and AI-subfield topics.id grouped counts,2026-06-19T23:47:35+00:00
2005,T11424,Security and Verification in Computing,652,920,82556,7897.669460729687,11143.95077280876,OpenAlex Works API primary_topic.id and AI-subfield topics.id grouped counts,2026-06-19T23:47:35+00:00
2006,T11424,Security and Verification in Computing,702,968,89915,7807.37363065117,10765.723183006172,OpenAlex Works API primary_topic.id and AI-subfield topics.id grouped counts,2026-06-19T23:47:35+00:00
2007,T11424,Security and Verification in Computing,810,1145,94054,8612.073914985009,12173.857571182512,OpenAlex Works API primary_topic.id and AI-subfield topics.id grouped counts,2026-06-19T23:47:35+00:00
2008,T11424,Security and Verification in Computing,829,1181,97967,8462.033133606214,12055.079771759878,OpenAlex Works API primary_topic.id and AI-subfield topics.id grouped counts,2026-06-19T23:47:35+00:00
2009,T11424,Security and Verification in Computing,949,1304,104332,9095.962887704634,12498.562281946095,OpenAlex Works API primary_topic.id and AI-subfield topics.id grouped counts,2026-06-19T23:47:35+00:00
2010,T11424,Security and Verification in Computing,1034,1424,110997,9315.567087398758,12829.175563303514,OpenAlex Works API primary_topic.id and AI-subfield topics.id grouped counts,2026-06-19T23:47:35+00:00
2011,T11424,Security and Verification in Computing,1014,1395,113882,8903.953214731038,12249.521434467255,OpenAlex Works API primary_topic.id and AI-subfield topics.id grouped counts,2026-06-19T23:47:35+00:00
2012,T11424,Security and Verification in Computing,1066,1499,117229,9093.313088058416,12786.938385553063,OpenAlex Works API primary_topic.id and AI-subfield topics.id grouped counts,2026-06-19T23:47:35+00:00
2013,T11424,Security and Verification in Computing,1068,1483,119603,8929.541901122882,12399.354531240855,OpenAlex Works API primary_topic.id and AI-subfield topics.id grouped counts,2026-06-19T23:47:35+00:00
2014,T11424,Security and Verification in Computing,1107,1575,123428,8968.791522182972,12760.475742943254,OpenAlex Works API primary_topic.id and AI-subfield topics.id grouped counts,2026-06-19T23:47:35+00:00
2015,T11424,Security and Verification in Computing,1109,1581,123162,9004.400708010588,12836.751595459638,OpenAlex Works API primary_topic.id and AI-subfield topics.id grouped counts,2026-06-19T23:47:35+00:00
2016,T11424,Security and Verification in Computing,1164,1569,133301,8732.117538503087,11770.354310920398,OpenAlex Works API primary_topic.id and AI-subfield topics.id grouped counts,2026-06-19T23:47:35+00:00
2017,T11424,Security and Verification in Computing,1260,1691,135900,9271.523178807947,12442.972774098602,OpenAlex Works API primary_topic.id and AI-subfield topics.id grouped counts,2026-06-19T23:47:35+00:00
2018,T11424,Security and Verification in Computing,1428,1870,151657,9415.984755072303,12330.456226880395,OpenAlex Works API primary_topic.id and AI-subfield topics.id grouped counts,2026-06-19T23:47:35+00:00
2019,T11424,Security and Verification in Computing,1505,1991,170876,8807.556356656289,11651.724057211077,OpenAlex Works API primary_topic.id and AI-subfield topics.id grouped counts,2026-06-19T23:47:35+00:00
2020,T11424,Security and Verification in Computing,1405,1955,187432,7496.051901489607,10430.449442997993,OpenAlex Works API primary_topic.id and AI-subfield topics.id grouped counts,2026-06-19T23:47:35+00:00
2021,T11424,Security and Verification in Computing,1410,1908,188280,7488.846398980242,10133.843212237094,OpenAlex Works API primary_topic.id and AI-subfield topics.id grouped counts,2026-06-19T23:47:35+00:00
2022,T11424,Security and Verification in Computing,1237,1680,182108,6792.6724800667735,9225.294879961342,OpenAlex Works API primary_topic.id and AI-subfield topics.id grouped counts,2026-06-19T23:47:35+00:00
2023,T11424,Security and Verification in Computing,1302,1828,213149,6108.4030420034815,8576.160338542522,OpenAlex Works API primary_topic.id and AI-subfield topics.id grouped counts,2026-06-19T23:47:35+00:00
2024,T11424,Security and Verification in Computing,1156,1692,233624,4948.121768311475,7242.406602061432,OpenAlex Works API primary_topic.id and AI-subfield topics.id grouped counts,2026-06-19T23:47:35+00:00
2025,T11424,Security and Verification in Computing,1930,3055,287086,6722.724201110469,10641.410587768125,OpenAlex Works API primary_topic.id and AI-subfield topics.id grouped counts,2026-06-19T23:47:35+00:00
2026,T11424,Security and Verification in Computing,3358,5446,214412,15661.436859877247,25399.697778109432,OpenAlex Works API primary_topic.id and AI-subfield topics.id grouped counts,2026-06-19T23:47:35+00:00
1990,T12535,Machine Learning and Data Classification,37,127,21171,1747.6737045959096,5998.771904964337,OpenAlex Works API primary_topic.id and AI-subfield topics.id grouped counts,2026-06-19T23:47:35+00:00
1991,T12535,Machine Learning and Data Classification,63,164,22358,2817.7833437695676,7335.182037749351,OpenAlex Works API primary_topic.id and AI-subfield topics.id grouped counts,2026-06-19T23:47:35+00:00
1992,T12535,Machine Learning and Data Classification,48,166,23668,2028.054757478452,7013.689369612979,OpenAlex Works API primary_topic.id and AI-subfield topics.id grouped counts,2026-06-19T23:47:35+00:00
1993,T12535,Machine Learning and Data Classification,67,192,25174,2661.4761261619133,7626.916660046079,OpenAlex Works API primary_topic.id and AI-subfield topics.id grouped counts,2026-06-19T23:47:35+00:00
1994,T12535,Machine Learning and Data Classification,71,214,26808,2648.4631453297525,7982.691733810802,OpenAlex Works API primary_topic.id and AI-subfield topics.id grouped counts,2026-06-19T23:47:35+00:00
1995,T12535,Machine Learning and Data Classification,71,233,26910,2638.4243775548125,8658.491267186919,OpenAlex Works API primary_topic.id and AI-subfield topics.id grouped counts,2026-06-19T23:47:35+00:00
1996,T12535,Machine Learning and Data Classification,85,255,29167,2914.252408543902,8742.757225631707,OpenAlex Works API primary_topic.id and AI-subfield topics.id grouped counts,2026-06-19T23:47:35+00:00
1997,T12535,Machine Learning and Data Classification,100,255,29921,3342.1342869556497,8522.442431736907,OpenAlex Works API primary_topic.id and AI-subfield topics.id grouped counts,2026-06-19T23:47:35+00:00
1998,T12535,Machine Learning and Data Classification,99,258,31737,3119.387465734001,8129.312789488609,OpenAlex Works API primary_topic.id and AI-subfield topics.id grouped counts,2026-06-19T23:47:35+00:00
1999,T12535,Machine Learning and Data Classification,97,274,33899,2861.4413404525208,8082.834301896812,OpenAlex Works API primary_topic.id and AI-subfield topics.id grouped counts,2026-06-19T23:47:35+00:00
2000,T12535,Machine Learning and Data Classification,137,327,41542,3297.867218718405,7871.551682634443,OpenAlex Works API primary_topic.id and AI-subfield topics.id grouped counts,2026-06-19T23:47:35+00:00
2001,T12535,Machine Learning and Data Classification,113,306,44511,2538.698299296803,6874.705129069219,OpenAlex Works API primary_topic.id and AI-subfield topics.id grouped counts,2026-06-19T23:47:35+00:00
2002,T12535,Machine Learning and Data Classification,212,614,73689,2876.9558550122815,8332.315542346889,OpenAlex Works API primary_topic.id and AI-subfield topics.id grouped counts,2026-06-19T23:47:35+00:00
2003,T12535,Machine Learning and Data Classification,186,525,67186,2768.433899919626,7814.127943321526,OpenAlex Works API primary_topic.id and AI-subfield topics.id grouped counts,2026-06-19T23:47:35+00:00
2004,T12535,Machine Learning and Data Classification,209,588,70835,2950.5188113220865,8300.981153384628,OpenAlex Works API primary_topic.id and AI-subfield topics.id grouped counts,2026-06-19T23:47:35+00:00
2005,T12535,Machine Learning and Data Classification,295,743,82556,3573.33204128107,8999.951548040117,OpenAlex Works API primary_topic.id and AI-subfield topics.id grouped counts,2026-06-19T23:47:35+00:00
2006,T12535,Machine Learning and Data Classification,305,809,89915,3392.0925318356226,8997.386420508257,OpenAlex Works API primary_topic.id and AI-subfield topics.id grouped counts,2026-06-19T23:47:35+00:00
2007,T12535,Machine Learning and Data Classification,305,832,94054,3242.8179556425034,8845.98209539201,OpenAlex Works API primary_topic.id and AI-subfield topics.id grouped counts,2026-06-19T23:47:35+00:00
2008,T12535,Machine Learning and Data Classification,326,892,97967,3327.6511478354955,9105.106821684854,OpenAlex Works API primary_topic.id and AI-subfield topics.id grouped counts,2026-06-19T23:47:35+00:00
2009,T12535,Machine Learning and Data Classification,356,908,104332,3412.1841812674925,8702.986619637311,OpenAlex Works API primary_topic.id and AI-subfield topics.id grouped counts,2026-06-19T23:47:35+00:00
2010,T12535,Machine Learning and Data Classification,389,1063,110997,3504.5992234024343,9576.835409966036,OpenAlex Works API primary_topic.id and AI-subfield topics.id grouped counts,2026-06-19T23:47:35+00:00
2011,T12535,Machine Learning and Data Classification,434,1161,113882,3810.9622240564795,10194.763000298555,OpenAlex Works API primary_topic.id and AI-subfield topics.id grouped counts,2026-06-19T23:47:35+00:00
2012,T12535,Machine Learning and Data Classification,497,1303,117229,4239.565295276767,11114.997142345324,OpenAlex Works API primary_topic.id and AI-subfield topics.id grouped counts,2026-06-19T23:47:35+00:00
2013,T12535,Machine Learning and Data Classification,482,1372,119603,4029.999247510514,11471.284165112915,OpenAlex Works API primary_topic.id and AI-subfield topics.id grouped counts,2026-06-19T23:47:35+00:00
2014,T12535,Machine Learning and Data Classification,600,1500,123428,4861.133616359335,12152.834040898339,OpenAlex Works API primary_topic.id and AI-subfield topics.id grouped counts,2026-06-19T23:47:35+00:00
2015,T12535,Machine Learning and Data Classification,777,1832,123162,6308.7640668387985,14874.717851285299,OpenAlex Works API primary_topic.id and AI-subfield topics.id grouped counts,2026-06-19T23:47:35+00:00
2016,T12535,Machine Learning and Data Classification,883,2076,133301,6624.106345788853,15573.776640835404,OpenAlex Works API primary_topic.id and AI-subfield topics.id grouped counts,2026-06-19T23:47:35+00:00
2017,T12535,Machine Learning and Data Classification,1071,2407,135900,7880.794701986755,17711.552612214866,OpenAlex Works API primary_topic.id and AI-subfield topics.id grouped counts,2026-06-19T23:47:35+00:00
2018,T12535,Machine Learning and Data Classification,1370,3302,151657,9033.542797233229,21772.816289389873,OpenAlex Works API primary_topic.id and AI-subfield topics.id grouped counts,2026-06-19T23:47:35+00:00
2019,T12535,Machine Learning and Data Classification,1947,4418,170876,11394.227392963317,25855.005969240854,OpenAlex Works API primary_topic.id and AI-subfield topics.id grouped counts,2026-06-19T23:47:35+00:00
2020,T12535,Machine Learning and Data Classification,2144,5406,187432,11438.815143625423,28842.4601988988,OpenAlex Works API primary_topic.id and AI-subfield topics.id grouped counts,2026-06-19T23:47:35+00:00
2021,T12535,Machine Learning and Data Classification,2456,6256,188280,13044.401954535799,33227.108561716595,OpenAlex Works API primary_topic.id and AI-subfield topics.id grouped counts,2026-06-19T23:47:35+00:00
2022,T12535,Machine Learning and Data Classification,2365,6000,182108,12986.799042326531,32947.48171414765,OpenAlex Works API primary_topic.id and AI-subfield topics.id grouped counts,2026-06-19T23:47:35+00:00
2023,T12535,Machine Learning and Data Classification,2776,6951,213149,13023.753336867638,32610.99043392181,OpenAlex Works API primary_topic.id and AI-subfield topics.id grouped counts,2026-06-19T23:47:35+00:00
2024,T12535,Machine Learning and Data Classification,2690,5745,233624,11514.227990274972,24590.795466219224,OpenAlex Works API primary_topic.id and AI-subfield topics.id grouped counts,2026-06-19T23:47:35+00:00
2025,T12535,Machine Learning and Data Classification,3076,6980,287086,10714.559400319067,24313.27198121817,OpenAlex Works API primary_topic.id and AI-subfield topics.id grouped counts,2026-06-19T23:47:35+00:00
2026,T12535,Machine Learning and Data Classification,1881,5043,214412,8772.829878924687,23520.138798201595,OpenAlex Works API primary_topic.id and AI-subfield topics.id grouped counts,2026-06-19T23:47:35+00:00
1990,T11598,Internet Traffic Analysis and Secure E-voting,25,31,21171,1180.8606112134523,1464.267157904681,OpenAlex Works API primary_topic.id and AI-subfield topics.id grouped counts,2026-06-19T23:47:35+00:00
1991,T11598,Internet Traffic Analysis and Secure E-voting,31,41,22358,1386.5283120135969,1833.7955094373378,OpenAlex Works API primary_topic.id and AI-subfield topics.id grouped counts,2026-06-19T23:47:35+00:00
1992,T11598,Internet Traffic Analysis and Secure E-voting,33,39,23668,1394.2876457664356,1647.7944904512424,OpenAlex Works API primary_topic.id and AI-subfield topics.id grouped counts,2026-06-19T23:47:35+00:00
1993,T11598,Internet Traffic Analysis and Secure E-voting,41,54,25174,1628.6644951140065,2145.0703106379597,OpenAlex Works API primary_topic.id and AI-subfield topics.id grouped counts,2026-06-19T23:47:35+00:00
1994,T11598,Internet Traffic Analysis and Secure E-voting,46,58,26808,1715.9056997911073,2163.5332736496566,OpenAlex Works API primary_topic.id and AI-subfield topics.id grouped counts,2026-06-19T23:47:35+00:00
1995,T11598,Internet Traffic Analysis and Secure E-voting,59,83,26910,2192.493496841323,3084.355258268302,OpenAlex Works API primary_topic.id and AI-subfield topics.id grouped counts,2026-06-19T23:47:35+00:00
1996,T11598,Internet Traffic Analysis and Secure E-voting,93,129,29167,3188.534988171564,4422.80659649604,OpenAlex Works API primary_topic.id and AI-subfield topics.id grouped counts,2026-06-19T23:47:35+00:00
1997,T11598,Internet Traffic Analysis and Secure E-voting,107,138,29921,3576.0836870425455,4612.145315998797,OpenAlex Works API primary_topic.id and AI-subfield topics.id grouped counts,2026-06-19T23:47:35+00:00
1998,T11598,Internet Traffic Analysis and Secure E-voting,97,136,31737,3056.3695371333147,4285.219144846709,OpenAlex Works API primary_topic.id and AI-subfield topics.id grouped counts,2026-06-19T23:47:35+00:00
1999,T11598,Internet Traffic Analysis and Secure E-voting,139,187,33899,4100.4159414732,5516.386914068262,OpenAlex Works API primary_topic.id and AI-subfield topics.id grouped counts,2026-06-19T23:47:35+00:00
2000,T11598,Internet Traffic Analysis and Secure E-voting,183,254,41542,4405.180299455972,6114.293967550912,OpenAlex Works API primary_topic.id and AI-subfield topics.id grouped counts,2026-06-19T23:47:35+00:00
2001,T11598,Internet Traffic Analysis and Secure E-voting,221,305,44511,4965.06481543888,6852.238772438274,OpenAlex Works API primary_topic.id and AI-subfield topics.id grouped counts,2026-06-19T23:47:35+00:00
2002,T11598,Internet Traffic Analysis and Secure E-voting,345,438,73689,4681.83853763791,5943.89936082726,OpenAlex Works API primary_topic.id and AI-subfield topics.id grouped counts,2026-06-19T23:47:35+00:00
2003,T11598,Internet Traffic Analysis and Secure E-voting,400,538,67186,5953.621290149733,8007.620635251392,OpenAlex Works API primary_topic.id and AI-subfield topics.id grouped counts,2026-06-19T23:47:35+00:00
2004,T11598,Internet Traffic Analysis and Secure E-voting,504,678,70835,7115.126702901108,9571.539493188395,OpenAlex Works API primary_topic.id and AI-subfield topics.id grouped counts,2026-06-19T23:47:35+00:00
2005,T11598,Internet Traffic Analysis and Secure E-voting,556,804,82556,6734.822423567033,9738.843936237221,OpenAlex Works API primary_topic.id and AI-subfield topics.id grouped counts,2026-06-19T23:47:35+00:00
2006,T11598,Internet Traffic Analysis and Secure E-voting,762,1111,89915,8474.670522159817,12356.114107768448,OpenAlex Works API primary_topic.id and AI-subfield topics.id grouped counts,2026-06-19T23:47:35+00:00
2007,T11598,Internet Traffic Analysis and Secure E-voting,867,1248,94054,9218.108746039508,13268.973143088013,OpenAlex Works API primary_topic.id and AI-subfield topics.id grouped counts,2026-06-19T23:47:35+00:00
2008,T11598,Internet Traffic Analysis and Secure E-voting,983,1344,97967,10033.991037798442,13718.905345677626,OpenAlex Works API primary_topic.id and AI-subfield topics.id grouped counts,2026-06-19T23:47:35+00:00
2009,T11598,Internet Traffic Analysis and Secure E-voting,1119,1542,104332,10725.376682130123,14779.741594141778,OpenAlex Works API primary_topic.id and AI-subfield topics.id grouped counts,2026-06-19T23:47:35+00:00
2010,T11598,Internet Traffic Analysis and Secure E-voting,1168,1689,110997,10522.806922709624,15216.627476418282,OpenAlex Works API primary_topic.id and AI-subfield topics.id grouped counts,2026-06-19T23:47:35+00:00
2011,T11598,Internet Traffic Analysis and Secure E-voting,1161,1698,113882,10194.763000298555,14910.17017614724,OpenAlex Works API primary_topic.id and AI-subfield topics.id grouped counts,2026-06-19T23:47:35+00:00
2012,T11598,Internet Traffic Analysis and Secure E-voting,1358,1937,117229,11584.164327939332,16523.21524537444,OpenAlex Works API primary_topic.id and AI-subfield topics.id grouped counts,2026-06-19T23:47:35+00:00
2013,T11598,Internet Traffic Analysis and Secure E-voting,1279,1898,119603,10693.711696194912,15869.16716135883,OpenAlex Works API primary_topic.id and AI-subfield topics.id grouped counts,2026-06-19T23:47:35+00:00
2014,T11598,Internet Traffic Analysis and Secure E-voting,1308,1979,123428,10597.27128366335,16033.639044625204,OpenAlex Works API primary_topic.id and AI-subfield topics.id grouped counts,2026-06-19T23:47:35+00:00
2015,T11598,Internet Traffic Analysis and Secure E-voting,1325,1964,123162,10758.188402266933,15946.476997775288,OpenAlex Works API primary_topic.id and AI-subfield topics.id grouped counts,2026-06-19T23:47:35+00:00
2016,T11598,Internet Traffic Analysis and Secure E-voting,1420,2114,133301,10652.583251438475,15858.845770099248,OpenAlex Works API primary_topic.id and AI-subfield topics.id grouped counts,2026-06-19T23:47:35+00:00
2017,T11598,Internet Traffic Analysis and Secure E-voting,1282,1950,135900,9433.406916850625,14348.785871964681,OpenAlex Works API primary_topic.id and AI-subfield topics.id grouped counts,2026-06-19T23:47:35+00:00
2018,T11598,Internet Traffic Analysis and Secure E-voting,1504,2272,151657,9917.115596378671,14981.174624316714,OpenAlex Works API primary_topic.id and AI-subfield topics.id grouped counts,2026-06-19T23:47:35+00:00
2019,T11598,Internet Traffic Analysis and Secure E-voting,1584,2385,170876,9269.87991291931,13957.48964161146,OpenAlex Works API primary_topic.id and AI-subfield topics.id grouped counts,2026-06-19T23:47:35+00:00
2020,T11598,Internet Traffic Analysis and Secure E-voting,1712,2663,187432,9133.979256477016,14207.819369157882,OpenAlex Works API primary_topic.id and AI-subfield topics.id grouped counts,2026-06-19T23:47:35+00:00
2021,T11598,Internet Traffic Analysis and Secure E-voting,1667,2773,188280,8853.834714255365,14728.064584661142,OpenAlex Works API primary_topic.id and AI-subfield topics.id grouped counts,2026-06-19T23:47:35+00:00
2022,T11598,Internet Traffic Analysis and Secure E-voting,1584,2841,182108,8698.135172534978,15600.632591648911,OpenAlex Works API primary_topic.id and AI-subfield topics.id grouped counts,2026-06-19T23:47:35+00:00
2023,T11598,Internet Traffic Analysis and Secure E-voting,1821,3336,213149,8543.319461972611,15651.023462460531,OpenAlex Works API primary_topic.id and AI-subfield topics.id grouped counts,2026-06-19T23:47:35+00:00
2024,T11598,Internet Traffic Analysis and Secure E-voting,1733,2975,233624,7417.902270314694,12734.136903742767,OpenAlex Works API primary_topic.id and AI-subfield topics.id grouped counts,2026-06-19T23:47:35+00:00
2025,T11598,Internet Traffic Analysis and Secure E-voting,2341,3537,287086,8154.350961036066,12320.349999651671,OpenAlex Works API primary_topic.id and AI-subfield topics.id grouped counts,2026-06-19T23:47:35+00:00
2026,T11598,Internet Traffic Analysis and Secure E-voting,1397,1835,214412,6515.493535809564,8558.289647967464,OpenAlex Works API primary_topic.id and AI-subfield topics.id grouped counts,2026-06-19T23:47:35+00:00
1990,T12805,Cognitive Science and Mapping,309,388,21171,14595.43715459827,18326.95668603278,OpenAlex Works API primary_topic.id and AI-subfield topics.id grouped counts,2026-06-19T23:47:35+00:00
1991,T12805,Cognitive Science and Mapping,307,373,22358,13731.102960908847,16683.06646390554,OpenAlex Works API primary_topic.id and AI-subfield topics.id grouped counts,2026-06-19T23:47:35+00:00
1992,T12805,Cognitive Science and Mapping,311,384,23668,13140.104782829136,16224.438059827617,OpenAlex Works API primary_topic.id and AI-subfield topics.id grouped counts,2026-06-19T23:47:35+00:00
1993,T12805,Cognitive Science and Mapping,324,420,25174,12870.42186382776,16683.880193850797,OpenAlex Works API primary_topic.id and AI-subfield topics.id grouped counts,2026-06-19T23:47:35+00:00
1994,T12805,Cognitive Science and Mapping,357,448,26808,13316.920322291853,16711.429424052523,OpenAlex Works API primary_topic.id and AI-subfield topics.id grouped counts,2026-06-19T23:47:35+00:00
1995,T12805,Cognitive Science and Mapping,354,434,26910,13154.960981047938,16127.833519137866,OpenAlex Works API primary_topic.id and AI-subfield topics.id grouped counts,2026-06-19T23:47:35+00:00
1996,T12805,Cognitive Science and Mapping,374,455,29167,12822.71059759317,15599.821716323242,OpenAlex Works API primary_topic.id and AI-subfield topics.id grouped counts,2026-06-19T23:47:35+00:00
1997,T12805,Cognitive Science and Mapping,357,431,29921,11931.41940443167,14404.59877677885,OpenAlex Works API primary_topic.id and AI-subfield topics.id grouped counts,2026-06-19T23:47:35+00:00
1998,T12805,Cognitive Science and Mapping,393,471,31737,12383.022970034976,14840.722185461764,OpenAlex Works API primary_topic.id and AI-subfield topics.id grouped counts,2026-06-19T23:47:35+00:00
1999,T12805,Cognitive Science and Mapping,483,550,33899,14248.207911737809,16224.667394318416,OpenAlex Works API primary_topic.id and AI-subfield topics.id grouped counts,2026-06-19T23:47:35+00:00
2000,T12805,Cognitive Science and Mapping,467,549,41542,11241.634971835732,13215.540898367915,OpenAlex Works API primary_topic.id and AI-subfield topics.id grouped counts,2026-06-19T23:47:35+00:00
2001,T12805,Cognitive Science and Mapping,478,548,44511,10738.918469591787,12311.563433757947,OpenAlex Works API primary_topic.id and AI-subfield topics.id grouped counts,2026-06-19T23:47:35+00:00
2002,T12805,Cognitive Science and Mapping,595,751,73689,8074.475159114659,10191.480410916147,OpenAlex Works API primary_topic.id and AI-subfield topics.id grouped counts,2026-06-19T23:47:35+00:00
2003,T12805,Cognitive Science and Mapping,597,747,67186,8885.779775548477,11118.387759354628,OpenAlex Works API primary_topic.id and AI-subfield topics.id grouped counts,2026-06-19T23:47:35+00:00
2004,T12805,Cognitive Science and Mapping,623,773,70835,8795.087174419425,10912.684407425708,OpenAlex Works API primary_topic.id and AI-subfield topics.id grouped counts,2026-06-19T23:47:35+00:00
2005,T12805,Cognitive Science and Mapping,661,829,82556,8006.686370463684,10041.668685498329,OpenAlex Works API primary_topic.id and AI-subfield topics.id grouped counts,2026-06-19T23:47:35+00:00
2006,T12805,Cognitive Science and Mapping,746,929,89915,8296.724684424178,10331.980203525552,OpenAlex Works API primary_topic.id and AI-subfield topics.id grouped counts,2026-06-19T23:47:35+00:00
2007,T12805,Cognitive Science and Mapping,820,1019,94054,8718.395815170008,10834.201628851511,OpenAlex Works API primary_topic.id and AI-subfield topics.id grouped counts,2026-06-19T23:47:35+00:00
2008,T12805,Cognitive Science and Mapping,863,1035,97967,8809.088774791511,10564.78201843478,OpenAlex Works API primary_topic.id and AI-subfield topics.id grouped counts,2026-06-19T23:47:35+00:00
2009,T12805,Cognitive Science and Mapping,1012,1234,104332,9699.804470344669,11827.627190123836,OpenAlex Works API primary_topic.id and AI-subfield topics.id grouped counts,2026-06-19T23:47:35+00:00
2010,T12805,Cognitive Science and Mapping,1052,1281,110997,9477.733632440517,11540.852455471768,OpenAlex Works API primary_topic.id and AI-subfield topics.id grouped counts,2026-06-19T23:47:35+00:00
2011,T12805,Cognitive Science and Mapping,1199,1458,113882,10528.441720377234,12802.725628281907,OpenAlex Works API primary_topic.id and AI-subfield topics.id grouped counts,2026-06-19T23:47:35+00:00
2012,T12805,Cognitive Science and Mapping,1228,1465,117229,10475.223707444404,12496.907761731312,OpenAlex Works API primary_topic.id and AI-subfield topics.id grouped counts,2026-06-19T23:47:35+00:00
2013,T12805,Cognitive Science and Mapping,1357,1617,119603,11345.8692507713,13519.727766025935,OpenAlex Works API primary_topic.id and AI-subfield topics.id grouped counts,2026-06-19T23:47:35+00:00
2014,T12805,Cognitive Science and Mapping,1345,1541,123428,10897.04119000551,12485.011504682892,OpenAlex Works API primary_topic.id and AI-subfield topics.id grouped counts,2026-06-19T23:47:35+00:00
2015,T12805,Cognitive Science and Mapping,1285,1495,123162,10433.412903330573,12138.484272746464,OpenAlex Works API primary_topic.id and AI-subfield topics.id grouped counts,2026-06-19T23:47:35+00:00
2016,T12805,Cognitive Science and Mapping,1240,1422,133301,9302.25579703078,10667.586889820781,OpenAlex Works API primary_topic.id and AI-subfield topics.id grouped counts,2026-06-19T23:47:35+00:00
2017,T12805,Cognitive Science and Mapping,1325,1558,135900,9749.81604120677,11464.311994113319,OpenAlex Works API primary_topic.id and AI-subfield topics.id grouped counts,2026-06-19T23:47:35+00:00
2018,T12805,Cognitive Science and Mapping,1527,1745,151657,10068.77361414244,11506.227869468605,OpenAlex Works API primary_topic.id and AI-subfield topics.id grouped counts,2026-06-19T23:47:35+00:00
2019,T12805,Cognitive Science and Mapping,1542,1768,170876,9024.087642500996,10346.684145228119,OpenAlex Works API primary_topic.id and AI-subfield topics.id grouped counts,2026-06-19T23:47:35+00:00
2020,T12805,Cognitive Science and Mapping,1471,1711,187432,7848.179606470613,9128.643988219726,OpenAlex Works API primary_topic.id and AI-subfield topics.id grouped counts,2026-06-19T23:47:35+00:00
2021,T12805,Cognitive Science and Mapping,1306,1522,188280,6936.477586573189,8083.705120033991,OpenAlex Works API primary_topic.id and AI-subfield topics.id grouped counts,2026-06-19T23:47:35+00:00
2022,T12805,Cognitive Science and Mapping,1237,1451,182108,6792.6724800667735,7967.799327871374,OpenAlex Works API primary_topic.id and AI-subfield topics.id grouped counts,2026-06-19T23:47:35+00:00
2023,T12805,Cognitive Science and Mapping,1317,1528,213149,6178.7763489390045,7168.694199832043,OpenAlex Works API primary_topic.id and AI-subfield topics.id grouped counts,2026-06-19T23:47:35+00:00
2024,T12805,Cognitive Science and Mapping,1607,1895,233624,6878.574119097353,8111.324179022702,OpenAlex Works API primary_topic.id and AI-subfield topics.id grouped counts,2026-06-19T23:47:35+00:00
2025,T12805,Cognitive Science and Mapping,1871,2408,287086,6517.2108706102,8387.730505841455,OpenAlex Works API primary_topic.id and AI-subfield topics.id grouped counts,2026-06-19T23:47:35+00:00
2026,T12805,Cognitive Science and Mapping,491,892,214412,2289.9837695651363,4160.214913344403,OpenAlex Works API primary_topic.id and AI-subfield topics.id grouped counts,2026-06-19T23:47:35+00:00
1990,T14381,"Psychiatry, Mental Health, Neuroscience",64,65,21171,3023.003164706438,3070.237589154976,OpenAlex Works API primary_topic.id and AI-subfield topics.id grouped counts,2026-06-19T23:47:35+00:00
1991,T14381,"Psychiatry, Mental Health, Neuroscience",54,55,22358,2415.242866088201,2459.9695858305754,OpenAlex Works API primary_topic.id and AI-subfield topics.id grouped counts,2026-06-19T23:47:35+00:00
1992,T14381,"Psychiatry, Mental Health, Neuroscience",71,75,23668,2999.830995436877,3168.835558560081,OpenAlex Works API primary_topic.id and AI-subfield topics.id grouped counts,2026-06-19T23:47:35+00:00
1993,T14381,"Psychiatry, Mental Health, Neuroscience",68,69,25174,2701.199650432987,2740.92317470406,OpenAlex Works API primary_topic.id and AI-subfield topics.id grouped counts,2026-06-19T23:47:35+00:00
1994,T14381,"Psychiatry, Mental Health, Neuroscience",81,83,26808,3021.4861235452104,3096.090719188302,OpenAlex Works API primary_topic.id and AI-subfield topics.id grouped counts,2026-06-19T23:47:35+00:00
1995,T14381,"Psychiatry, Mental Health, Neuroscience",87,90,26910,3232.9988851727985,3344.4816053511704,OpenAlex Works API primary_topic.id and AI-subfield topics.id grouped counts,2026-06-19T23:47:35+00:00
1996,T14381,"Psychiatry, Mental Health, Neuroscience",81,86,29167,2777.1111187300717,2948.53773099736,OpenAlex Works API primary_topic.id and AI-subfield topics.id grouped counts,2026-06-19T23:47:35+00:00
1997,T14381,"Psychiatry, Mental Health, Neuroscience",99,100,29921,3308.712944086093,3342.1342869556497,OpenAlex Works API primary_topic.id and AI-subfield topics.id grouped counts,2026-06-19T23:47:35+00:00
1998,T14381,"Psychiatry, Mental Health, Neuroscience",108,112,31737,3402.968144437092,3529.0040016384664,OpenAlex Works API primary_topic.id and AI-subfield topics.id grouped counts,2026-06-19T23:47:35+00:00
1999,T14381,"Psychiatry, Mental Health, Neuroscience",111,119,33899,3274.4328741260806,3510.4280362252575,OpenAlex Works API primary_topic.id and AI-subfield topics.id grouped counts,2026-06-19T23:47:35+00:00
2000,T14381,"Psychiatry, Mental Health, Neuroscience",115,120,41542,2768.282701843917,2888.642819315392,OpenAlex Works API primary_topic.id and AI-subfield topics.id grouped counts,2026-06-19T23:47:35+00:00
2001,T14381,"Psychiatry, Mental Health, Neuroscience",183,192,44511,4111.343263462964,4313.540473141471,OpenAlex Works API primary_topic.id and AI-subfield topics.id grouped counts,2026-06-19T23:47:35+00:00
2002,T14381,"Psychiatry, Mental Health, Neuroscience",138,145,73689,1872.7354150551641,1967.7292404565133,OpenAlex Works API primary_topic.id and AI-subfield topics.id grouped counts,2026-06-19T23:47:35+00:00
2003,T14381,"Psychiatry, Mental Health, Neuroscience",180,188,67186,2679.12958056738,2798.202006370375,OpenAlex Works API primary_topic.id and AI-subfield topics.id grouped counts,2026-06-19T23:47:35+00:00
2004,T14381,"Psychiatry, Mental Health, Neuroscience",172,174,70835,2428.1781605138704,2456.4127902872874,OpenAlex Works API primary_topic.id and AI-subfield topics.id grouped counts,2026-06-19T23:47:35+00:00
2005,T14381,"Psychiatry, Mental Health, Neuroscience",190,191,82556,2301.468094384418,2313.581084354862,OpenAlex Works API primary_topic.id and AI-subfield topics.id grouped counts,2026-06-19T23:47:35+00:00
2006,T14381,"Psychiatry, Mental Health, Neuroscience",217,227,89915,2413.390424289607,2524.606572874381,OpenAlex Works API primary_topic.id and AI-subfield topics.id grouped counts,2026-06-19T23:47:35+00:00
2007,T14381,"Psychiatry, Mental Health, Neuroscience",223,231,94054,2370.9783741255023,2456.0358942735024,OpenAlex Works API primary_topic.id and AI-subfield topics.id grouped counts,2026-06-19T23:47:35+00:00
2008,T14381,"Psychiatry, Mental Health, Neuroscience",272,277,97967,2776.445129482377,2827.482723774332,OpenAlex Works API primary_topic.id and AI-subfield topics.id grouped counts,2026-06-19T23:47:35+00:00
2009,T14381,"Psychiatry, Mental Health, Neuroscience",249,261,104332,2386.6119694820377,2501.6294137944255,OpenAlex Works API primary_topic.id and AI-subfield topics.id grouped counts,2026-06-19T23:47:35+00:00
2010,T14381,"Psychiatry, Mental Health, Neuroscience",293,304,110997,2639.7109831797256,2738.8127607052443,OpenAlex Works API primary_topic.id and AI-subfield topics.id grouped counts,2026-06-19T23:47:35+00:00
2011,T14381,"Psychiatry, Mental Health, Neuroscience",293,304,113882,2572.8385521855953,2669.429760629423,OpenAlex Works API primary_topic.id and AI-subfield topics.id grouped counts,2026-06-19T23:47:35+00:00
2012,T14381,"Psychiatry, Mental Health, Neuroscience",324,335,117229,2763.8212387719764,2857.654675890778,OpenAlex Works API primary_topic.id and AI-subfield topics.id grouped counts,2026-06-19T23:47:35+00:00
2013,T14381,"Psychiatry, Mental Health, Neuroscience",349,370,119603,2917.9870070148745,3093.567887093133,OpenAlex Works API primary_topic.id and AI-subfield topics.id grouped counts,2026-06-19T23:47:35+00:00
2014,T14381,"Psychiatry, Mental Health, Neuroscience",352,358,123428,2851.86505493081,2900.4763910944034,OpenAlex Works API primary_topic.id and AI-subfield topics.id grouped counts,2026-06-19T23:47:35+00:00
2015,T14381,"Psychiatry, Mental Health, Neuroscience",286,295,123162,2322.1448173949757,2395.2193046556567,OpenAlex Works API primary_topic.id and AI-subfield topics.id grouped counts,2026-06-19T23:47:35+00:00
2016,T14381,"Psychiatry, Mental Health, Neuroscience",334,349,133301,2505.6076098453877,2618.1348977126954,OpenAlex Works API primary_topic.id and AI-subfield topics.id grouped counts,2026-06-19T23:47:35+00:00
2017,T14381,"Psychiatry, Mental Health, Neuroscience",336,348,135900,2472.4061810154526,2560.7064017660045,OpenAlex Works API primary_topic.id and AI-subfield topics.id grouped counts,2026-06-19T23:47:35+00:00
2018,T14381,"Psychiatry, Mental Health, Neuroscience",350,361,151657,2307.839400753015,2380.3714962052527,OpenAlex Works API primary_topic.id and AI-subfield topics.id grouped counts,2026-06-19T23:47:35+00:00
2019,T14381,"Psychiatry, Mental Health, Neuroscience",311,318,170876,1820.0332404784756,1860.998618881528,OpenAlex Works API primary_topic.id and AI-subfield topics.id grouped counts,2026-06-19T23:47:35+00:00
2020,T14381,"Psychiatry, Mental Health, Neuroscience",317,338,187432,1691.2800375602885,1803.3206709633362,OpenAlex Works API primary_topic.id and AI-subfield topics.id grouped counts,2026-06-19T23:47:35+00:00
2021,T14381,"Psychiatry, Mental Health, Neuroscience",206,221,188280,1094.1151476524326,1173.7837263649885,OpenAlex Works API primary_topic.id and AI-subfield topics.id grouped counts,2026-06-19T23:47:35+00:00
2022,T14381,"Psychiatry, Mental Health, Neuroscience",252,276,182108,1383.7942319942013,1515.584158850792,OpenAlex Works API primary_topic.id and AI-subfield topics.id grouped counts,2026-06-19T23:47:35+00:00
2023,T14381,"Psychiatry, Mental Health, Neuroscience",253,274,213149,1186.9631103125043,1285.485740022238,OpenAlex Works API primary_topic.id and AI-subfield topics.id grouped counts,2026-06-19T23:47:35+00:00
2024,T14381,"Psychiatry, Mental Health, Neuroscience",358,374,233624,1532.3768106016505,1600.8629250419478,OpenAlex Works API primary_topic.id and AI-subfield topics.id grouped counts,2026-06-19T23:47:35+00:00
2025,T14381,"Psychiatry, Mental Health, Neuroscience",1042,1136,287086,3629.574413242025,3957.0024313271983,OpenAlex Works API primary_topic.id and AI-subfield topics.id grouped counts,2026-06-19T23:47:35+00:00
2026,T14381,"Psychiatry, Mental Health, Neuroscience",823,985,214412,3838.4045669085685,4593.959293323135,OpenAlex Works API primary_topic.id and AI-subfield topics.id grouped counts,2026-06-19T23:47:35+00:00
1990,T10637,Advanced Clustering Algorithms Research,66,80,21171,3117.4720136035144,3778.7539558830476,OpenAlex Works API primary_topic.id and AI-subfield topics.id grouped counts,2026-06-19T23:47:35+00:00
1991,T10637,Advanced Clustering Algorithms Research,61,75,22358,2728.32990428482,3354.503980678057,OpenAlex Works API primary_topic.id and AI-subfield topics.id grouped counts,2026-06-19T23:47:35+00:00
1992,T10637,Advanced Clustering Algorithms Research,63,87,23668,2661.821869190468,3675.8492479296942,OpenAlex Works API primary_topic.id and AI-subfield topics.id grouped counts,2026-06-19T23:47:35+00:00
1993,T10637,Advanced Clustering Algorithms Research,76,98,25174,3018.987844601573,3892.9053785651863,OpenAlex Works API primary_topic.id and AI-subfield topics.id grouped counts,2026-06-19T23:47:35+00:00
1994,T10637,Advanced Clustering Algorithms Research,82,106,26808,3058.788421366756,3954.0435690838553,OpenAlex Works API primary_topic.id and AI-subfield topics.id grouped counts,2026-06-19T23:47:35+00:00
1995,T10637,Advanced Clustering Algorithms Research,73,93,26910,2712.7461910070606,3455.9643255295427,OpenAlex Works API primary_topic.id and AI-subfield topics.id grouped counts,2026-06-19T23:47:35+00:00
1996,T10637,Advanced Clustering Algorithms Research,109,148,29167,3737.1001474268865,5074.227723111736,OpenAlex Works API primary_topic.id and AI-subfield topics.id grouped counts,2026-06-19T23:47:35+00:00
1997,T10637,Advanced Clustering Algorithms Research,94,127,29921,3141.606229738311,4244.510544433675,OpenAlex Works API primary_topic.id and AI-subfield topics.id grouped counts,2026-06-19T23:47:35+00:00
1998,T10637,Advanced Clustering Algorithms Research,137,178,31737,4316.728109147052,5608.595645461133,OpenAlex Works API primary_topic.id and AI-subfield topics.id grouped counts,2026-06-19T23:47:35+00:00
1999,T10637,Advanced Clustering Algorithms Research,162,215,33899,4778.902032508334,6342.369981415381,OpenAlex Works API primary_topic.id and AI-subfield topics.id grouped counts,2026-06-19T23:47:35+00:00
2000,T10637,Advanced Clustering Algorithms Research,161,215,41542,3875.595782581484,5175.485051273409,OpenAlex Works API primary_topic.id and AI-subfield topics.id grouped counts,2026-06-19T23:47:35+00:00
2001,T10637,Advanced Clustering Algorithms Research,198,253,44511,4448.338612927142,5683.9882276291255,OpenAlex Works API primary_topic.id and AI-subfield topics.id grouped counts,2026-06-19T23:47:35+00:00
2002,T10637,Advanced Clustering Algorithms Research,368,509,73689,4993.961106813771,6907.408161326656,OpenAlex Works API primary_topic.id and AI-subfield topics.id grouped counts,2026-06-19T23:47:35+00:00
2003,T10637,Advanced Clustering Algorithms Research,352,473,67186,5239.186735331766,7040.157175602059,OpenAlex Works API primary_topic.id and AI-subfield topics.id grouped counts,2026-06-19T23:47:35+00:00
2004,T10637,Advanced Clustering Algorithms Research,475,627,70835,6705.724571186561,8851.55643396626,OpenAlex Works API primary_topic.id and AI-subfield topics.id grouped counts,2026-06-19T23:47:35+00:00
2005,T10637,Advanced Clustering Algorithms Research,560,764,82556,6783.274383448811,9254.324337419448,OpenAlex Works API primary_topic.id and AI-subfield topics.id grouped counts,2026-06-19T23:47:35+00:00
2006,T10637,Advanced Clustering Algorithms Research,693,902,89915,7707.279096924874,10031.69660234666,OpenAlex Works API primary_topic.id and AI-subfield topics.id grouped counts,2026-06-19T23:47:35+00:00
2007,T10637,Advanced Clustering Algorithms Research,768,1042,94054,8165.521934208008,11078.741999277012,OpenAlex Works API primary_topic.id and AI-subfield topics.id grouped counts,2026-06-19T23:47:35+00:00
2008,T10637,Advanced Clustering Algorithms Research,825,1101,97967,8421.203058172649,11238.478263088591,OpenAlex Works API primary_topic.id and AI-subfield topics.id grouped counts,2026-06-19T23:47:35+00:00
2009,T10637,Advanced Clustering Algorithms Research,944,1239,104332,9048.038952574474,11875.551125253996,OpenAlex Works API primary_topic.id and AI-subfield topics.id grouped counts,2026-06-19T23:47:35+00:00
2010,T10637,Advanced Clustering Algorithms Research,1006,1298,110997,9063.308017333802,11694.009748011207,OpenAlex Works API primary_topic.id and AI-subfield topics.id grouped counts,2026-06-19T23:47:35+00:00
2011,T10637,Advanced Clustering Algorithms Research,1047,1395,113882,9193.72684006252,12249.521434467255,OpenAlex Works API primary_topic.id and AI-subfield topics.id grouped counts,2026-06-19T23:47:35+00:00
2012,T10637,Advanced Clustering Algorithms Research,1204,1601,117229,10270.496208276109,13657.030257018316,OpenAlex Works API primary_topic.id and AI-subfield topics.id grouped counts,2026-06-19T23:47:35+00:00
2013,T10637,Advanced Clustering Algorithms Research,1118,1515,119603,9347.591615594927,12666.906348502966,OpenAlex Works API primary_topic.id and AI-subfield topics.id grouped counts,2026-06-19T23:47:35+00:00
2014,T10637,Advanced Clustering Algorithms Research,1262,1634,123428,10224.5843730758,13238.487215218589,OpenAlex Works API primary_topic.id and AI-subfield topics.id grouped counts,2026-06-19T23:47:35+00:00
2015,T10637,Advanced Clustering Algorithms Research,1179,1585,123162,9572.757831149218,12869.229145353274,OpenAlex Works API primary_topic.id and AI-subfield topics.id grouped counts,2026-06-19T23:47:35+00:00
2016,T10637,Advanced Clustering Algorithms Research,1328,1719,133301,9962.415885852319,12895.627189593477,OpenAlex Works API primary_topic.id and AI-subfield topics.id grouped counts,2026-06-19T23:47:35+00:00
2017,T10637,Advanced Clustering Algorithms Research,1353,1770,135900,9955.849889624724,13024.2825607064,OpenAlex Works API primary_topic.id and AI-subfield topics.id grouped counts,2026-06-19T23:47:35+00:00
2018,T10637,Advanced Clustering Algorithms Research,1658,2120,151657,10932.564932709996,13978.912941703977,OpenAlex Works API primary_topic.id and AI-subfield topics.id grouped counts,2026-06-19T23:47:35+00:00
2019,T10637,Advanced Clustering Algorithms Research,1441,1901,170876,8433.015754114094,11125.026334886117,OpenAlex Works API primary_topic.id and AI-subfield topics.id grouped counts,2026-06-19T23:47:35+00:00
2020,T10637,Advanced Clustering Algorithms Research,1420,1867,187432,7576.080925348927,9960.945836356652,OpenAlex Works API primary_topic.id and AI-subfield topics.id grouped counts,2026-06-19T23:47:35+00:00
2021,T10637,Advanced Clustering Algorithms Research,1230,1618,188280,6532.823454429573,8593.584023794348,OpenAlex Works API primary_topic.id and AI-subfield topics.id grouped counts,2026-06-19T23:47:35+00:00
2022,T10637,Advanced Clustering Algorithms Research,1155,1544,182108,6342.390229973422,8478.485294440661,OpenAlex Works API primary_topic.id and AI-subfield topics.id grouped counts,2026-06-19T23:47:35+00:00
2023,T10637,Advanced Clustering Algorithms Research,1202,1601,213149,5639.247662433321,7511.177626918259,OpenAlex Works API primary_topic.id and AI-subfield topics.id grouped counts,2026-06-19T23:47:35+00:00
2024,T10637,Advanced Clustering Algorithms Research,1393,1812,233624,5962.572338458378,7756.052460363661,OpenAlex Works API primary_topic.id and AI-subfield topics.id grouped counts,2026-06-19T23:47:35+00:00
2025,T10637,Advanced Clustering Algorithms Research,1504,2048,287086,5238.848289362769,7133.7508621110055,OpenAlex Works API primary_topic.id and AI-subfield topics.id grouped counts,2026-06-19T23:47:35+00:00
2026,T10637,Advanced Clustering Algorithms Research,826,1174,214412,3852.3963211014307,5475.439807473463,OpenAlex Works API primary_topic.id and AI-subfield topics.id grouped counts,2026-06-19T23:47:35+00:00
1990,T11652,Imbalanced Data Classification Techniques,17,42,21171,802.9852156251476,1983.8458268385998,OpenAlex Works API primary_topic.id and AI-subfield topics.id grouped counts,2026-06-19T23:47:35+00:00
1991,T11652,Imbalanced Data Classification Techniques,22,50,22358,983.98783433223,2236.335987118705,OpenAlex Works API primary_topic.id and AI-subfield topics.id grouped counts,2026-06-19T23:47:35+00:00
1992,T11652,Imbalanced Data Classification Techniques,25,62,23668,1056.278519520027,2619.570728409667,OpenAlex Works API primary_topic.id and AI-subfield topics.id grouped counts,2026-06-19T23:47:35+00:00
1993,T11652,Imbalanced Data Classification Techniques,23,47,25174,913.6410582346866,1867.0056407404466,OpenAlex Works API primary_topic.id and AI-subfield topics.id grouped counts,2026-06-19T23:47:35+00:00
1994,T11652,Imbalanced Data Classification Techniques,34,79,26808,1268.2781259325575,2946.8815279021187,OpenAlex Works API primary_topic.id and AI-subfield topics.id grouped counts,2026-06-19T23:47:35+00:00
1995,T11652,Imbalanced Data Classification Techniques,47,106,26910,1746.5626161278335,3939.0561129691564,OpenAlex Works API primary_topic.id and AI-subfield topics.id grouped counts,2026-06-19T23:47:35+00:00
1996,T11652,Imbalanced Data Classification Techniques,30,79,29167,1028.55967360373,2708.5404738231564,OpenAlex Works API primary_topic.id and AI-subfield topics.id grouped counts,2026-06-19T23:47:35+00:00
1997,T11652,Imbalanced Data Classification Techniques,60,130,29921,2005.2805721733898,4344.774573042345,OpenAlex Works API primary_topic.id and AI-subfield topics.id grouped counts,2026-06-19T23:47:35+00:00
1998,T11652,Imbalanced Data Classification Techniques,51,108,31737,1606.957179317516,3402.968144437092,OpenAlex Works API primary_topic.id and AI-subfield topics.id grouped counts,2026-06-19T23:47:35+00:00
1999,T11652,Imbalanced Data Classification Techniques,57,103,33899,1681.465529956636,3038.4377120269032,OpenAlex Works API primary_topic.id and AI-subfield topics.id grouped counts,2026-06-19T23:47:35+00:00
2000,T11652,Imbalanced Data Classification Techniques,75,151,41542,1805.4017620721197,3634.8755476385345,OpenAlex Works API primary_topic.id and AI-subfield topics.id grouped counts,2026-06-19T23:47:35+00:00
2001,T11652,Imbalanced Data Classification Techniques,75,144,44511,1684.976747320887,3235.155354856103,OpenAlex Works API primary_topic.id and AI-subfield topics.id grouped counts,2026-06-19T23:47:35+00:00
2002,T11652,Imbalanced Data Classification Techniques,144,269,73689,1954.1586939706065,3650.4770047089796,OpenAlex Works API primary_topic.id and AI-subfield topics.id grouped counts,2026-06-19T23:47:35+00:00
2003,T11652,Imbalanced Data Classification Techniques,140,267,67186,2083.767451552407,3974.042211174947,OpenAlex Works API primary_topic.id and AI-subfield topics.id grouped counts,2026-06-19T23:47:35+00:00
2004,T11652,Imbalanced Data Classification Techniques,162,357,70835,2287.0050116467846,5039.881414554951,OpenAlex Works API primary_topic.id and AI-subfield topics.id grouped counts,2026-06-19T23:47:35+00:00
2005,T11652,Imbalanced Data Classification Techniques,200,385,82556,2422.597994088861,4663.501138621057,OpenAlex Works API primary_topic.id and AI-subfield topics.id grouped counts,2026-06-19T23:47:35+00:00
2006,T11652,Imbalanced Data Classification Techniques,266,495,89915,2958.349552355002,5505.199354946339,OpenAlex Works API primary_topic.id and AI-subfield topics.id grouped counts,2026-06-19T23:47:35+00:00
2007,T11652,Imbalanced Data Classification Techniques,316,553,94054,3359.772045846003,5879.601080230506,OpenAlex Works API primary_topic.id and AI-subfield topics.id grouped counts,2026-06-19T23:47:35+00:00
2008,T11652,Imbalanced Data Classification Techniques,366,634,97967,3735.9519021711394,6471.566956219952,OpenAlex Works API primary_topic.id and AI-subfield topics.id grouped counts,2026-06-19T23:47:35+00:00
2009,T11652,Imbalanced Data Classification Techniques,375,657,104332,3594.2951347621056,6297.205076103209,OpenAlex Works API primary_topic.id and AI-subfield topics.id grouped counts,2026-06-19T23:47:35+00:00
2010,T11652,Imbalanced Data Classification Techniques,451,779,110997,4063.1728785462674,7018.207699307189,OpenAlex Works API primary_topic.id and AI-subfield topics.id grouped counts,2026-06-19T23:47:35+00:00
2011,T11652,Imbalanced Data Classification Techniques,534,878,113882,4689.064119000369,7709.734637607348,OpenAlex Works API primary_topic.id and AI-subfield topics.id grouped counts,2026-06-19T23:47:35+00:00
2012,T11652,Imbalanced Data Classification Techniques,629,1028,117229,5365.566540702386,8769.161214375283,OpenAlex Works API primary_topic.id and AI-subfield topics.id grouped counts,2026-06-19T23:47:35+00:00
2013,T11652,Imbalanced Data Classification Techniques,623,986,119603,5208.899442321681,8243.940369388727,OpenAlex Works API primary_topic.id and AI-subfield topics.id grouped counts,2026-06-19T23:47:35+00:00
2014,T11652,Imbalanced Data Classification Techniques,707,1195,123428,5728.035777943416,9681.757785915675,OpenAlex Works API primary_topic.id and AI-subfield topics.id grouped counts,2026-06-19T23:47:35+00:00
2015,T11652,Imbalanced Data Classification Techniques,764,1269,123162,6203.2120296844805,10303.502703756028,OpenAlex Works API primary_topic.id and AI-subfield topics.id grouped counts,2026-06-19T23:47:35+00:00
2016,T11652,Imbalanced Data Classification Techniques,800,1307,133301,6001.455352923084,9804.877682838089,OpenAlex Works API primary_topic.id and AI-subfield topics.id grouped counts,2026-06-19T23:47:35+00:00
2017,T11652,Imbalanced Data Classification Techniques,892,1492,135900,6563.649742457689,10978.660779985285,OpenAlex Works API primary_topic.id and AI-subfield topics.id grouped counts,2026-06-19T23:47:35+00:00
2018,T11652,Imbalanced Data Classification Techniques,1152,1822,151657,7596.088541907067,12013.952537634266,OpenAlex Works API primary_topic.id and AI-subfield topics.id grouped counts,2026-06-19T23:47:35+00:00
2019,T11652,Imbalanced Data Classification Techniques,1431,2225,170876,8374.493784966877,13021.138135255975,OpenAlex Works API primary_topic.id and AI-subfield topics.id grouped counts,2026-06-19T23:47:35+00:00
2020,T11652,Imbalanced Data Classification Techniques,1724,2747,187432,9198.002475564472,14655.98190277007,OpenAlex Works API primary_topic.id and AI-subfield topics.id grouped counts,2026-06-19T23:47:35+00:00
2021,T11652,Imbalanced Data Classification Techniques,1938,3088,188280,10293.180369662206,16401.104737624813,OpenAlex Works API primary_topic.id and AI-subfield topics.id grouped counts,2026-06-19T23:47:35+00:00
2022,T11652,Imbalanced Data Classification Techniques,2111,3225,182108,11592.022316427614,17709.27142135436,OpenAlex Works API primary_topic.id and AI-subfield topics.id grouped counts,2026-06-19T23:47:35+00:00
2023,T11652,Imbalanced Data Classification Techniques,2403,3718,213149,11273.80377107094,17443.197012418543,OpenAlex Works API primary_topic.id and AI-subfield topics.id grouped counts,2026-06-19T23:47:35+00:00
2024,T11652,Imbalanced Data Classification Techniques,3105,4112,233624,13290.586583570182,17600.931411156387,OpenAlex Works API primary_topic.id and AI-subfield topics.id grouped counts,2026-06-19T23:47:35+00:00
2025,T11652,Imbalanced Data Classification Techniques,4439,6119,287086,15462.265662554079,21314.170666629514,OpenAlex Works API primary_topic.id and AI-subfield topics.id grouped counts,2026-06-19T23:47:35+00:00
2026,T11652,Imbalanced Data Classification Techniques,2487,4083,214412,11599.16422588288,19042.777456485645,OpenAlex Works API primary_topic.id and AI-subfield topics.id grouped counts,2026-06-19T23:47:35+00:00
1990,T12072,Machine Learning and Algorithms,243,378,21171,11477.965140994756,17854.612441547397,OpenAlex Works API primary_topic.id and AI-subfield topics.id grouped counts,2026-06-19T23:47:35+00:00
1991,T12072,Machine Learning and Algorithms,265,448,22358,11852.580731729135,20037.570444583595,OpenAlex Works API primary_topic.id and AI-subfield topics.id grouped counts,2026-06-19T23:47:35+00:00
1992,T12072,Machine Learning and Algorithms,302,492,23668,12759.844515801926,20787.561264154134,OpenAlex Works API primary_topic.id and AI-subfield topics.id grouped counts,2026-06-19T23:47:35+00:00
1993,T12072,Machine Learning and Algorithms,338,560,25174,13426.551203622785,22245.173591801064,OpenAlex Works API primary_topic.id and AI-subfield topics.id grouped counts,2026-06-19T23:47:35+00:00
1994,T12072,Machine Learning and Algorithms,411,649,26808,15331.244404655328,24209.191286183228,OpenAlex Works API primary_topic.id and AI-subfield topics.id grouped counts,2026-06-19T23:47:35+00:00
1995,T12072,Machine Learning and Algorithms,433,631,26910,16090.672612411743,23448.53214418432,OpenAlex Works API primary_topic.id and AI-subfield topics.id grouped counts,2026-06-19T23:47:35+00:00
1996,T12072,Machine Learning and Algorithms,393,631,29167,13474.131724208866,21634.038468131792,OpenAlex Works API primary_topic.id and AI-subfield topics.id grouped counts,2026-06-19T23:47:35+00:00
1997,T12072,Machine Learning and Algorithms,404,675,29921,13502.222519300825,22559.406436950638,OpenAlex Works API primary_topic.id and AI-subfield topics.id grouped counts,2026-06-19T23:47:35+00:00
1998,T12072,Machine Learning and Algorithms,397,647,31737,12509.05882723635,20386.29990232221,OpenAlex Works API primary_topic.id and AI-subfield topics.id grouped counts,2026-06-19T23:47:35+00:00
1999,T12072,Machine Learning and Algorithms,349,634,33899,10295.288946576595,18702.616596359774,OpenAlex Works API primary_topic.id and AI-subfield topics.id grouped counts,2026-06-19T23:47:35+00:00
2000,T12072,Machine Learning and Algorithms,358,690,41542,8617.784410957585,16609.696211063503,OpenAlex Works API primary_topic.id and AI-subfield topics.id grouped counts,2026-06-19T23:47:35+00:00
2001,T12072,Machine Learning and Algorithms,360,649,44511,8087.888387140257,14580.665453483409,OpenAlex Works API primary_topic.id and AI-subfield topics.id grouped counts,2026-06-19T23:47:35+00:00
2002,T12072,Machine Learning and Algorithms,688,1260,73689,9336.535982304007,17098.888572242806,OpenAlex Works API primary_topic.id and AI-subfield topics.id grouped counts,2026-06-19T23:47:35+00:00
2003,T12072,Machine Learning and Algorithms,546,982,67186,8126.693061054386,14616.140267317596,OpenAlex Works API primary_topic.id and AI-subfield topics.id grouped counts,2026-06-19T23:47:35+00:00
2004,T12072,Machine Learning and Algorithms,512,965,70835,7228.065221994776,13623.208865673749,OpenAlex Works API primary_topic.id and AI-subfield topics.id grouped counts,2026-06-19T23:47:35+00:00
2005,T12072,Machine Learning and Algorithms,596,1155,82556,7219.342022384805,13990.503415863172,OpenAlex Works API primary_topic.id and AI-subfield topics.id grouped counts,2026-06-19T23:47:35+00:00
2006,T12072,Machine Learning and Algorithms,671,1196,89915,7462.60357003837,13301.451370739032,OpenAlex Works API primary_topic.id and AI-subfield topics.id grouped counts,2026-06-19T23:47:35+00:00
2007,T12072,Machine Learning and Algorithms,651,1218,94054,6921.555702043507,12950.007442533013,OpenAlex Works API primary_topic.id and AI-subfield topics.id grouped counts,2026-06-19T23:47:35+00:00
2008,T12072,Machine Learning and Algorithms,665,1240,97967,6788.000040830075,12657.323384404952,OpenAlex Works API primary_topic.id and AI-subfield topics.id grouped counts,2026-06-19T23:47:35+00:00
2009,T12072,Machine Learning and Algorithms,703,1308,104332,6738.105279300694,12536.901430050224,OpenAlex Works API primary_topic.id and AI-subfield topics.id grouped counts,2026-06-19T23:47:35+00:00
2010,T12072,Machine Learning and Algorithms,773,1446,110997,6964.15218429327,13027.37911835455,OpenAlex Works API primary_topic.id and AI-subfield topics.id grouped counts,2026-06-19T23:47:35+00:00
2011,T12072,Machine Learning and Algorithms,791,1489,113882,6945.7859890061645,13074.937215714512,OpenAlex Works API primary_topic.id and AI-subfield topics.id grouped counts,2026-06-19T23:47:35+00:00
2012,T12072,Machine Learning and Algorithms,869,1733,117229,7412.841532385331,14783.031502443933,OpenAlex Works API primary_topic.id and AI-subfield topics.id grouped counts,2026-06-19T23:47:35+00:00
2013,T12072,Machine Learning and Algorithms,820,1762,119603,6856.015317341538,14732.071937994868,OpenAlex Works API primary_topic.id and AI-subfield topics.id grouped counts,2026-06-19T23:47:35+00:00
2014,T12072,Machine Learning and Algorithms,896,1727,123428,7259.292867096607,13991.962925754286,OpenAlex Works API primary_topic.id and AI-subfield topics.id grouped counts,2026-06-19T23:47:35+00:00
2015,T12072,Machine Learning and Algorithms,933,1893,123162,7575.3885126906025,15370.000487163248,OpenAlex Works API primary_topic.id and AI-subfield topics.id grouped counts,2026-06-19T23:47:35+00:00
2016,T12072,Machine Learning and Algorithms,933,1889,133301,6999.197305346546,14170.936452089632,OpenAlex Works API primary_topic.id and AI-subfield topics.id grouped counts,2026-06-19T23:47:35+00:00
2017,T12072,Machine Learning and Algorithms,956,2041,135900,7034.584253127299,15018.395879323032,OpenAlex Works API primary_topic.id and AI-subfield topics.id grouped counts,2026-06-19T23:47:35+00:00
2018,T12072,Machine Learning and Algorithms,1163,2733,151657,7668.620637359304,18020.9288064514,OpenAlex Works API primary_topic.id and AI-subfield topics.id grouped counts,2026-06-19T23:47:35+00:00
2019,T12072,Machine Learning and Algorithms,1199,2871,170876,7016.784100751422,16801.657342166247,OpenAlex Works API primary_topic.id and AI-subfield topics.id grouped counts,2026-06-19T23:47:35+00:00
2020,T12072,Machine Learning and Algorithms,1407,3404,187432,7506.722438004183,18161.25314780827,OpenAlex Works API primary_topic.id and AI-subfield topics.id grouped counts,2026-06-19T23:47:35+00:00
2021,T12072,Machine Learning and Algorithms,1497,3649,188280,7950.924155513066,19380.7095814744,OpenAlex Works API primary_topic.id and AI-subfield topics.id grouped counts,2026-06-19T23:47:35+00:00
2022,T12072,Machine Learning and Algorithms,1248,2914,182108,6853.076196542711,16001.493619171042,OpenAlex Works API primary_topic.id and AI-subfield topics.id grouped counts,2026-06-19T23:47:35+00:00
2023,T12072,Machine Learning and Algorithms,1351,3211,213149,6338.28917799286,15064.579237997834,OpenAlex Works API primary_topic.id and AI-subfield topics.id grouped counts,2026-06-19T23:47:35+00:00
2024,T12072,Machine Learning and Algorithms,1311,2931,233624,5611.581001951855,12545.800089031949,OpenAlex Works API primary_topic.id and AI-subfield topics.id grouped counts,2026-06-19T23:47:35+00:00
2025,T12072,Machine Learning and Algorithms,1262,3047,287086,4395.895306632856,10613.544373463004,OpenAlex Works API primary_topic.id and AI-subfield topics.id grouped counts,2026-06-19T23:47:35+00:00
2026,T12072,Machine Learning and Algorithms,1091,2881,214412,5088.334608137605,13436.747943212134,OpenAlex Works API primary_topic.id and AI-subfield topics.id grouped counts,2026-06-19T23:47:35+00:00
1990,T11550,Text and Document Classification Technologies,20,40,21171,944.6884889707619,1889.3769779415238,OpenAlex Works API primary_topic.id and AI-subfield topics.id grouped counts,2026-06-19T23:47:35+00:00
1991,T11550,Text and Document Classification Technologies,29,58,22358,1297.0748725288488,2594.1497450576976,OpenAlex Works API primary_topic.id and AI-subfield topics.id grouped counts,2026-06-19T23:47:35+00:00
1992,T11550,Text and Document Classification Technologies,23,45,23668,971.7762379584249,1901.3013351360487,OpenAlex Works API primary_topic.id and AI-subfield topics.id grouped counts,2026-06-19T23:47:35+00:00
1993,T11550,Text and Document Classification Technologies,18,54,25174,715.0234368793199,2145.0703106379597,OpenAlex Works API primary_topic.id and AI-subfield topics.id grouped counts,2026-06-19T23:47:35+00:00
1994,T11550,Text and Document Classification Technologies,42,89,26808,1566.696508504924,3319.904506117577,OpenAlex Works API primary_topic.id and AI-subfield topics.id grouped counts,2026-06-19T23:47:35+00:00
1995,T11550,Text and Document Classification Technologies,41,92,26910,1523.5971757710888,3418.803418803419,OpenAlex Works API primary_topic.id and AI-subfield topics.id grouped counts,2026-06-19T23:47:35+00:00
1996,T11550,Text and Document Classification Technologies,45,100,29167,1542.8395104055955,3428.5322453457675,OpenAlex Works API primary_topic.id and AI-subfield topics.id grouped counts,2026-06-19T23:47:35+00:00
1997,T11550,Text and Document Classification Technologies,58,128,29921,1938.437886434277,4277.9318873032325,OpenAlex Works API primary_topic.id and AI-subfield topics.id grouped counts,2026-06-19T23:47:35+00:00
1998,T11550,Text and Document Classification Technologies,72,156,31737,2268.6454296247284,4915.398430853578,OpenAlex Works API primary_topic.id and AI-subfield topics.id grouped counts,2026-06-19T23:47:35+00:00
1999,T11550,Text and Document Classification Technologies,91,179,33899,2684.4449688781383,5280.391751969085,OpenAlex Works API primary_topic.id and AI-subfield topics.id grouped counts,2026-06-19T23:47:35+00:00
2000,T11550,Text and Document Classification Technologies,150,263,41542,3610.8035241442394,6330.942178999567,OpenAlex Works API primary_topic.id and AI-subfield topics.id grouped counts,2026-06-19T23:47:35+00:00
2001,T11550,Text and Document Classification Technologies,165,298,44511,3706.948844105951,6694.974276021657,OpenAlex Works API primary_topic.id and AI-subfield topics.id grouped counts,2026-06-19T23:47:35+00:00
2002,T11550,Text and Document Classification Technologies,350,598,73689,4749.691270067446,8115.186798572378,OpenAlex Works API primary_topic.id and AI-subfield topics.id grouped counts,2026-06-19T23:47:35+00:00
2003,T11550,Text and Document Classification Technologies,377,623,67186,5611.288065966124,9272.765159408209,OpenAlex Works API primary_topic.id and AI-subfield topics.id grouped counts,2026-06-19T23:47:35+00:00
2004,T11550,Text and Document Classification Technologies,478,790,70835,6748.076515846686,11152.678760499753,OpenAlex Works API primary_topic.id and AI-subfield topics.id grouped counts,2026-06-19T23:47:35+00:00
2005,T11550,Text and Document Classification Technologies,535,886,82556,6480.449634187703,10732.109113813653,OpenAlex Works API primary_topic.id and AI-subfield topics.id grouped counts,2026-06-19T23:47:35+00:00
2006,T11550,Text and Document Classification Technologies,659,1151,89915,7329.144191736641,12800.978702107546,OpenAlex Works API primary_topic.id and AI-subfield topics.id grouped counts,2026-06-19T23:47:35+00:00
2007,T11550,Text and Document Classification Technologies,645,1212,94054,6857.762561932506,12886.214302422013,OpenAlex Works API primary_topic.id and AI-subfield topics.id grouped counts,2026-06-19T23:47:35+00:00
2008,T11550,Text and Document Classification Technologies,751,1395,97967,7665.846662651709,14239.488807455571,OpenAlex Works API primary_topic.id and AI-subfield topics.id grouped counts,2026-06-19T23:47:35+00:00
2009,T11550,Text and Document Classification Technologies,833,1611,104332,7984.127592684891,15441.091898938006,OpenAlex Works API primary_topic.id and AI-subfield topics.id grouped counts,2026-06-19T23:47:35+00:00
2010,T11550,Text and Document Classification Technologies,892,1766,110997,8036.253232069334,15910.339919096912,OpenAlex Works API primary_topic.id and AI-subfield topics.id grouped counts,2026-06-19T23:47:35+00:00
2011,T11550,Text and Document Classification Technologies,928,1846,113882,8148.785585079293,16209.760980664196,OpenAlex Works API primary_topic.id and AI-subfield topics.id grouped counts,2026-06-19T23:47:35+00:00
2012,T11550,Text and Document Classification Technologies,1033,2128,117229,8811.81277670201,18152.504926255446,OpenAlex Works API primary_topic.id and AI-subfield topics.id grouped counts,2026-06-19T23:47:35+00:00
2013,T11550,Text and Document Classification Technologies,1047,2220,119603,8753.961021044623,18561.407322558796,OpenAlex Works API primary_topic.id and AI-subfield topics.id grouped counts,2026-06-19T23:47:35+00:00
2014,T11550,Text and Document Classification Technologies,1103,2518,123428,8936.383964740578,20400.557409988007,OpenAlex Works API primary_topic.id and AI-subfield topics.id grouped counts,2026-06-19T23:47:35+00:00
2015,T11550,Text and Document Classification Technologies,1150,2661,123162,9337.295594420357,21605.690066741365,OpenAlex Works API primary_topic.id and AI-subfield topics.id grouped counts,2026-06-19T23:47:35+00:00
2016,T11550,Text and Document Classification Technologies,1163,2869,133301,8724.615719311932,21522.719259420406,OpenAlex Works API primary_topic.id and AI-subfield topics.id grouped counts,2026-06-19T23:47:35+00:00
2017,T11550,Text and Document Classification Technologies,1252,3117,135900,9212.656364974247,22935.982339955848,OpenAlex Works API primary_topic.id and AI-subfield topics.id grouped counts,2026-06-19T23:47:35+00:00
2018,T11550,Text and Document Classification Technologies,1495,3952,151657,9857.771154645023,26058.803747931186,OpenAlex Works API primary_topic.id and AI-subfield topics.id grouped counts,2026-06-19T23:47:35+00:00
2019,T11550,Text and Document Classification Technologies,1541,4184,170876,9018.235445586273,24485.591891195956,OpenAlex Works API primary_topic.id and AI-subfield topics.id grouped counts,2026-06-19T23:47:35+00:00
2020,T11550,Text and Document Classification Technologies,1503,4266,187432,8018.908190703829,22760.25438559051,OpenAlex Works API primary_topic.id and AI-subfield topics.id grouped counts,2026-06-19T23:47:35+00:00
2021,T11550,Text and Document Classification Technologies,1433,4413,188280,7611.004886339494,23438.495857233906,OpenAlex Works API primary_topic.id and AI-subfield topics.id grouped counts,2026-06-19T23:47:35+00:00
2022,T11550,Text and Document Classification Technologies,1540,4702,182108,8456.52030663123,25819.84316998704,OpenAlex Works API primary_topic.id and AI-subfield topics.id grouped counts,2026-06-19T23:47:35+00:00
2023,T11550,Text and Document Classification Technologies,1688,5174,213149,7919.342807144299,24274.09933896007,OpenAlex Works API primary_topic.id and AI-subfield topics.id grouped counts,2026-06-19T23:47:35+00:00
2024,T11550,Text and Document Classification Technologies,2228,4929,233624,9536.691435811388,21098.003629764065,OpenAlex Works API primary_topic.id and AI-subfield topics.id grouped counts,2026-06-19T23:47:35+00:00
2025,T11550,Text and Document Classification Technologies,2095,5222,287086,7297.464871153592,18189.671387667808,OpenAlex Works API primary_topic.id and AI-subfield topics.id grouped counts,2026-06-19T23:47:35+00:00
2026,T11550,Text and Document Classification Technologies,924,2831,214412,4309.460291401601,13203.552039997761,OpenAlex Works API primary_topic.id and AI-subfield topics.id grouped counts,2026-06-19T23:47:35+00:00
1990,T12611,Neural Networks and Reservoir Computing,102,282,21171,4817.911293750886,13320.107694487742,OpenAlex Works API primary_topic.id and AI-subfield topics.id grouped counts,2026-06-19T23:47:35+00:00
1991,T12611,Neural Networks and Reservoir Computing,109,327,22358,4875.212451918776,14625.63735575633,OpenAlex Works API primary_topic.id and AI-subfield topics.id grouped counts,2026-06-19T23:47:35+00:00
1992,T12611,Neural Networks and Reservoir Computing,96,275,23668,4056.109514956904,11619.063714720298,OpenAlex Works API primary_topic.id and AI-subfield topics.id grouped counts,2026-06-19T23:47:35+00:00
1993,T12611,Neural Networks and Reservoir Computing,106,263,25174,4210.693572733773,10447.286883292285,OpenAlex Works API primary_topic.id and AI-subfield topics.id grouped counts,2026-06-19T23:47:35+00:00
1994,T12611,Neural Networks and Reservoir Computing,55,206,26808,2051.626380185019,7684.273351238436,OpenAlex Works API primary_topic.id and AI-subfield topics.id grouped counts,2026-06-19T23:47:35+00:00
1995,T12611,Neural Networks and Reservoir Computing,63,195,26910,2341.1371237458193,7246.376811594203,OpenAlex Works API primary_topic.id and AI-subfield topics.id grouped counts,2026-06-19T23:47:35+00:00
1996,T12611,Neural Networks and Reservoir Computing,64,193,29167,2194.260637021291,6617.067233517331,OpenAlex Works API primary_topic.id and AI-subfield topics.id grouped counts,2026-06-19T23:47:35+00:00
1997,T12611,Neural Networks and Reservoir Computing,62,174,29921,2072.123257912503,5815.313659302831,OpenAlex Works API primary_topic.id and AI-subfield topics.id grouped counts,2026-06-19T23:47:35+00:00
1998,T12611,Neural Networks and Reservoir Computing,69,216,31737,2174.118536723698,6805.936288874184,OpenAlex Works API primary_topic.id and AI-subfield topics.id grouped counts,2026-06-19T23:47:35+00:00
1999,T12611,Neural Networks and Reservoir Computing,47,159,33899,1386.4715773326648,4690.403846721142,OpenAlex Works API primary_topic.id and AI-subfield topics.id grouped counts,2026-06-19T23:47:35+00:00
2000,T12611,Neural Networks and Reservoir Computing,75,207,41542,1805.4017620721197,4982.90886331905,OpenAlex Works API primary_topic.id and AI-subfield topics.id grouped counts,2026-06-19T23:47:35+00:00
2001,T12611,Neural Networks and Reservoir Computing,70,202,44511,1572.6449641661611,4538.204039450922,OpenAlex Works API primary_topic.id and AI-subfield topics.id grouped counts,2026-06-19T23:47:35+00:00
2002,T12611,Neural Networks and Reservoir Computing,141,731,73689,1913.4470545128852,9920.069481198008,OpenAlex Works API primary_topic.id and AI-subfield topics.id grouped counts,2026-06-19T23:47:35+00:00
2003,T12611,Neural Networks and Reservoir Computing,100,484,67186,1488.4053225374332,7203.8817610811775,OpenAlex Works API primary_topic.id and AI-subfield topics.id grouped counts,2026-06-19T23:47:35+00:00
2004,T12611,Neural Networks and Reservoir Computing,103,354,70835,1454.0834333309804,4997.5294698948255,OpenAlex Works API primary_topic.id and AI-subfield topics.id grouped counts,2026-06-19T23:47:35+00:00
2005,T12611,Neural Networks and Reservoir Computing,134,489,82556,1623.140656039537,5923.252095547265,OpenAlex Works API primary_topic.id and AI-subfield topics.id grouped counts,2026-06-19T23:47:35+00:00
2006,T12611,Neural Networks and Reservoir Computing,146,438,89915,1623.7557693377078,4871.2673080131235,OpenAlex Works API primary_topic.id and AI-subfield topics.id grouped counts,2026-06-19T23:47:35+00:00
2007,T12611,Neural Networks and Reservoir Computing,164,463,94054,1743.6791630340017,4922.703978565505,OpenAlex Works API primary_topic.id and AI-subfield topics.id grouped counts,2026-06-19T23:47:35+00:00
2008,T12611,Neural Networks and Reservoir Computing,174,486,97967,1776.10828136005,4960.85416517807,OpenAlex Works API primary_topic.id and AI-subfield topics.id grouped counts,2026-06-19T23:47:35+00:00
2009,T12611,Neural Networks and Reservoir Computing,204,510,104332,1955.2965533105853,4888.241383276463,OpenAlex Works API primary_topic.id and AI-subfield topics.id grouped counts,2026-06-19T23:47:35+00:00
2010,T12611,Neural Networks and Reservoir Computing,254,565,110997,2288.35013558925,5090.227663810734,OpenAlex Works API primary_topic.id and AI-subfield topics.id grouped counts,2026-06-19T23:47:35+00:00
2011,T12611,Neural Networks and Reservoir Computing,278,615,113882,2441.1232679440122,5400.326653904919,OpenAlex Works API primary_topic.id and AI-subfield topics.id grouped counts,2026-06-19T23:47:35+00:00
2012,T12611,Neural Networks and Reservoir Computing,302,624,117229,2576.154364534373,5322.914978375658,OpenAlex Works API primary_topic.id and AI-subfield topics.id grouped counts,2026-06-19T23:47:35+00:00
2013,T12611,Neural Networks and Reservoir Computing,327,681,119603,2734.0451326471743,5693.837111109253,OpenAlex Works API primary_topic.id and AI-subfield topics.id grouped counts,2026-06-19T23:47:35+00:00
2014,T12611,Neural Networks and Reservoir Computing,365,744,123428,2957.189616618595,6027.805684285575,OpenAlex Works API primary_topic.id and AI-subfield topics.id grouped counts,2026-06-19T23:47:35+00:00
2015,T12611,Neural Networks and Reservoir Computing,417,836,123162,3385.7845764115555,6787.807927769929,OpenAlex Works API primary_topic.id and AI-subfield topics.id grouped counts,2026-06-19T23:47:35+00:00
2016,T12611,Neural Networks and Reservoir Computing,482,904,133301,3615.8768501361583,6781.644548803084,OpenAlex Works API primary_topic.id and AI-subfield topics.id grouped counts,2026-06-19T23:47:35+00:00
2017,T12611,Neural Networks and Reservoir Computing,639,1080,135900,4701.986754966888,7947.019867549669,OpenAlex Works API primary_topic.id and AI-subfield topics.id grouped counts,2026-06-19T23:47:35+00:00
2018,T12611,Neural Networks and Reservoir Computing,806,1335,151657,5314.624448591228,8802.758857157929,OpenAlex Works API primary_topic.id and AI-subfield topics.id grouped counts,2026-06-19T23:47:35+00:00
2019,T12611,Neural Networks and Reservoir Computing,1049,1707,170876,6138.954563543154,9989.70013343009,OpenAlex Works API primary_topic.id and AI-subfield topics.id grouped counts,2026-06-19T23:47:35+00:00
2020,T12611,Neural Networks and Reservoir Computing,1267,2051,187432,6759.7848819838655,10942.63519569764,OpenAlex Works API primary_topic.id and AI-subfield topics.id grouped counts,2026-06-19T23:47:35+00:00
2021,T12611,Neural Networks and Reservoir Computing,1674,2634,188280,8891.013384321224,13989.802421924793,OpenAlex Works API primary_topic.id and AI-subfield topics.id grouped counts,2026-06-19T23:47:35+00:00
2022,T12611,Neural Networks and Reservoir Computing,1994,3205,182108,10949.546423001735,17599.4464823072,OpenAlex Works API primary_topic.id and AI-subfield topics.id grouped counts,2026-06-19T23:47:35+00:00
2023,T12611,Neural Networks and Reservoir Computing,2520,4025,213149,11822.715565168028,18883.50402769893,OpenAlex Works API primary_topic.id and AI-subfield topics.id grouped counts,2026-06-19T23:47:35+00:00
2024,T12611,Neural Networks and Reservoir Computing,2618,3648,233624,11206.040475293636,15614.83409238777,OpenAlex Works API primary_topic.id and AI-subfield topics.id grouped counts,2026-06-19T23:47:35+00:00
2025,T12611,Neural Networks and Reservoir Computing,3712,5222,287086,12929.923437576197,18189.671387667808,OpenAlex Works API primary_topic.id and AI-subfield topics.id grouped counts,2026-06-19T23:47:35+00:00
2026,T12611,Neural Networks and Reservoir Computing,3999,5747,214412,18651.0083390855,26803.537115459956,OpenAlex Works API primary_topic.id and AI-subfield topics.id grouped counts,2026-06-19T23:47:35+00:00
1990,T13851,"Law, AI, and Intellectual Property",97,100,21171,4581.739171508195,4723.442444853809,OpenAlex Works API primary_topic.id and AI-subfield topics.id grouped counts,2026-06-19T23:47:35+00:00
1991,T13851,"Law, AI, and Intellectual Property",91,93,22358,4070.1314965560423,4159.584936040791,OpenAlex Works API primary_topic.id and AI-subfield topics.id grouped counts,2026-06-19T23:47:35+00:00
1992,T13851,"Law, AI, and Intellectual Property",100,101,23668,4225.114078080108,4267.365218860909,OpenAlex Works API primary_topic.id and AI-subfield topics.id grouped counts,2026-06-19T23:47:35+00:00
1993,T13851,"Law, AI, and Intellectual Property",98,100,25174,3892.9053785651863,3972.3524271073334,OpenAlex Works API primary_topic.id and AI-subfield topics.id grouped counts,2026-06-19T23:47:35+00:00
1994,T13851,"Law, AI, and Intellectual Property",114,114,26808,4252.461951656222,4252.461951656222,OpenAlex Works API primary_topic.id and AI-subfield topics.id grouped counts,2026-06-19T23:47:35+00:00
1995,T13851,"Law, AI, and Intellectual Property",117,117,26910,4347.826086956522,4347.826086956522,OpenAlex Works API primary_topic.id and AI-subfield topics.id grouped counts,2026-06-19T23:47:35+00:00
1996,T13851,"Law, AI, and Intellectual Property",151,154,29167,5177.083690472109,5279.939657832482,OpenAlex Works API primary_topic.id and AI-subfield topics.id grouped counts,2026-06-19T23:47:35+00:00
1997,T13851,"Law, AI, and Intellectual Property",142,145,29921,4745.830687477022,4846.094716085692,OpenAlex Works API primary_topic.id and AI-subfield topics.id grouped counts,2026-06-19T23:47:35+00:00
1998,T13851,"Law, AI, and Intellectual Property",158,161,31737,4978.416359454264,5072.943252355295,OpenAlex Works API primary_topic.id and AI-subfield topics.id grouped counts,2026-06-19T23:47:35+00:00
1999,T13851,"Law, AI, and Intellectual Property",168,171,33899,4955.898404082716,5044.396589869908,OpenAlex Works API primary_topic.id and AI-subfield topics.id grouped counts,2026-06-19T23:47:35+00:00
2000,T13851,"Law, AI, and Intellectual Property",238,244,41542,5729.141591642194,5873.573732607963,OpenAlex Works API primary_topic.id and AI-subfield topics.id grouped counts,2026-06-19T23:47:35+00:00
2001,T13851,"Law, AI, and Intellectual Property",220,221,44511,4942.5984588079355,4965.06481543888,OpenAlex Works API primary_topic.id and AI-subfield topics.id grouped counts,2026-06-19T23:47:35+00:00
2002,T13851,"Law, AI, and Intellectual Property",260,268,73689,3528.342086335817,3636.906458223073,OpenAlex Works API primary_topic.id and AI-subfield topics.id grouped counts,2026-06-19T23:47:35+00:00
2003,T13851,"Law, AI, and Intellectual Property",278,287,67186,4137.766796654065,4271.723275682434,OpenAlex Works API primary_topic.id and AI-subfield topics.id grouped counts,2026-06-19T23:47:35+00:00
2004,T13851,"Law, AI, and Intellectual Property",332,343,70835,4686.948542387238,4842.239006141032,OpenAlex Works API primary_topic.id and AI-subfield topics.id grouped counts,2026-06-19T23:47:35+00:00
2005,T13851,"Law, AI, and Intellectual Property",412,419,82556,4990.551867823053,5075.342797616163,OpenAlex Works API primary_topic.id and AI-subfield topics.id grouped counts,2026-06-19T23:47:35+00:00
2006,T13851,"Law, AI, and Intellectual Property",352,353,89915,3914.8084301840627,3925.9300450425403,OpenAlex Works API primary_topic.id and AI-subfield topics.id grouped counts,2026-06-19T23:47:35+00:00
2007,T13851,"Law, AI, and Intellectual Property",376,383,94054,3997.7034469560044,4072.1287770855038,OpenAlex Works API primary_topic.id and AI-subfield topics.id grouped counts,2026-06-19T23:47:35+00:00
2008,T13851,"Law, AI, and Intellectual Property",409,412,97967,4174.875213081957,4205.4977696571295,OpenAlex Works API primary_topic.id and AI-subfield topics.id grouped counts,2026-06-19T23:47:35+00:00
2009,T13851,"Law, AI, and Intellectual Property",466,475,104332,4466.5107541310435,4552.773837365334,OpenAlex Works API primary_topic.id and AI-subfield topics.id grouped counts,2026-06-19T23:47:35+00:00
2010,T13851,"Law, AI, and Intellectual Property",497,504,110997,4477.598493652981,4540.663261169221,OpenAlex Works API primary_topic.id and AI-subfield topics.id grouped counts,2026-06-19T23:47:35+00:00
2011,T13851,"Law, AI, and Intellectual Property",590,595,113882,5180.801180168947,5224.706274916141,OpenAlex Works API primary_topic.id and AI-subfield topics.id grouped counts,2026-06-19T23:47:35+00:00
2012,T13851,"Law, AI, and Intellectual Property",608,616,117229,5186.4299789301285,5254.672478652893,OpenAlex Works API primary_topic.id and AI-subfield topics.id grouped counts,2026-06-19T23:47:35+00:00
2013,T13851,"Law, AI, and Intellectual Property",623,636,119603,5208.899442321681,5317.592368084413,OpenAlex Works API primary_topic.id and AI-subfield topics.id grouped counts,2026-06-19T23:47:35+00:00
2014,T13851,"Law, AI, and Intellectual Property",706,714,123428,5719.933888582817,5784.749003467608,OpenAlex Works API primary_topic.id and AI-subfield topics.id grouped counts,2026-06-19T23:47:35+00:00
2015,T13851,"Law, AI, and Intellectual Property",824,833,123162,6690.375278089021,6763.449765349703,OpenAlex Works API primary_topic.id and AI-subfield topics.id grouped counts,2026-06-19T23:47:35+00:00
2016,T13851,"Law, AI, and Intellectual Property",829,849,133301,6219.008109466546,6369.044493289623,OpenAlex Works API primary_topic.id and AI-subfield topics.id grouped counts,2026-06-19T23:47:35+00:00
2017,T13851,"Law, AI, and Intellectual Property",980,1019,135900,7211.184694628403,7498.160412067697,OpenAlex Works API primary_topic.id and AI-subfield topics.id grouped counts,2026-06-19T23:47:35+00:00
2018,T13851,"Law, AI, and Intellectual Property",1139,1171,151657,7510.368792736241,7721.371252233659,OpenAlex Works API primary_topic.id and AI-subfield topics.id grouped counts,2026-06-19T23:47:35+00:00
2019,T13851,"Law, AI, and Intellectual Property",1378,1416,170876,8064.327348486621,8286.71083124605,OpenAlex Works API primary_topic.id and AI-subfield topics.id grouped counts,2026-06-19T23:47:35+00:00
2020,T13851,"Law, AI, and Intellectual Property",1665,1718,187432,8883.22164838448,9165.990866020744,OpenAlex Works API primary_topic.id and AI-subfield topics.id grouped counts,2026-06-19T23:47:35+00:00
2021,T13851,"Law, AI, and Intellectual Property",1472,1526,188280,7818.14319099214,8104.950074357339,OpenAlex Works API primary_topic.id and AI-subfield topics.id grouped counts,2026-06-19T23:47:35+00:00
2022,T13851,"Law, AI, and Intellectual Property",1336,1387,182108,7336.30592835021,7616.359522920465,OpenAlex Works API primary_topic.id and AI-subfield topics.id grouped counts,2026-06-19T23:47:35+00:00
2023,T13851,"Law, AI, and Intellectual Property",1691,1738,213149,7933.417468531403,8153.920496929378,OpenAlex Works API primary_topic.id and AI-subfield topics.id grouped counts,2026-06-19T23:47:35+00:00
2024,T13851,"Law, AI, and Intellectual Property",2526,2600,233624,10812.245317261924,11128.9935965483,OpenAlex Works API primary_topic.id and AI-subfield topics.id grouped counts,2026-06-19T23:47:35+00:00
2025,T13851,"Law, AI, and Intellectual Property",3385,3549,287086,11790.89192785437,12362.149321109353,OpenAlex Works API primary_topic.id and AI-subfield topics.id grouped counts,2026-06-19T23:47:35+00:00
2026,T13851,"Law, AI, and Intellectual Property",1654,1793,214412,7714.120478331437,8362.405089267391,OpenAlex Works API primary_topic.id and AI-subfield topics.id grouped counts,2026-06-19T23:47:35+00:00
1990,T11612,Stochastic Gradient Optimization Techniques,18,26,21171,850.2196400736857,1228.0950356619906,OpenAlex Works API primary_topic.id and AI-subfield topics.id grouped counts,2026-06-19T23:47:35+00:00
1991,T11612,Stochastic Gradient Optimization Techniques,18,27,22358,805.0809553627337,1207.6214330441005,OpenAlex Works API primary_topic.id and AI-subfield topics.id grouped counts,2026-06-19T23:47:35+00:00
1992,T11612,Stochastic Gradient Optimization Techniques,18,35,23668,760.5205340544195,1478.7899273280377,OpenAlex Works API primary_topic.id and AI-subfield topics.id grouped counts,2026-06-19T23:47:35+00:00
1993,T11612,Stochastic Gradient Optimization Techniques,21,33,25174,834.19400969254,1310.8763009454199,OpenAlex Works API primary_topic.id and AI-subfield topics.id grouped counts,2026-06-19T23:47:35+00:00
1994,T11612,Stochastic Gradient Optimization Techniques,20,38,26808,746.0459564309161,1417.4873172187406,OpenAlex Works API primary_topic.id and AI-subfield topics.id grouped counts,2026-06-19T23:47:35+00:00
1995,T11612,Stochastic Gradient Optimization Techniques,15,31,26910,557.4136008918617,1151.9881085098477,OpenAlex Works API primary_topic.id and AI-subfield topics.id grouped counts,2026-06-19T23:47:35+00:00
1996,T11612,Stochastic Gradient Optimization Techniques,26,43,29167,891.4183837898995,1474.26886549868,OpenAlex Works API primary_topic.id and AI-subfield topics.id grouped counts,2026-06-19T23:47:35+00:00
1997,T11612,Stochastic Gradient Optimization Techniques,11,32,29921,367.6347715651215,1069.4829718258081,OpenAlex Works API primary_topic.id and AI-subfield topics.id grouped counts,2026-06-19T23:47:35+00:00
1998,T11612,Stochastic Gradient Optimization Techniques,18,42,31737,567.1613574061821,1323.3765006144247,OpenAlex Works API primary_topic.id and AI-subfield topics.id grouped counts,2026-06-19T23:47:35+00:00
1999,T11612,Stochastic Gradient Optimization Techniques,14,28,33899,412.9915336735597,825.9830673471193,OpenAlex Works API primary_topic.id and AI-subfield topics.id grouped counts,2026-06-19T23:47:35+00:00
2000,T11612,Stochastic Gradient Optimization Techniques,19,35,41542,457.3684463916037,842.5208223003226,OpenAlex Works API primary_topic.id and AI-subfield topics.id grouped counts,2026-06-19T23:47:35+00:00
2001,T11612,Stochastic Gradient Optimization Techniques,20,32,44511,449.3271326189032,718.9234121902451,OpenAlex Works API primary_topic.id and AI-subfield topics.id grouped counts,2026-06-19T23:47:35+00:00
2002,T11612,Stochastic Gradient Optimization Techniques,39,70,73689,529.2513129503725,949.9382540134892,OpenAlex Works API primary_topic.id and AI-subfield topics.id grouped counts,2026-06-19T23:47:35+00:00
2003,T11612,Stochastic Gradient Optimization Techniques,27,51,67186,401.869437085107,759.086714494091,OpenAlex Works API primary_topic.id and AI-subfield topics.id grouped counts,2026-06-19T23:47:35+00:00
2004,T11612,Stochastic Gradient Optimization Techniques,23,41,70835,324.6982423942966,578.8099103550504,OpenAlex Works API primary_topic.id and AI-subfield topics.id grouped counts,2026-06-19T23:47:35+00:00
2005,T11612,Stochastic Gradient Optimization Techniques,39,68,82556,472.4066088473279,823.6833179902127,OpenAlex Works API primary_topic.id and AI-subfield topics.id grouped counts,2026-06-19T23:47:35+00:00
2006,T11612,Stochastic Gradient Optimization Techniques,32,61,89915,355.8916754712784,678.4185063671246,OpenAlex Works API primary_topic.id and AI-subfield topics.id grouped counts,2026-06-19T23:47:35+00:00
2007,T11612,Stochastic Gradient Optimization Techniques,37,83,94054,393.3910306845004,882.4717715355009,OpenAlex Works API primary_topic.id and AI-subfield topics.id grouped counts,2026-06-19T23:47:35+00:00
2008,T11612,Stochastic Gradient Optimization Techniques,40,94,97967,408.30075433564366,959.5067726887626,OpenAlex Works API primary_topic.id and AI-subfield topics.id grouped counts,2026-06-19T23:47:35+00:00
2009,T11612,Stochastic Gradient Optimization Techniques,63,109,104332,603.8415826400337,1044.7417858375186,OpenAlex Works API primary_topic.id and AI-subfield topics.id grouped counts,2026-06-19T23:47:35+00:00
2010,T11612,Stochastic Gradient Optimization Techniques,76,138,110997,684.7031901763111,1243.2768453201438,OpenAlex Works API primary_topic.id and AI-subfield topics.id grouped counts,2026-06-19T23:47:35+00:00
2011,T11612,Stochastic Gradient Optimization Techniques,97,157,113882,851.7588380955726,1378.6199750619062,OpenAlex Works API primary_topic.id and AI-subfield topics.id grouped counts,2026-06-19T23:47:35+00:00
2012,T11612,Stochastic Gradient Optimization Techniques,134,242,117229,1143.0618703563111,2064.3356166136364,OpenAlex Works API primary_topic.id and AI-subfield topics.id grouped counts,2026-06-19T23:47:35+00:00
2013,T11612,Stochastic Gradient Optimization Techniques,191,298,119603,1596.949909283212,2491.5762982533884,OpenAlex Works API primary_topic.id and AI-subfield topics.id grouped counts,2026-06-19T23:47:35+00:00
2014,T11612,Stochastic Gradient Optimization Techniques,247,386,123428,2001.1666720679264,3127.3292931911724,OpenAlex Works API primary_topic.id and AI-subfield topics.id grouped counts,2026-06-19T23:47:35+00:00
2015,T11612,Stochastic Gradient Optimization Techniques,383,560,123162,3109.7254023156493,4546.856985109043,OpenAlex Works API primary_topic.id and AI-subfield topics.id grouped counts,2026-06-19T23:47:35+00:00
2016,T11612,Stochastic Gradient Optimization Techniques,473,675,133301,3548.360477415773,5063.727954028852,OpenAlex Works API primary_topic.id and AI-subfield topics.id grouped counts,2026-06-19T23:47:35+00:00
2017,T11612,Stochastic Gradient Optimization Techniques,648,954,135900,4768.211920529801,7019.867549668875,OpenAlex Works API primary_topic.id and AI-subfield topics.id grouped counts,2026-06-19T23:47:35+00:00
2018,T11612,Stochastic Gradient Optimization Techniques,979,1429,151657,6455.356495249148,9422.578581931595,OpenAlex Works API primary_topic.id and AI-subfield topics.id grouped counts,2026-06-19T23:47:35+00:00
2019,T11612,Stochastic Gradient Optimization Techniques,1205,1885,170876,7051.897282239753,11031.391184250568,OpenAlex Works API primary_topic.id and AI-subfield topics.id grouped counts,2026-06-19T23:47:35+00:00
2020,T11612,Stochastic Gradient Optimization Techniques,1449,2601,187432,7730.803704810278,13877.032737206026,OpenAlex Works API primary_topic.id and AI-subfield topics.id grouped counts,2026-06-19T23:47:35+00:00
2021,T11612,Stochastic Gradient Optimization Techniques,1429,3036,188280,7589.759932016146,16124.920331421286,OpenAlex Works API primary_topic.id and AI-subfield topics.id grouped counts,2026-06-19T23:47:35+00:00
2022,T11612,Stochastic Gradient Optimization Techniques,1265,3063,182108,6946.427394732796,16819.689415072375,OpenAlex Works API primary_topic.id and AI-subfield topics.id grouped counts,2026-06-19T23:47:35+00:00
2023,T11612,Stochastic Gradient Optimization Techniques,1267,3340,213149,5944.198659153925,15669.789677643337,OpenAlex Works API primary_topic.id and AI-subfield topics.id grouped counts,2026-06-19T23:47:35+00:00
2024,T11612,Stochastic Gradient Optimization Techniques,912,3010,233624,3903.7085230969424,12883.950279080917,OpenAlex Works API primary_topic.id and AI-subfield topics.id grouped counts,2026-06-19T23:47:35+00:00
2025,T11612,Stochastic Gradient Optimization Techniques,2329,4916,287086,8112.551639578384,17123.788690496924,OpenAlex Works API primary_topic.id and AI-subfield topics.id grouped counts,2026-06-19T23:47:35+00:00
2026,T11612,Stochastic Gradient Optimization Techniques,4290,7112,214412,20008.208495793147,33169.78527321232,OpenAlex Works API primary_topic.id and AI-subfield topics.id grouped counts,2026-06-19T23:47:35+00:00
1990,T13898,Diverse Interdisciplinary Research Studies,30,31,21171,1417.0327334561428,1464.267157904681,OpenAlex Works API primary_topic.id and AI-subfield topics.id grouped counts,2026-06-19T23:47:35+00:00
1991,T13898,Diverse Interdisciplinary Research Studies,22,22,22358,983.98783433223,983.98783433223,OpenAlex Works API primary_topic.id and AI-subfield topics.id grouped counts,2026-06-19T23:47:35+00:00
1992,T13898,Diverse Interdisciplinary Research Studies,20,21,23668,845.0228156160216,887.2739563968227,OpenAlex Works API primary_topic.id and AI-subfield topics.id grouped counts,2026-06-19T23:47:35+00:00
1993,T13898,Diverse Interdisciplinary Research Studies,17,17,25174,675.2999126082467,675.2999126082467,OpenAlex Works API primary_topic.id and AI-subfield topics.id grouped counts,2026-06-19T23:47:35+00:00
1994,T13898,Diverse Interdisciplinary Research Studies,12,13,26808,447.6275738585497,484.9298716800955,OpenAlex Works API primary_topic.id and AI-subfield topics.id grouped counts,2026-06-19T23:47:35+00:00
1995,T13898,Diverse Interdisciplinary Research Studies,20,24,26910,743.2181345224824,891.8617614269789,OpenAlex Works API primary_topic.id and AI-subfield topics.id grouped counts,2026-06-19T23:47:35+00:00
1996,T13898,Diverse Interdisciplinary Research Studies,24,26,29167,822.8477388829842,891.4183837898995,OpenAlex Works API primary_topic.id and AI-subfield topics.id grouped counts,2026-06-19T23:47:35+00:00
1997,T13898,Diverse Interdisciplinary Research Studies,18,18,29921,601.584171652017,601.584171652017,OpenAlex Works API primary_topic.id and AI-subfield topics.id grouped counts,2026-06-19T23:47:35+00:00
1998,T13898,Diverse Interdisciplinary Research Studies,39,40,31737,1228.8496077133946,1260.3585720137378,OpenAlex Works API primary_topic.id and AI-subfield topics.id grouped counts,2026-06-19T23:47:35+00:00
1999,T13898,Diverse Interdisciplinary Research Studies,26,27,33899,766.9842768223251,796.4836720847222,OpenAlex Works API primary_topic.id and AI-subfield topics.id grouped counts,2026-06-19T23:47:35+00:00
2000,T13898,Diverse Interdisciplinary Research Studies,27,30,41542,649.9446343459631,722.160704828848,OpenAlex Works API primary_topic.id and AI-subfield topics.id grouped counts,2026-06-19T23:47:35+00:00
2001,T13898,Diverse Interdisciplinary Research Studies,30,32,44511,673.9906989283548,718.9234121902451,OpenAlex Works API primary_topic.id and AI-subfield topics.id grouped counts,2026-06-19T23:47:35+00:00
2002,T13898,Diverse Interdisciplinary Research Studies,48,53,73689,651.3862313235354,719.2389637530704,OpenAlex Works API primary_topic.id and AI-subfield topics.id grouped counts,2026-06-19T23:47:35+00:00
2003,T13898,Diverse Interdisciplinary Research Studies,45,48,67186,669.782395141845,714.4345548179681,OpenAlex Works API primary_topic.id and AI-subfield topics.id grouped counts,2026-06-19T23:47:35+00:00
2004,T13898,Diverse Interdisciplinary Research Studies,39,40,70835,550.5752805816335,564.6925954683419,OpenAlex Works API primary_topic.id and AI-subfield topics.id grouped counts,2026-06-19T23:47:35+00:00
2005,T13898,Diverse Interdisciplinary Research Studies,58,63,82556,702.5534182857697,763.1183681379912,OpenAlex Works API primary_topic.id and AI-subfield topics.id grouped counts,2026-06-19T23:47:35+00:00
2006,T13898,Diverse Interdisciplinary Research Studies,46,48,89915,511.5942834899627,533.8375132069176,OpenAlex Works API primary_topic.id and AI-subfield topics.id grouped counts,2026-06-19T23:47:35+00:00
2007,T13898,Diverse Interdisciplinary Research Studies,51,58,94054,542.2416909435005,616.6670210730007,OpenAlex Works API primary_topic.id and AI-subfield topics.id grouped counts,2026-06-19T23:47:35+00:00
2008,T13898,Diverse Interdisciplinary Research Studies,69,74,97967,704.3188012289853,755.3563955209407,OpenAlex Works API primary_topic.id and AI-subfield topics.id grouped counts,2026-06-19T23:47:35+00:00
2009,T13898,Diverse Interdisciplinary Research Studies,47,53,104332,450.48499022351723,507.99371237971087,OpenAlex Works API primary_topic.id and AI-subfield topics.id grouped counts,2026-06-19T23:47:35+00:00
2010,T13898,Diverse Interdisciplinary Research Studies,74,78,110997,666.6846851716713,702.7216951809507,OpenAlex Works API primary_topic.id and AI-subfield topics.id grouped counts,2026-06-19T23:47:35+00:00
2011,T13898,Diverse Interdisciplinary Research Studies,70,75,113882,614.6713264607225,658.576421207917,OpenAlex Works API primary_topic.id and AI-subfield topics.id grouped counts,2026-06-19T23:47:35+00:00
2012,T13898,Diverse Interdisciplinary Research Studies,65,69,117229,554.4703102474643,588.5915601088467,OpenAlex Works API primary_topic.id and AI-subfield topics.id grouped counts,2026-06-19T23:47:35+00:00
2013,T13898,Diverse Interdisciplinary Research Studies,68,75,119603,568.5476116819812,627.0745717080675,OpenAlex Works API primary_topic.id and AI-subfield topics.id grouped counts,2026-06-19T23:47:35+00:00
2014,T13898,Diverse Interdisciplinary Research Studies,88,95,123428,712.9662637327025,769.6794892568946,OpenAlex Works API primary_topic.id and AI-subfield topics.id grouped counts,2026-06-19T23:47:35+00:00
2015,T13898,Diverse Interdisciplinary Research Studies,80,85,123162,649.5509978727205,690.1479352397655,OpenAlex Works API primary_topic.id and AI-subfield topics.id grouped counts,2026-06-19T23:47:35+00:00
2016,T13898,Diverse Interdisciplinary Research Studies,93,104,133301,697.6691847773085,780.189195880001,OpenAlex Works API primary_topic.id and AI-subfield topics.id grouped counts,2026-06-19T23:47:35+00:00
2017,T13898,Diverse Interdisciplinary Research Studies,94,102,135900,691.6850625459897,750.551876379691,OpenAlex Works API primary_topic.id and AI-subfield topics.id grouped counts,2026-06-19T23:47:35+00:00
2018,T13898,Diverse Interdisciplinary Research Studies,103,111,151657,679.1641665073158,731.9147813816705,OpenAlex Works API primary_topic.id and AI-subfield topics.id grouped counts,2026-06-19T23:47:35+00:00
2019,T13898,Diverse Interdisciplinary Research Studies,100,104,170876,585.2196914721786,608.6284791310658,OpenAlex Works API primary_topic.id and AI-subfield topics.id grouped counts,2026-06-19T23:47:35+00:00
2020,T13898,Diverse Interdisciplinary Research Studies,78,87,187432,416.1509240684622,464.1683383840539,OpenAlex Works API primary_topic.id and AI-subfield topics.id grouped counts,2026-06-19T23:47:35+00:00
2021,T13898,Diverse Interdisciplinary Research Studies,49,50,188280,260.2506904610155,265.5619290418525,OpenAlex Works API primary_topic.id and AI-subfield topics.id grouped counts,2026-06-19T23:47:35+00:00
2022,T13898,Diverse Interdisciplinary Research Studies,41,45,182108,225.1411250466756,247.10611285610736,OpenAlex Works API primary_topic.id and AI-subfield topics.id grouped counts,2026-06-19T23:47:35+00:00
2023,T13898,Diverse Interdisciplinary Research Studies,53,55,213149,248.65235117218472,258.03545876358794,OpenAlex Works API primary_topic.id and AI-subfield topics.id grouped counts,2026-06-19T23:47:35+00:00
2024,T13898,Diverse Interdisciplinary Research Studies,61,65,233624,261.1033113036332,278.22483991370746,OpenAlex Works API primary_topic.id and AI-subfield topics.id grouped counts,2026-06-19T23:47:35+00:00
2025,T13898,Diverse Interdisciplinary Research Studies,196,241,287086,682.7222504754673,839.4697059417736,OpenAlex Works API primary_topic.id and AI-subfield topics.id grouped counts,2026-06-19T23:47:35+00:00
2026,T13898,Diverse Interdisciplinary Research Studies,181,223,214412,844.1691696360278,1040.0537283361007,OpenAlex Works API primary_topic.id and AI-subfield topics.id grouped counts,2026-06-19T23:47:35+00:00
1990,T12380,Authorship Attribution and Profiling,22,50,21171,1039.1573378678381,2361.7212224269047,OpenAlex Works API primary_topic.id and AI-subfield topics.id grouped counts,2026-06-19T23:47:35+00:00
1991,T12380,Authorship Attribution and Profiling,38,56,22358,1699.6153502102156,2504.6963055729493,OpenAlex Works API primary_topic.id and AI-subfield topics.id grouped counts,2026-06-19T23:47:35+00:00
1992,T12380,Authorship Attribution and Profiling,41,66,23668,1732.2967720128445,2788.5752915328712,OpenAlex Works API primary_topic.id and AI-subfield topics.id grouped counts,2026-06-19T23:47:35+00:00
1993,T12380,Authorship Attribution and Profiling,47,84,25174,1867.0056407404466,3336.77603877016,OpenAlex Works API primary_topic.id and AI-subfield topics.id grouped counts,2026-06-19T23:47:35+00:00
1994,T12380,Authorship Attribution and Profiling,52,84,26808,1939.719486720382,3133.393017009848,OpenAlex Works API primary_topic.id and AI-subfield topics.id grouped counts,2026-06-19T23:47:35+00:00
1995,T12380,Authorship Attribution and Profiling,36,69,26910,1337.7926421404682,2564.102564102564,OpenAlex Works API primary_topic.id and AI-subfield topics.id grouped counts,2026-06-19T23:47:35+00:00
1996,T12380,Authorship Attribution and Profiling,51,79,29167,1748.5514451263414,2708.5404738231564,OpenAlex Works API primary_topic.id and AI-subfield topics.id grouped counts,2026-06-19T23:47:35+00:00
1997,T12380,Authorship Attribution and Profiling,64,103,29921,2138.9659436516163,3442.398315564319,OpenAlex Works API primary_topic.id and AI-subfield topics.id grouped counts,2026-06-19T23:47:35+00:00
1998,T12380,Authorship Attribution and Profiling,63,103,31737,1985.0647509216374,3245.423322935375,OpenAlex Works API primary_topic.id and AI-subfield topics.id grouped counts,2026-06-19T23:47:35+00:00
1999,T12380,Authorship Attribution and Profiling,47,90,33899,1386.4715773326648,2654.945573615741,OpenAlex Works API primary_topic.id and AI-subfield topics.id grouped counts,2026-06-19T23:47:35+00:00
2000,T12380,Authorship Attribution and Profiling,73,125,41542,1757.2577150835298,3009.002936786866,OpenAlex Works API primary_topic.id and AI-subfield topics.id grouped counts,2026-06-19T23:47:35+00:00
2001,T12380,Authorship Attribution and Profiling,66,119,44511,1482.7795376423805,2673.496439082474,OpenAlex Works API primary_topic.id and AI-subfield topics.id grouped counts,2026-06-19T23:47:35+00:00
2002,T12380,Authorship Attribution and Profiling,109,185,73689,1479.1895669638616,2510.5510998927925,OpenAlex Works API primary_topic.id and AI-subfield topics.id grouped counts,2026-06-19T23:47:35+00:00
2003,T12380,Authorship Attribution and Profiling,115,194,67186,1711.6661209180486,2887.506325722621,OpenAlex Works API primary_topic.id and AI-subfield topics.id grouped counts,2026-06-19T23:47:35+00:00
2004,T12380,Authorship Attribution and Profiling,117,198,70835,1651.7258417449,2795.2283475682925,OpenAlex Works API primary_topic.id and AI-subfield topics.id grouped counts,2026-06-19T23:47:35+00:00
2005,T12380,Authorship Attribution and Profiling,144,242,82556,1744.27055574398,2931.3435728475215,OpenAlex Works API primary_topic.id and AI-subfield topics.id grouped counts,2026-06-19T23:47:35+00:00
2006,T12380,Authorship Attribution and Profiling,170,301,89915,1890.6745259411666,3347.6060724017125,OpenAlex Works API primary_topic.id and AI-subfield topics.id grouped counts,2026-06-19T23:47:35+00:00
2007,T12380,Authorship Attribution and Profiling,230,402,94054,2445.4037042550026,4274.140387437004,OpenAlex Works API primary_topic.id and AI-subfield topics.id grouped counts,2026-06-19T23:47:35+00:00
2008,T12380,Authorship Attribution and Profiling,228,401,97967,2327.314299713169,4093.215062214828,OpenAlex Works API primary_topic.id and AI-subfield topics.id grouped counts,2026-06-19T23:47:35+00:00
2009,T12380,Authorship Attribution and Profiling,250,420,104332,2396.1967565080704,4025.610550933558,OpenAlex Works API primary_topic.id and AI-subfield topics.id grouped counts,2026-06-19T23:47:35+00:00
2010,T12380,Authorship Attribution and Profiling,303,542,110997,2729.8035082029246,4883.014856257377,OpenAlex Works API primary_topic.id and AI-subfield topics.id grouped counts,2026-06-19T23:47:35+00:00
2011,T12380,Authorship Attribution and Profiling,371,587,113882,3257.758030241829,5154.45812332063,OpenAlex Works API primary_topic.id and AI-subfield topics.id grouped counts,2026-06-19T23:47:35+00:00
2012,T12380,Authorship Attribution and Profiling,507,798,117229,4324.8684199302215,6807.189347345794,OpenAlex Works API primary_topic.id and AI-subfield topics.id grouped counts,2026-06-19T23:47:35+00:00
2013,T12380,Authorship Attribution and Profiling,541,871,119603,4523.297910587527,7282.426026103024,OpenAlex Works API primary_topic.id and AI-subfield topics.id grouped counts,2026-06-19T23:47:35+00:00
2014,T12380,Authorship Attribution and Profiling,619,967,123428,5015.069514210713,7834.527011699129,OpenAlex Works API primary_topic.id and AI-subfield topics.id grouped counts,2026-06-19T23:47:35+00:00
2015,T12380,Authorship Attribution and Profiling,601,954,123162,4879.751871518813,7745.895649632192,OpenAlex Works API primary_topic.id and AI-subfield topics.id grouped counts,2026-06-19T23:47:35+00:00
2016,T12380,Authorship Attribution and Profiling,704,1158,133301,5281.280710572314,8687.106623356163,OpenAlex Works API primary_topic.id and AI-subfield topics.id grouped counts,2026-06-19T23:47:35+00:00
2017,T12380,Authorship Attribution and Profiling,754,1175,135900,5548.197203826343,8646.063281824872,OpenAlex Works API primary_topic.id and AI-subfield topics.id grouped counts,2026-06-19T23:47:35+00:00
2018,T12380,Authorship Attribution and Profiling,707,1177,151657,4661.835589521091,7760.934213389425,OpenAlex Works API primary_topic.id and AI-subfield topics.id grouped counts,2026-06-19T23:47:35+00:00
2019,T12380,Authorship Attribution and Profiling,758,1287,170876,4435.965261359114,7531.777429246939,OpenAlex Works API primary_topic.id and AI-subfield topics.id grouped counts,2026-06-19T23:47:35+00:00
2020,T12380,Authorship Attribution and Profiling,803,1457,187432,4284.220410602245,7773.485850868581,OpenAlex Works API primary_topic.id and AI-subfield topics.id grouped counts,2026-06-19T23:47:35+00:00
2021,T12380,Authorship Attribution and Profiling,657,1184,188280,3489.4837476099424,6288.506479711069,OpenAlex Works API primary_topic.id and AI-subfield topics.id grouped counts,2026-06-19T23:47:35+00:00
2022,T12380,Authorship Attribution and Profiling,599,1104,182108,3289.256924462407,6062.336635403168,OpenAlex Works API primary_topic.id and AI-subfield topics.id grouped counts,2026-06-19T23:47:35+00:00
2023,T12380,Authorship Attribution and Profiling,587,1113,213149,2753.9420780768382,5221.699374615879,OpenAlex Works API primary_topic.id and AI-subfield topics.id grouped counts,2026-06-19T23:47:35+00:00
2024,T12380,Authorship Attribution and Profiling,684,1368,233624,2927.7813923227063,5855.562784645413,OpenAlex Works API primary_topic.id and AI-subfield topics.id grouped counts,2026-06-19T23:47:35+00:00
2025,T12380,Authorship Attribution and Profiling,1236,2640,287086,4305.330110141212,9195.850720689969,OpenAlex Works API primary_topic.id and AI-subfield topics.id grouped counts,2026-06-19T23:47:35+00:00
2026,T12380,Authorship Attribution and Profiling,1600,3287,214412,7462.268902859914,15330.298677312838,OpenAlex Works API primary_topic.id and AI-subfield topics.id grouped counts,2026-06-19T23:47:35+00:00
1990,T14351,Statistical and Computational Modeling,170,206,21171,8029.852156251476,9730.291436398848,OpenAlex Works API primary_topic.id and AI-subfield topics.id grouped counts,2026-06-19T23:47:35+00:00
1991,T14351,Statistical and Computational Modeling,173,202,22358,7737.722515430718,9034.797387959568,OpenAlex Works API primary_topic.id and AI-subfield topics.id grouped counts,2026-06-19T23:47:35+00:00
1992,T14351,Statistical and Computational Modeling,149,189,23668,6295.419976339361,7985.465607571406,OpenAlex Works API primary_topic.id and AI-subfield topics.id grouped counts,2026-06-19T23:47:35+00:00
1993,T14351,Statistical and Computational Modeling,138,174,25174,5481.84634940812,6911.893223166759,OpenAlex Works API primary_topic.id and AI-subfield topics.id grouped counts,2026-06-19T23:47:35+00:00
1994,T14351,Statistical and Computational Modeling,155,191,26808,5781.8561623396,7124.738883915249,OpenAlex Works API primary_topic.id and AI-subfield topics.id grouped counts,2026-06-19T23:47:35+00:00
1995,T14351,Statistical and Computational Modeling,146,193,26910,5425.492382014121,7172.0549981419545,OpenAlex Works API primary_topic.id and AI-subfield topics.id grouped counts,2026-06-19T23:47:35+00:00
1996,T14351,Statistical and Computational Modeling,163,197,29167,5588.507559913601,6754.208523331162,OpenAlex Works API primary_topic.id and AI-subfield topics.id grouped counts,2026-06-19T23:47:35+00:00
1997,T14351,Statistical and Computational Modeling,175,217,29921,5848.735002172387,7252.43140269376,OpenAlex Works API primary_topic.id and AI-subfield topics.id grouped counts,2026-06-19T23:47:35+00:00
1998,T14351,Statistical and Computational Modeling,172,208,31737,5419.541859659073,6553.864574471437,OpenAlex Works API primary_topic.id and AI-subfield topics.id grouped counts,2026-06-19T23:47:35+00:00
1999,T14351,Statistical and Computational Modeling,177,202,33899,5221.39296144429,5958.877843004218,OpenAlex Works API primary_topic.id and AI-subfield topics.id grouped counts,2026-06-19T23:47:35+00:00
2000,T14351,Statistical and Computational Modeling,314,370,41542,7558.615377208608,8906.648692889125,OpenAlex Works API primary_topic.id and AI-subfield topics.id grouped counts,2026-06-19T23:47:35+00:00
2001,T14351,Statistical and Computational Modeling,183,228,44511,4111.343263462964,5122.329311855497,OpenAlex Works API primary_topic.id and AI-subfield topics.id grouped counts,2026-06-19T23:47:35+00:00
2002,T14351,Statistical and Computational Modeling,248,332,73689,3365.495528504933,4505.42143332112,OpenAlex Works API primary_topic.id and AI-subfield topics.id grouped counts,2026-06-19T23:47:35+00:00
2003,T14351,Statistical and Computational Modeling,277,331,67186,4122.88274342869,4926.621617598904,OpenAlex Works API primary_topic.id and AI-subfield topics.id grouped counts,2026-06-19T23:47:35+00:00
2004,T14351,Statistical and Computational Modeling,272,312,70835,3839.909649184725,4404.602244653068,OpenAlex Works API primary_topic.id and AI-subfield topics.id grouped counts,2026-06-19T23:47:35+00:00
2005,T14351,Statistical and Computational Modeling,298,363,82556,3609.6710111924026,4397.015359271282,OpenAlex Works API primary_topic.id and AI-subfield topics.id grouped counts,2026-06-19T23:47:35+00:00
2006,T14351,Statistical and Computational Modeling,274,341,89915,3047.3224712228216,3792.4706667408104,OpenAlex Works API primary_topic.id and AI-subfield topics.id grouped counts,2026-06-19T23:47:35+00:00
2007,T14351,Statistical and Computational Modeling,313,380,94054,3327.8754757905035,4040.232207030004,OpenAlex Works API primary_topic.id and AI-subfield topics.id grouped counts,2026-06-19T23:47:35+00:00
2008,T14351,Statistical and Computational Modeling,355,426,97967,3623.6691947288373,4348.403033674605,OpenAlex Works API primary_topic.id and AI-subfield topics.id grouped counts,2026-06-19T23:47:35+00:00
2009,T14351,Statistical and Computational Modeling,390,457,104332,3738.0669401525897,4380.247670896752,OpenAlex Works API primary_topic.id and AI-subfield topics.id grouped counts,2026-06-19T23:47:35+00:00
2010,T14351,Statistical and Computational Modeling,417,480,110997,3756.858293467391,4324.441201113544,OpenAlex Works API primary_topic.id and AI-subfield topics.id grouped counts,2026-06-19T23:47:35+00:00
2011,T14351,Statistical and Computational Modeling,549,639,113882,4820.7794032419515,5611.0711086914525,OpenAlex Works API primary_topic.id and AI-subfield topics.id grouped counts,2026-06-19T23:47:35+00:00
2012,T14351,Statistical and Computational Modeling,497,571,117229,4239.565295276767,4870.808417712341,OpenAlex Works API primary_topic.id and AI-subfield topics.id grouped counts,2026-06-19T23:47:35+00:00
2013,T14351,Statistical and Computational Modeling,552,640,119603,4615.268847771377,5351.036345242176,OpenAlex Works API primary_topic.id and AI-subfield topics.id grouped counts,2026-06-19T23:47:35+00:00
2014,T14351,Statistical and Computational Modeling,1069,1145,123428,8660.919726480215,9276.66331788573,OpenAlex Works API primary_topic.id and AI-subfield topics.id grouped counts,2026-06-19T23:47:35+00:00
2015,T14351,Statistical and Computational Modeling,634,720,123162,5147.69165814131,5845.958980854484,OpenAlex Works API primary_topic.id and AI-subfield topics.id grouped counts,2026-06-19T23:47:35+00:00
2016,T14351,Statistical and Computational Modeling,623,743,133301,4673.6333560888515,5573.851659027314,OpenAlex Works API primary_topic.id and AI-subfield topics.id grouped counts,2026-06-19T23:47:35+00:00
2017,T14351,Statistical and Computational Modeling,654,788,135900,4812.3620309050775,5798.381162619573,OpenAlex Works API primary_topic.id and AI-subfield topics.id grouped counts,2026-06-19T23:47:35+00:00
2018,T14351,Statistical and Computational Modeling,685,810,151657,4516.7713986166145,5340.999756028406,OpenAlex Works API primary_topic.id and AI-subfield topics.id grouped counts,2026-06-19T23:47:35+00:00
2019,T14351,Statistical and Computational Modeling,801,935,170876,4687.609728692151,5471.804115264871,OpenAlex Works API primary_topic.id and AI-subfield topics.id grouped counts,2026-06-19T23:47:35+00:00
2020,T14351,Statistical and Computational Modeling,799,939,187432,4262.879337573094,5009.81689359341,OpenAlex Works API primary_topic.id and AI-subfield topics.id grouped counts,2026-06-19T23:47:35+00:00
2021,T14351,Statistical and Computational Modeling,742,893,188280,3940.939026981092,4742.936052687487,OpenAlex Works API primary_topic.id and AI-subfield topics.id grouped counts,2026-06-19T23:47:35+00:00
2022,T14351,Statistical and Computational Modeling,700,850,182108,3843.872866650559,4667.559909504251,OpenAlex Works API primary_topic.id and AI-subfield topics.id grouped counts,2026-06-19T23:47:35+00:00
2023,T14351,Statistical and Computational Modeling,800,971,213149,3753.2430365612786,4555.498735626253,OpenAlex Works API primary_topic.id and AI-subfield topics.id grouped counts,2026-06-19T23:47:35+00:00
2024,T14351,Statistical and Computational Modeling,657,898,233624,2812.2110742047053,3843.7831729616823,OpenAlex Works API primary_topic.id and AI-subfield topics.id grouped counts,2026-06-19T23:47:35+00:00
2025,T14351,Statistical and Computational Modeling,756,1031,287086,2633.3572518339456,3591.2583685724835,OpenAlex Works API primary_topic.id and AI-subfield topics.id grouped counts,2026-06-19T23:47:35+00:00
2026,T14351,Statistical and Computational Modeling,121,225,214412,564.334085778781,1049.3815644646756,OpenAlex Works API primary_topic.id and AI-subfield topics.id grouped counts,2026-06-19T23:47:35+00:00
1990,T12814,Gaussian Processes and Bayesian Inference,19,39,21171,897.4540645222238,1842.1425534929858,OpenAlex Works API primary_topic.id and AI-subfield topics.id grouped counts,2026-06-19T23:47:35+00:00
1991,T12814,Gaussian Processes and Bayesian Inference,18,42,22358,805.0809553627337,1878.522229179712,OpenAlex Works API primary_topic.id and AI-subfield topics.id grouped counts,2026-06-19T23:47:35+00:00
1992,T12814,Gaussian Processes and Bayesian Inference,28,59,23668,1183.0319418624304,2492.817306067264,OpenAlex Works API primary_topic.id and AI-subfield topics.id grouped counts,2026-06-19T23:47:35+00:00
1993,T12814,Gaussian Processes and Bayesian Inference,34,70,25174,1350.5998252164934,2780.646698975133,OpenAlex Works API primary_topic.id and AI-subfield topics.id grouped counts,2026-06-19T23:47:35+00:00
1994,T12814,Gaussian Processes and Bayesian Inference,26,81,26808,969.859743360191,3021.4861235452104,OpenAlex Works API primary_topic.id and AI-subfield topics.id grouped counts,2026-06-19T23:47:35+00:00
1995,T12814,Gaussian Processes and Bayesian Inference,27,64,26910,1003.3444816053511,2378.2980304719435,OpenAlex Works API primary_topic.id and AI-subfield topics.id grouped counts,2026-06-19T23:47:35+00:00
1996,T12814,Gaussian Processes and Bayesian Inference,39,95,29167,1337.1275756848495,3257.105633078479,OpenAlex Works API primary_topic.id and AI-subfield topics.id grouped counts,2026-06-19T23:47:35+00:00
1997,T12814,Gaussian Processes and Bayesian Inference,31,86,29921,1036.0616289562515,2874.235486781859,OpenAlex Works API primary_topic.id and AI-subfield topics.id grouped counts,2026-06-19T23:47:35+00:00
1998,T12814,Gaussian Processes and Bayesian Inference,60,114,31737,1890.5378580206068,3592.021930239153,OpenAlex Works API primary_topic.id and AI-subfield topics.id grouped counts,2026-06-19T23:47:35+00:00
1999,T12814,Gaussian Processes and Bayesian Inference,68,158,33899,2005.9588778430043,4660.904451458745,OpenAlex Works API primary_topic.id and AI-subfield topics.id grouped counts,2026-06-19T23:47:35+00:00
2000,T12814,Gaussian Processes and Bayesian Inference,80,156,41542,1925.7618795435944,3755.235665110009,OpenAlex Works API primary_topic.id and AI-subfield topics.id grouped counts,2026-06-19T23:47:35+00:00
2001,T12814,Gaussian Processes and Bayesian Inference,75,160,44511,1684.976747320887,3594.6170609512255,OpenAlex Works API primary_topic.id and AI-subfield topics.id grouped counts,2026-06-19T23:47:35+00:00
2002,T12814,Gaussian Processes and Bayesian Inference,95,260,73689,1289.2019161611638,3528.342086335817,OpenAlex Works API primary_topic.id and AI-subfield topics.id grouped counts,2026-06-19T23:47:35+00:00
2003,T12814,Gaussian Processes and Bayesian Inference,95,243,67186,1413.9850564105618,3616.824933765963,OpenAlex Works API primary_topic.id and AI-subfield topics.id grouped counts,2026-06-19T23:47:35+00:00
2004,T12814,Gaussian Processes and Bayesian Inference,99,233,70835,1397.6141737841463,3289.3343686030917,OpenAlex Works API primary_topic.id and AI-subfield topics.id grouped counts,2026-06-19T23:47:35+00:00
2005,T12814,Gaussian Processes and Bayesian Inference,164,367,82556,1986.5303551528662,4445.46731915306,OpenAlex Works API primary_topic.id and AI-subfield topics.id grouped counts,2026-06-19T23:47:35+00:00
2006,T12814,Gaussian Processes and Bayesian Inference,178,405,89915,1979.6474448089862,4504.254017683368,OpenAlex Works API primary_topic.id and AI-subfield topics.id grouped counts,2026-06-19T23:47:35+00:00
2007,T12814,Gaussian Processes and Bayesian Inference,224,464,94054,2381.6105641440026,4933.3361685840055,OpenAlex Works API primary_topic.id and AI-subfield topics.id grouped counts,2026-06-19T23:47:35+00:00
2008,T12814,Gaussian Processes and Bayesian Inference,234,507,97967,2388.5594128635153,5175.212061204284,OpenAlex Works API primary_topic.id and AI-subfield topics.id grouped counts,2026-06-19T23:47:35+00:00
2009,T12814,Gaussian Processes and Bayesian Inference,278,576,104332,2664.570793236974,5520.837326994594,OpenAlex Works API primary_topic.id and AI-subfield topics.id grouped counts,2026-06-19T23:47:35+00:00
2010,T12814,Gaussian Processes and Bayesian Inference,326,647,110997,2937.0163157562815,5828.986369000964,OpenAlex Works API primary_topic.id and AI-subfield topics.id grouped counts,2026-06-19T23:47:35+00:00
2011,T12814,Gaussian Processes and Bayesian Inference,321,640,113882,2818.7070827698844,5619.852127640892,OpenAlex Works API primary_topic.id and AI-subfield topics.id grouped counts,2026-06-19T23:47:35+00:00
2012,T12814,Gaussian Processes and Bayesian Inference,479,877,117229,4086.019670900545,7481.084032108097,OpenAlex Works API primary_topic.id and AI-subfield topics.id grouped counts,2026-06-19T23:47:35+00:00
2013,T12814,Gaussian Processes and Bayesian Inference,492,940,119603,4113.609190404923,7859.334632074446,OpenAlex Works API primary_topic.id and AI-subfield topics.id grouped counts,2026-06-19T23:47:35+00:00
2014,T12814,Gaussian Processes and Bayesian Inference,582,1010,123428,4715.299607868555,8182.90825420488,OpenAlex Works API primary_topic.id and AI-subfield topics.id grouped counts,2026-06-19T23:47:35+00:00
2015,T12814,Gaussian Processes and Bayesian Inference,663,1141,123162,5383.153894870171,9264.221107159676,OpenAlex Works API primary_topic.id and AI-subfield topics.id grouped counts,2026-06-19T23:47:35+00:00
2016,T12814,Gaussian Processes and Bayesian Inference,699,1182,133301,5243.771614616545,8867.150283943856,OpenAlex Works API primary_topic.id and AI-subfield topics.id grouped counts,2026-06-19T23:47:35+00:00
2017,T12814,Gaussian Processes and Bayesian Inference,814,1343,135900,5989.698307579103,9882.266372332597,OpenAlex Works API primary_topic.id and AI-subfield topics.id grouped counts,2026-06-19T23:47:35+00:00
2018,T12814,Gaussian Processes and Bayesian Inference,979,1656,151657,6455.356495249148,10919.37727899141,OpenAlex Works API primary_topic.id and AI-subfield topics.id grouped counts,2026-06-19T23:47:35+00:00
2019,T12814,Gaussian Processes and Bayesian Inference,1125,1881,170876,6583.721529062011,11007.98239659168,OpenAlex Works API primary_topic.id and AI-subfield topics.id grouped counts,2026-06-19T23:47:35+00:00
2020,T12814,Gaussian Processes and Bayesian Inference,1319,2099,187432,7037.218831362841,11198.728072047463,OpenAlex Works API primary_topic.id and AI-subfield topics.id grouped counts,2026-06-19T23:47:35+00:00
2021,T12814,Gaussian Processes and Bayesian Inference,1397,2243,188280,7419.80029742936,11913.108136817506,OpenAlex Works API primary_topic.id and AI-subfield topics.id grouped counts,2026-06-19T23:47:35+00:00
2022,T12814,Gaussian Processes and Bayesian Inference,995,1695,182108,5463.790717596152,9307.663584246711,OpenAlex Works API primary_topic.id and AI-subfield topics.id grouped counts,2026-06-19T23:47:35+00:00
2023,T12814,Gaussian Processes and Bayesian Inference,1036,1756,213149,4860.449732346856,8238.368465252006,OpenAlex Works API primary_topic.id and AI-subfield topics.id grouped counts,2026-06-19T23:47:35+00:00
2024,T12814,Gaussian Processes and Bayesian Inference,927,1556,233624,3967.9142553847205,6660.274629318906,OpenAlex Works API primary_topic.id and AI-subfield topics.id grouped counts,2026-06-19T23:47:35+00:00
2025,T12814,Gaussian Processes and Bayesian Inference,1315,2463,287086,4580.508976404283,8579.310729189163,OpenAlex Works API primary_topic.id and AI-subfield topics.id grouped counts,2026-06-19T23:47:35+00:00
2026,T12814,Gaussian Processes and Bayesian Inference,1292,2724,214412,6025.782139059381,12704.512807119005,OpenAlex Works API primary_topic.id and AI-subfield topics.id grouped counts,2026-06-19T23:47:35+00:00
1990,T13904,Artificial Intelligence Applications,43,46,21171,2031.080251287138,2172.7835246327522,OpenAlex Works API primary_topic.id and AI-subfield topics.id grouped counts,2026-06-19T23:47:35+00:00
1991,T13904,Artificial Intelligence Applications,34,38,22358,1520.708471240719,1699.6153502102156,OpenAlex Works API primary_topic.id and AI-subfield topics.id grouped counts,2026-06-19T23:47:35+00:00
1992,T13904,Artificial Intelligence Applications,35,36,23668,1478.7899273280377,1521.041068108839,OpenAlex Works API primary_topic.id and AI-subfield topics.id grouped counts,2026-06-19T23:47:35+00:00
1993,T13904,Artificial Intelligence Applications,29,34,25174,1151.9822038611264,1350.5998252164934,OpenAlex Works API primary_topic.id and AI-subfield topics.id grouped counts,2026-06-19T23:47:35+00:00
1994,T13904,Artificial Intelligence Applications,23,25,26808,857.9528498955536,932.5574455386451,OpenAlex Works API primary_topic.id and AI-subfield topics.id grouped counts,2026-06-19T23:47:35+00:00
1995,T13904,Artificial Intelligence Applications,21,21,26910,780.3790412486065,780.3790412486065,OpenAlex Works API primary_topic.id and AI-subfield topics.id grouped counts,2026-06-19T23:47:35+00:00
1996,T13904,Artificial Intelligence Applications,37,41,29167,1268.556930777934,1405.6982205917645,OpenAlex Works API primary_topic.id and AI-subfield topics.id grouped counts,2026-06-19T23:47:35+00:00
1997,T13904,Artificial Intelligence Applications,37,40,29921,1236.5896861735903,1336.8537147822599,OpenAlex Works API primary_topic.id and AI-subfield topics.id grouped counts,2026-06-19T23:47:35+00:00
1998,T13904,Artificial Intelligence Applications,42,46,31737,1323.3765006144247,1449.4123578157987,OpenAlex Works API primary_topic.id and AI-subfield topics.id grouped counts,2026-06-19T23:47:35+00:00
1999,T13904,Artificial Intelligence Applications,85,88,33899,2507.4485973037554,2595.9467830909466,OpenAlex Works API primary_topic.id and AI-subfield topics.id grouped counts,2026-06-19T23:47:35+00:00
2000,T13904,Artificial Intelligence Applications,50,59,41542,1203.6011747147465,1420.249386163401,OpenAlex Works API primary_topic.id and AI-subfield topics.id grouped counts,2026-06-19T23:47:35+00:00
2001,T13904,Artificial Intelligence Applications,58,67,44511,1303.0486845948192,1505.2458942733256,OpenAlex Works API primary_topic.id and AI-subfield topics.id grouped counts,2026-06-19T23:47:35+00:00
2002,T13904,Artificial Intelligence Applications,68,76,73689,922.7971610416752,1031.361532928931,OpenAlex Works API primary_topic.id and AI-subfield topics.id grouped counts,2026-06-19T23:47:35+00:00
2003,T13904,Artificial Intelligence Applications,81,89,67186,1205.608311255321,1324.6807370583158,OpenAlex Works API primary_topic.id and AI-subfield topics.id grouped counts,2026-06-19T23:47:35+00:00
2004,T13904,Artificial Intelligence Applications,80,87,70835,1129.3851909366838,1228.2063951436437,OpenAlex Works API primary_topic.id and AI-subfield topics.id grouped counts,2026-06-19T23:47:35+00:00
2005,T13904,Artificial Intelligence Applications,98,106,82556,1187.0730171035418,1283.9769368670964,OpenAlex Works API primary_topic.id and AI-subfield topics.id grouped counts,2026-06-19T23:47:35+00:00
2006,T13904,Artificial Intelligence Applications,122,131,89915,1356.8370127342491,1456.931546460546,OpenAlex Works API primary_topic.id and AI-subfield topics.id grouped counts,2026-06-19T23:47:35+00:00
2007,T13904,Artificial Intelligence Applications,421,428,94054,4476.151997788505,4550.577327918005,OpenAlex Works API primary_topic.id and AI-subfield topics.id grouped counts,2026-06-19T23:47:35+00:00
2008,T13904,Artificial Intelligence Applications,148,152,97967,1510.7127910418815,1551.5428664754459,OpenAlex Works API primary_topic.id and AI-subfield topics.id grouped counts,2026-06-19T23:47:35+00:00
2009,T13904,Artificial Intelligence Applications,197,208,104332,1888.2030441283594,1993.6357014147145,OpenAlex Works API primary_topic.id and AI-subfield topics.id grouped counts,2026-06-19T23:47:35+00:00
2010,T13904,Artificial Intelligence Applications,224,232,110997,2018.0725605196537,2090.1465805382127,OpenAlex Works API primary_topic.id and AI-subfield topics.id grouped counts,2026-06-19T23:47:35+00:00
2011,T13904,Artificial Intelligence Applications,271,285,113882,2379.6561352979397,2502.5904005900843,OpenAlex Works API primary_topic.id and AI-subfield topics.id grouped counts,2026-06-19T23:47:35+00:00
2012,T13904,Artificial Intelligence Applications,293,305,117229,2499.3815523462627,2601.74530193041,OpenAlex Works API primary_topic.id and AI-subfield topics.id grouped counts,2026-06-19T23:47:35+00:00
2013,T13904,Artificial Intelligence Applications,242,252,119603,2023.360618044698,2106.9705609391067,OpenAlex Works API primary_topic.id and AI-subfield topics.id grouped counts,2026-06-19T23:47:35+00:00
2014,T13904,Artificial Intelligence Applications,209,218,123428,1693.2948763651682,1766.2118806105584,OpenAlex Works API primary_topic.id and AI-subfield topics.id grouped counts,2026-06-19T23:47:35+00:00
2015,T13904,Artificial Intelligence Applications,286,300,123162,2322.1448173949757,2435.8162420227018,OpenAlex Works API primary_topic.id and AI-subfield topics.id grouped counts,2026-06-19T23:47:35+00:00
2016,T13904,Artificial Intelligence Applications,330,346,133301,2475.600333080772,2595.6294401392333,OpenAlex Works API primary_topic.id and AI-subfield topics.id grouped counts,2026-06-19T23:47:35+00:00
2017,T13904,Artificial Intelligence Applications,314,331,135900,2310.522442972774,2435.6144223693896,OpenAlex Works API primary_topic.id and AI-subfield topics.id grouped counts,2026-06-19T23:47:35+00:00
2018,T13904,Artificial Intelligence Applications,298,338,151657,1964.96040406971,2228.7134784414834,OpenAlex Works API primary_topic.id and AI-subfield topics.id grouped counts,2026-06-19T23:47:35+00:00
2019,T13904,Artificial Intelligence Applications,398,440,170876,2329.1743720592713,2574.966642477586,OpenAlex Works API primary_topic.id and AI-subfield topics.id grouped counts,2026-06-19T23:47:35+00:00
2020,T13904,Artificial Intelligence Applications,444,505,187432,2368.8591062358614,2694.310469930428,OpenAlex Works API primary_topic.id and AI-subfield topics.id grouped counts,2026-06-19T23:47:35+00:00
2021,T13904,Artificial Intelligence Applications,400,459,188280,2124.49543233482,2437.8585086042067,OpenAlex Works API primary_topic.id and AI-subfield topics.id grouped counts,2026-06-19T23:47:35+00:00
2022,T13904,Artificial Intelligence Applications,500,588,182108,2745.623476178971,3228.8532079864694,OpenAlex Works API primary_topic.id and AI-subfield topics.id grouped counts,2026-06-19T23:47:35+00:00
2023,T13904,Artificial Intelligence Applications,482,615,213149,2261.3289295281706,2885.305584356483,OpenAlex Works API primary_topic.id and AI-subfield topics.id grouped counts,2026-06-19T23:47:35+00:00
2024,T13904,Artificial Intelligence Applications,585,767,233624,2504.0235592233676,3283.0531109817484,OpenAlex Works API primary_topic.id and AI-subfield topics.id grouped counts,2026-06-19T23:47:35+00:00
2025,T13904,Artificial Intelligence Applications,1345,2052,287086,4685.007280048488,7147.683969263566,OpenAlex Works API primary_topic.id and AI-subfield topics.id grouped counts,2026-06-19T23:47:35+00:00
2026,T13904,Artificial Intelligence Applications,1602,2447,214412,7471.59673898849,11412.607503311383,OpenAlex Works API primary_topic.id and AI-subfield topics.id grouped counts,2026-06-19T23:47:35+00:00
1990,T12761,Data Stream Mining Techniques,8,17,21171,377.87539558830474,802.9852156251476,OpenAlex Works API primary_topic.id and AI-subfield topics.id grouped counts,2026-06-19T23:47:35+00:00
1991,T12761,Data Stream Mining Techniques,10,19,22358,447.2671974237409,849.8076751051078,OpenAlex Works API primary_topic.id and AI-subfield topics.id grouped counts,2026-06-19T23:47:35+00:00
1992,T12761,Data Stream Mining Techniques,6,22,23668,253.5068446848065,929.5250971776237,OpenAlex Works API primary_topic.id and AI-subfield topics.id grouped counts,2026-06-19T23:47:35+00:00
1993,T12761,Data Stream Mining Techniques,12,28,25174,476.68229125287996,1112.2586795900531,OpenAlex Works API primary_topic.id and AI-subfield topics.id grouped counts,2026-06-19T23:47:35+00:00
1994,T12761,Data Stream Mining Techniques,16,38,26808,596.8367651447329,1417.4873172187406,OpenAlex Works API primary_topic.id and AI-subfield topics.id grouped counts,2026-06-19T23:47:35+00:00
1995,T12761,Data Stream Mining Techniques,15,33,26910,557.4136008918617,1226.309921962096,OpenAlex Works API primary_topic.id and AI-subfield topics.id grouped counts,2026-06-19T23:47:35+00:00
1996,T12761,Data Stream Mining Techniques,22,39,29167,754.2770939760688,1337.1275756848495,OpenAlex Works API primary_topic.id and AI-subfield topics.id grouped counts,2026-06-19T23:47:35+00:00
1997,T12761,Data Stream Mining Techniques,22,42,29921,735.269543130243,1403.6964005213729,OpenAlex Works API primary_topic.id and AI-subfield topics.id grouped counts,2026-06-19T23:47:35+00:00
1998,T12761,Data Stream Mining Techniques,26,56,31737,819.2330718089296,1764.5020008192332,OpenAlex Works API primary_topic.id and AI-subfield topics.id grouped counts,2026-06-19T23:47:35+00:00
1999,T12761,Data Stream Mining Techniques,32,72,33899,943.9806483967078,2123.9564588925923,OpenAlex Works API primary_topic.id and AI-subfield topics.id grouped counts,2026-06-19T23:47:35+00:00
2000,T12761,Data Stream Mining Techniques,41,67,41542,986.9529632660923,1612.8255741177602,OpenAlex Works API primary_topic.id and AI-subfield topics.id grouped counts,2026-06-19T23:47:35+00:00
2001,T12761,Data Stream Mining Techniques,38,80,44511,853.721551975916,1797.3085304756128,OpenAlex Works API primary_topic.id and AI-subfield topics.id grouped counts,2026-06-19T23:47:35+00:00
2002,T12761,Data Stream Mining Techniques,86,182,73689,1167.066997788001,2469.839460435072,OpenAlex Works API primary_topic.id and AI-subfield topics.id grouped counts,2026-06-19T23:47:35+00:00
2003,T12761,Data Stream Mining Techniques,98,191,67186,1458.637216086685,2842.854166046498,OpenAlex Works API primary_topic.id and AI-subfield topics.id grouped counts,2026-06-19T23:47:35+00:00
2004,T12761,Data Stream Mining Techniques,139,246,70835,1962.306769252488,3472.8594621303027,OpenAlex Works API primary_topic.id and AI-subfield topics.id grouped counts,2026-06-19T23:47:35+00:00
2005,T12761,Data Stream Mining Techniques,192,328,82556,2325.6940743253062,3973.0607103057323,OpenAlex Works API primary_topic.id and AI-subfield topics.id grouped counts,2026-06-19T23:47:35+00:00
2006,T12761,Data Stream Mining Techniques,230,410,89915,2557.971417449814,4559.862091975755,OpenAlex Works API primary_topic.id and AI-subfield topics.id grouped counts,2026-06-19T23:47:35+00:00
2007,T12761,Data Stream Mining Techniques,287,482,94054,3051.438535309503,5124.715588917004,OpenAlex Works API primary_topic.id and AI-subfield topics.id grouped counts,2026-06-19T23:47:35+00:00
2008,T12761,Data Stream Mining Techniques,297,491,97967,3031.633100942154,5011.891759470026,OpenAlex Works API primary_topic.id and AI-subfield topics.id grouped counts,2026-06-19T23:47:35+00:00
2009,T12761,Data Stream Mining Techniques,327,567,104332,3134.225357512556,5434.574243760304,OpenAlex Works API primary_topic.id and AI-subfield topics.id grouped counts,2026-06-19T23:47:35+00:00
2010,T12761,Data Stream Mining Techniques,404,654,110997,3639.7380109372325,5892.051136517203,OpenAlex Works API primary_topic.id and AI-subfield topics.id grouped counts,2026-06-19T23:47:35+00:00
2011,T12761,Data Stream Mining Techniques,472,762,113882,4144.640944135158,6691.136439472436,OpenAlex Works API primary_topic.id and AI-subfield topics.id grouped counts,2026-06-19T23:47:35+00:00
2012,T12761,Data Stream Mining Techniques,461,816,117229,3932.4740465243244,6960.734971722014,OpenAlex Works API primary_topic.id and AI-subfield topics.id grouped counts,2026-06-19T23:47:35+00:00
2013,T12761,Data Stream Mining Techniques,584,936,119603,4882.820665033486,7825.890654916682,OpenAlex Works API primary_topic.id and AI-subfield topics.id grouped counts,2026-06-19T23:47:35+00:00
2014,T12761,Data Stream Mining Techniques,613,1040,123428,4966.458178047121,8425.964935022846,OpenAlex Works API primary_topic.id and AI-subfield topics.id grouped counts,2026-06-19T23:47:35+00:00
2015,T12761,Data Stream Mining Techniques,693,1177,123162,5626.735519072441,9556.5190562024,OpenAlex Works API primary_topic.id and AI-subfield topics.id grouped counts,2026-06-19T23:47:35+00:00
2016,T12761,Data Stream Mining Techniques,811,1360,133301,6083.975364025777,10202.474099969242,OpenAlex Works API primary_topic.id and AI-subfield topics.id grouped counts,2026-06-19T23:47:35+00:00
2017,T12761,Data Stream Mining Techniques,897,1534,135900,6600.441501103753,11287.711552612216,OpenAlex Works API primary_topic.id and AI-subfield topics.id grouped counts,2026-06-19T23:47:35+00:00
2018,T12761,Data Stream Mining Techniques,1095,1883,151657,7220.240410927289,12416.175976051221,OpenAlex Works API primary_topic.id and AI-subfield topics.id grouped counts,2026-06-19T23:47:35+00:00
2019,T12761,Data Stream Mining Techniques,1174,2164,170876,6870.479177883378,12664.154123457945,OpenAlex Works API primary_topic.id and AI-subfield topics.id grouped counts,2026-06-19T23:47:35+00:00
2020,T12761,Data Stream Mining Techniques,1238,2356,187432,6605.062102522515,12569.892014170473,OpenAlex Works API primary_topic.id and AI-subfield topics.id grouped counts,2026-06-19T23:47:35+00:00
2021,T12761,Data Stream Mining Techniques,1264,2584,188280,6713.405566178033,13724.24049288294,OpenAlex Works API primary_topic.id and AI-subfield topics.id grouped counts,2026-06-19T23:47:35+00:00
2022,T12761,Data Stream Mining Techniques,1207,2443,182108,6627.935071496036,13415.11630461045,OpenAlex Works API primary_topic.id and AI-subfield topics.id grouped counts,2026-06-19T23:47:35+00:00
2023,T12761,Data Stream Mining Techniques,1317,2716,213149,6178.7763489390045,12742.260109125542,OpenAlex Works API primary_topic.id and AI-subfield topics.id grouped counts,2026-06-19T23:47:35+00:00
2024,T12761,Data Stream Mining Techniques,1432,2541,233624,6129.507242406602,10876.451049549703,OpenAlex Works API primary_topic.id and AI-subfield topics.id grouped counts,2026-06-19T23:47:35+00:00
2025,T12761,Data Stream Mining Techniques,1602,2893,287086,5580.209414600503,10077.119748089423,OpenAlex Works API primary_topic.id and AI-subfield topics.id grouped counts,2026-06-19T23:47:35+00:00
2026,T12761,Data Stream Mining Techniques,838,1719,214412,3908.3633378728805,8017.27515251012,OpenAlex Works API primary_topic.id and AI-subfield topics.id grouped counts,2026-06-19T23:47:35+00:00
1990,T13629,Text Readability and Simplification,84,129,21171,3967.6916536771996,6093.240753861414,OpenAlex Works API primary_topic.id and AI-subfield topics.id grouped counts,2026-06-19T23:47:35+00:00
1991,T13629,Text Readability and Simplification,82,126,22358,3667.5910188746757,5635.566687539135,OpenAlex Works API primary_topic.id and AI-subfield topics.id grouped counts,2026-06-19T23:47:35+00:00
1992,T13629,Text Readability and Simplification,88,164,23668,3718.100388710495,6929.187088051378,OpenAlex Works API primary_topic.id and AI-subfield topics.id grouped counts,2026-06-19T23:47:35+00:00
1993,T13629,Text Readability and Simplification,83,140,25174,3297.0525144990866,5561.293397950266,OpenAlex Works API primary_topic.id and AI-subfield topics.id grouped counts,2026-06-19T23:47:35+00:00
1994,T13629,Text Readability and Simplification,81,152,26808,3021.4861235452104,5669.949268874962,OpenAlex Works API primary_topic.id and AI-subfield topics.id grouped counts,2026-06-19T23:47:35+00:00
1995,T13629,Text Readability and Simplification,79,160,26910,2935.7116313638053,5945.745076179859,OpenAlex Works API primary_topic.id and AI-subfield topics.id grouped counts,2026-06-19T23:47:35+00:00
1996,T13629,Text Readability and Simplification,70,161,29167,2399.972571742037,5519.936915006685,OpenAlex Works API primary_topic.id and AI-subfield topics.id grouped counts,2026-06-19T23:47:35+00:00
1997,T13629,Text Readability and Simplification,89,174,29921,2974.4995153905284,5815.313659302831,OpenAlex Works API primary_topic.id and AI-subfield topics.id grouped counts,2026-06-19T23:47:35+00:00
1998,T13629,Text Readability and Simplification,70,182,31737,2205.627501024041,5734.631502662508,OpenAlex Works API primary_topic.id and AI-subfield topics.id grouped counts,2026-06-19T23:47:35+00:00
1999,T13629,Text Readability and Simplification,82,191,33899,2418.9504115165637,5634.384495117851,OpenAlex Works API primary_topic.id and AI-subfield topics.id grouped counts,2026-06-19T23:47:35+00:00
2000,T13629,Text Readability and Simplification,130,296,41542,3129.363054258341,7125.318954311299,OpenAlex Works API primary_topic.id and AI-subfield topics.id grouped counts,2026-06-19T23:47:35+00:00
2001,T13629,Text Readability and Simplification,95,261,44511,2134.30387993979,5863.719080676687,OpenAlex Works API primary_topic.id and AI-subfield topics.id grouped counts,2026-06-19T23:47:35+00:00
2002,T13629,Text Readability and Simplification,94,273,73689,1275.631369675257,3704.7591906526077,OpenAlex Works API primary_topic.id and AI-subfield topics.id grouped counts,2026-06-19T23:47:35+00:00
2003,T13629,Text Readability and Simplification,140,349,67186,2083.767451552407,5194.534575655643,OpenAlex Works API primary_topic.id and AI-subfield topics.id grouped counts,2026-06-19T23:47:35+00:00
2004,T13629,Text Readability and Simplification,128,375,70835,1807.016305498694,5293.993082515705,OpenAlex Works API primary_topic.id and AI-subfield topics.id grouped counts,2026-06-19T23:47:35+00:00
2005,T13629,Text Readability and Simplification,111,407,82556,1344.541886719318,4929.986917970832,OpenAlex Works API primary_topic.id and AI-subfield topics.id grouped counts,2026-06-19T23:47:35+00:00
2006,T13629,Text Readability and Simplification,160,501,89915,1779.458377356392,5571.929044097203,OpenAlex Works API primary_topic.id and AI-subfield topics.id grouped counts,2026-06-19T23:47:35+00:00
2007,T13629,Text Readability and Simplification,202,585,94054,2147.7023837370025,6219.831160822506,OpenAlex Works API primary_topic.id and AI-subfield topics.id grouped counts,2026-06-19T23:47:35+00:00
2008,T13629,Text Readability and Simplification,225,645,97967,2296.6917431379957,6583.849663662254,OpenAlex Works API primary_topic.id and AI-subfield topics.id grouped counts,2026-06-19T23:47:35+00:00
2009,T13629,Text Readability and Simplification,274,747,104332,2626.231645132845,7159.835908446114,OpenAlex Works API primary_topic.id and AI-subfield topics.id grouped counts,2026-06-19T23:47:35+00:00
2010,T13629,Text Readability and Simplification,334,884,110997,3009.090335774841,7964.179212050776,OpenAlex Works API primary_topic.id and AI-subfield topics.id grouped counts,2026-06-19T23:47:35+00:00
2011,T13629,Text Readability and Simplification,365,872,113882,3205.071916545196,7657.048523910715,OpenAlex Works API primary_topic.id and AI-subfield topics.id grouped counts,2026-06-19T23:47:35+00:00
2012,T13629,Text Readability and Simplification,437,1110,117229,3727.7465473560296,9468.646836533622,OpenAlex Works API primary_topic.id and AI-subfield topics.id grouped counts,2026-06-19T23:47:35+00:00
2013,T13629,Text Readability and Simplification,487,1168,119603,4071.804218957718,9765.641330066972,OpenAlex Works API primary_topic.id and AI-subfield topics.id grouped counts,2026-06-19T23:47:35+00:00
2014,T13629,Text Readability and Simplification,619,1386,123428,5015.069514210713,11229.218653790065,OpenAlex Works API primary_topic.id and AI-subfield topics.id grouped counts,2026-06-19T23:47:35+00:00
2015,T13629,Text Readability and Simplification,567,1355,123162,4603.692697422906,11001.770026469203,OpenAlex Works API primary_topic.id and AI-subfield topics.id grouped counts,2026-06-19T23:47:35+00:00
2016,T13629,Text Readability and Simplification,666,1636,133301,4996.211581308467,12272.976196727706,OpenAlex Works API primary_topic.id and AI-subfield topics.id grouped counts,2026-06-19T23:47:35+00:00
2017,T13629,Text Readability and Simplification,618,1609,135900,4547.461368653422,11839.587932303164,OpenAlex Works API primary_topic.id and AI-subfield topics.id grouped counts,2026-06-19T23:47:35+00:00
2018,T13629,Text Readability and Simplification,741,1949,151657,4886.025702737097,12851.368548764647,OpenAlex Works API primary_topic.id and AI-subfield topics.id grouped counts,2026-06-19T23:47:35+00:00
2019,T13629,Text Readability and Simplification,782,2202,170876,4576.417987312437,12886.537606217373,OpenAlex Works API primary_topic.id and AI-subfield topics.id grouped counts,2026-06-19T23:47:35+00:00
2020,T13629,Text Readability and Simplification,802,2539,187432,4278.885142344958,13546.246105254171,OpenAlex Works API primary_topic.id and AI-subfield topics.id grouped counts,2026-06-19T23:47:35+00:00
2021,T13629,Text Readability and Simplification,699,2384,188280,3712.555768005099,12661.992776715531,OpenAlex Works API primary_topic.id and AI-subfield topics.id grouped counts,2026-06-19T23:47:35+00:00
2022,T13629,Text Readability and Simplification,716,2440,182108,3931.732817888286,13398.642563753378,OpenAlex Works API primary_topic.id and AI-subfield topics.id grouped counts,2026-06-19T23:47:35+00:00
2023,T13629,Text Readability and Simplification,921,3562,213149,4320.921045841172,16711.314620289093,OpenAlex Works API primary_topic.id and AI-subfield topics.id grouped counts,2026-06-19T23:47:35+00:00
2024,T13629,Text Readability and Simplification,998,2580,233624,4271.82138821354,11043.385953497927,OpenAlex Works API primary_topic.id and AI-subfield topics.id grouped counts,2026-06-19T23:47:35+00:00
2025,T13629,Text Readability and Simplification,1299,4071,287086,4524.77654779404,14180.419804518508,OpenAlex Works API primary_topic.id and AI-subfield topics.id grouped counts,2026-06-19T23:47:35+00:00
2026,T13629,Text Readability and Simplification,841,3658,214412,3922.3550920657426,17060.61227916348,OpenAlex Works API primary_topic.id and AI-subfield topics.id grouped counts,2026-06-19T23:47:35+00:00
1990,T12131,Wireless Signal Modulation Classification,6,10,21171,283.4065466912286,472.34424448538095,OpenAlex Works API primary_topic.id and AI-subfield topics.id grouped counts,2026-06-19T23:47:35+00:00
1991,T12131,Wireless Signal Modulation Classification,6,8,22358,268.3603184542446,357.81375793899275,OpenAlex Works API primary_topic.id and AI-subfield topics.id grouped counts,2026-06-19T23:47:35+00:00
1992,T12131,Wireless Signal Modulation Classification,13,14,23668,549.264830150414,591.5159709312152,OpenAlex Works API primary_topic.id and AI-subfield topics.id grouped counts,2026-06-19T23:47:35+00:00
1993,T12131,Wireless Signal Modulation Classification,10,13,25174,397.2352427107333,516.4058155239534,OpenAlex Works API primary_topic.id and AI-subfield topics.id grouped counts,2026-06-19T23:47:35+00:00
1994,T12131,Wireless Signal Modulation Classification,13,16,26808,484.9298716800955,596.8367651447329,OpenAlex Works API primary_topic.id and AI-subfield topics.id grouped counts,2026-06-19T23:47:35+00:00
1995,T12131,Wireless Signal Modulation Classification,16,18,26910,594.5745076179859,668.8963210702341,OpenAlex Works API primary_topic.id and AI-subfield topics.id grouped counts,2026-06-19T23:47:35+00:00
1996,T12131,Wireless Signal Modulation Classification,22,26,29167,754.2770939760688,891.4183837898995,OpenAlex Works API primary_topic.id and AI-subfield topics.id grouped counts,2026-06-19T23:47:35+00:00
1997,T12131,Wireless Signal Modulation Classification,11,12,29921,367.6347715651215,401.05611443467797,OpenAlex Works API primary_topic.id and AI-subfield topics.id grouped counts,2026-06-19T23:47:35+00:00
1998,T12131,Wireless Signal Modulation Classification,17,22,31737,535.6523931058387,693.1972146075559,OpenAlex Works API primary_topic.id and AI-subfield topics.id grouped counts,2026-06-19T23:47:35+00:00
1999,T12131,Wireless Signal Modulation Classification,25,29,33899,737.484881559928,855.4824626095166,OpenAlex Works API primary_topic.id and AI-subfield topics.id grouped counts,2026-06-19T23:47:35+00:00
2000,T12131,Wireless Signal Modulation Classification,18,20,41542,433.29642289730873,481.4404698858986,OpenAlex Works API primary_topic.id and AI-subfield topics.id grouped counts,2026-06-19T23:47:35+00:00
2001,T12131,Wireless Signal Modulation Classification,35,39,44511,786.3224820830806,876.1879086068612,OpenAlex Works API primary_topic.id and AI-subfield topics.id grouped counts,2026-06-19T23:47:35+00:00
2002,T12131,Wireless Signal Modulation Classification,117,129,73689,1587.7539388511177,1750.6004966820014,OpenAlex Works API primary_topic.id and AI-subfield topics.id grouped counts,2026-06-19T23:47:35+00:00
2003,T12131,Wireless Signal Modulation Classification,74,81,67186,1101.4199386777007,1205.608311255321,OpenAlex Works API primary_topic.id and AI-subfield topics.id grouped counts,2026-06-19T23:47:35+00:00
2004,T12131,Wireless Signal Modulation Classification,89,95,70835,1256.4410249170608,1341.144914237312,OpenAlex Works API primary_topic.id and AI-subfield topics.id grouped counts,2026-06-19T23:47:35+00:00
2005,T12131,Wireless Signal Modulation Classification,128,139,82556,1550.462716216871,1683.7056058917583,OpenAlex Works API primary_topic.id and AI-subfield topics.id grouped counts,2026-06-19T23:47:35+00:00
2006,T12131,Wireless Signal Modulation Classification,188,196,89915,2090.8635933937608,2179.8365122615805,OpenAlex Works API primary_topic.id and AI-subfield topics.id grouped counts,2026-06-19T23:47:35+00:00
2007,T12131,Wireless Signal Modulation Classification,167,188,94054,1775.575733089502,1998.8517234780022,OpenAlex Works API primary_topic.id and AI-subfield topics.id grouped counts,2026-06-19T23:47:35+00:00
2008,T12131,Wireless Signal Modulation Classification,184,203,97967,1878.1834699439607,2072.1263282533914,OpenAlex Works API primary_topic.id and AI-subfield topics.id grouped counts,2026-06-19T23:47:35+00:00
2009,T12131,Wireless Signal Modulation Classification,251,270,104332,2405.7815435341026,2587.892497028716,OpenAlex Works API primary_topic.id and AI-subfield topics.id grouped counts,2026-06-19T23:47:35+00:00
2010,T12131,Wireless Signal Modulation Classification,283,295,110997,2549.6184581565267,2657.7294881843654,OpenAlex Works API primary_topic.id and AI-subfield topics.id grouped counts,2026-06-19T23:47:35+00:00
2011,T12131,Wireless Signal Modulation Classification,286,304,113882,2511.3714195395232,2669.429760629423,OpenAlex Works API primary_topic.id and AI-subfield topics.id grouped counts,2026-06-19T23:47:35+00:00
2012,T12131,Wireless Signal Modulation Classification,287,311,117229,2448.199677554189,2652.927176722483,OpenAlex Works API primary_topic.id and AI-subfield topics.id grouped counts,2026-06-19T23:47:35+00:00
2013,T12131,Wireless Signal Modulation Classification,284,308,119603,2374.5223782012154,2575.1862411477973,OpenAlex Works API primary_topic.id and AI-subfield topics.id grouped counts,2026-06-19T23:47:35+00:00
2014,T12131,Wireless Signal Modulation Classification,275,295,123428,2228.0195741646953,2390.0573613766733,OpenAlex Works API primary_topic.id and AI-subfield topics.id grouped counts,2026-06-19T23:47:35+00:00
2015,T12131,Wireless Signal Modulation Classification,249,270,123162,2021.7274808788425,2192.2346178204316,OpenAlex Works API primary_topic.id and AI-subfield topics.id grouped counts,2026-06-19T23:47:35+00:00
2016,T12131,Wireless Signal Modulation Classification,255,275,133301,1912.963893744233,2063.00027756731,OpenAlex Works API primary_topic.id and AI-subfield topics.id grouped counts,2026-06-19T23:47:35+00:00
2017,T12131,Wireless Signal Modulation Classification,314,345,135900,2310.522442972774,2538.6313465783664,OpenAlex Works API primary_topic.id and AI-subfield topics.id grouped counts,2026-06-19T23:47:35+00:00
2018,T12131,Wireless Signal Modulation Classification,410,440,151657,2703.4690123106748,2901.2838180895046,OpenAlex Works API primary_topic.id and AI-subfield topics.id grouped counts,2026-06-19T23:47:35+00:00
2019,T12131,Wireless Signal Modulation Classification,784,845,170876,4588.12238114188,4945.106392939909,OpenAlex Works API primary_topic.id and AI-subfield topics.id grouped counts,2026-06-19T23:47:35+00:00
2020,T12131,Wireless Signal Modulation Classification,932,1008,187432,4972.470015792394,5377.95040334628,OpenAlex Works API primary_topic.id and AI-subfield topics.id grouped counts,2026-06-19T23:47:35+00:00
2021,T12131,Wireless Signal Modulation Classification,1214,1315,188280,6447.8436371361795,6984.278733800723,OpenAlex Works API primary_topic.id and AI-subfield topics.id grouped counts,2026-06-19T23:47:35+00:00
2022,T12131,Wireless Signal Modulation Classification,1340,1477,182108,7358.270916159641,8110.5717486326785,OpenAlex Works API primary_topic.id and AI-subfield topics.id grouped counts,2026-06-19T23:47:35+00:00
2023,T12131,Wireless Signal Modulation Classification,1619,1746,213149,7595.625595240887,8191.452927294991,OpenAlex Works API primary_topic.id and AI-subfield topics.id grouped counts,2026-06-19T23:47:35+00:00
2024,T12131,Wireless Signal Modulation Classification,1352,1479,233624,5787.076670205116,6330.685203574975,OpenAlex Works API primary_topic.id and AI-subfield topics.id grouped counts,2026-06-19T23:47:35+00:00
2025,T12131,Wireless Signal Modulation Classification,2330,2621,287086,8116.034916366524,9129.668461715306,OpenAlex Works API primary_topic.id and AI-subfield topics.id grouped counts,2026-06-19T23:47:35+00:00
2026,T12131,Wireless Signal Modulation Classification,1782,2126,214412,8311.10199056023,9915.489804675111,OpenAlex Works API primary_topic.id and AI-subfield topics.id grouped counts,2026-06-19T23:47:35+00:00
1990,T13062,Cognitive Computing and Networks,70,123,21171,3306.409711397667,5809.834207170185,OpenAlex Works API primary_topic.id and AI-subfield topics.id grouped counts,2026-06-19T23:47:35+00:00
1991,T13062,Cognitive Computing and Networks,66,122,22358,2951.96350299669,5456.65980856964,OpenAlex Works API primary_topic.id and AI-subfield topics.id grouped counts,2026-06-19T23:47:35+00:00
1992,T13062,Cognitive Computing and Networks,89,150,23668,3760.3515294912963,6337.671117120162,OpenAlex Works API primary_topic.id and AI-subfield topics.id grouped counts,2026-06-19T23:47:35+00:00
1993,T13062,Cognitive Computing and Networks,77,131,25174,3058.7113688726463,5203.781679510606,OpenAlex Works API primary_topic.id and AI-subfield topics.id grouped counts,2026-06-19T23:47:35+00:00
1994,T13062,Cognitive Computing and Networks,59,110,26808,2200.835571471203,4103.252760370038,OpenAlex Works API primary_topic.id and AI-subfield topics.id grouped counts,2026-06-19T23:47:35+00:00
1995,T13062,Cognitive Computing and Networks,90,153,26910,3344.4816053511704,5685.61872909699,OpenAlex Works API primary_topic.id and AI-subfield topics.id grouped counts,2026-06-19T23:47:35+00:00
1996,T13062,Cognitive Computing and Networks,79,130,29167,2708.5404738231564,4457.091918949498,OpenAlex Works API primary_topic.id and AI-subfield topics.id grouped counts,2026-06-19T23:47:35+00:00
1997,T13062,Cognitive Computing and Networks,77,129,29921,2573.4434009558504,4311.353230172788,OpenAlex Works API primary_topic.id and AI-subfield topics.id grouped counts,2026-06-19T23:47:35+00:00
1998,T13062,Cognitive Computing and Networks,83,144,31737,2615.2440369285064,4537.290859249457,OpenAlex Works API primary_topic.id and AI-subfield topics.id grouped counts,2026-06-19T23:47:35+00:00
1999,T13062,Cognitive Computing and Networks,107,197,33899,3156.4352930764917,5811.380866692232,OpenAlex Works API primary_topic.id and AI-subfield topics.id grouped counts,2026-06-19T23:47:35+00:00
2000,T13062,Cognitive Computing and Networks,120,219,41542,2888.642819315392,5271.77314525059,OpenAlex Works API primary_topic.id and AI-subfield topics.id grouped counts,2026-06-19T23:47:35+00:00
2001,T13062,Cognitive Computing and Networks,137,266,44511,3077.8908584394867,5976.050863831413,OpenAlex Works API primary_topic.id and AI-subfield topics.id grouped counts,2026-06-19T23:47:35+00:00
2002,T13062,Cognitive Computing and Networks,204,405,73689,2768.3914831250254,5496.07132679233,OpenAlex Works API primary_topic.id and AI-subfield topics.id grouped counts,2026-06-19T23:47:35+00:00
2003,T13062,Cognitive Computing and Networks,197,409,67186,2932.158485398744,6087.577769178102,OpenAlex Works API primary_topic.id and AI-subfield topics.id grouped counts,2026-06-19T23:47:35+00:00
2004,T13062,Cognitive Computing and Networks,286,495,70835,4037.5520575986443,6988.070868920731,OpenAlex Works API primary_topic.id and AI-subfield topics.id grouped counts,2026-06-19T23:47:35+00:00
2005,T13062,Cognitive Computing and Networks,330,592,82556,3997.2866902466203,7170.890062503028,OpenAlex Works API primary_topic.id and AI-subfield topics.id grouped counts,2026-06-19T23:47:35+00:00
2006,T13062,Cognitive Computing and Networks,406,748,89915,4515.375632541844,8318.967914141132,OpenAlex Works API primary_topic.id and AI-subfield topics.id grouped counts,2026-06-19T23:47:35+00:00
2007,T13062,Cognitive Computing and Networks,394,736,94054,4189.082867289004,7825.291853616008,OpenAlex Works API primary_topic.id and AI-subfield topics.id grouped counts,2026-06-19T23:47:35+00:00
2008,T13062,Cognitive Computing and Networks,480,872,97967,4899.609052027723,8900.95644451703,OpenAlex Works API primary_topic.id and AI-subfield topics.id grouped counts,2026-06-19T23:47:35+00:00
2009,T13062,Cognitive Computing and Networks,540,977,104332,5175.784994057432,9364.336924433539,OpenAlex Works API primary_topic.id and AI-subfield topics.id grouped counts,2026-06-19T23:47:35+00:00
2010,T13062,Cognitive Computing and Networks,574,987,110997,5171.3109363316125,8892.132219789723,OpenAlex Works API primary_topic.id and AI-subfield topics.id grouped counts,2026-06-19T23:47:35+00:00
2011,T13062,Cognitive Computing and Networks,664,1092,113882,5830.596582427425,9588.87269278727,OpenAlex Works API primary_topic.id and AI-subfield topics.id grouped counts,2026-06-19T23:47:35+00:00
2012,T13062,Cognitive Computing and Networks,606,1080,117229,5169.3693539994365,9212.737462573254,OpenAlex Works API primary_topic.id and AI-subfield topics.id grouped counts,2026-06-19T23:47:35+00:00
2013,T13062,Cognitive Computing and Networks,520,938,119603,4347.717030509268,7842.612643495565,OpenAlex Works API primary_topic.id and AI-subfield topics.id grouped counts,2026-06-19T23:47:35+00:00
2014,T13062,Cognitive Computing and Networks,550,914,123428,4456.039148329391,7405.126875587387,OpenAlex Works API primary_topic.id and AI-subfield topics.id grouped counts,2026-06-19T23:47:35+00:00
2015,T13062,Cognitive Computing and Networks,504,866,123162,4092.171286598139,7031.3895519722,OpenAlex Works API primary_topic.id and AI-subfield topics.id grouped counts,2026-06-19T23:47:35+00:00
2016,T13062,Cognitive Computing and Networks,466,792,133301,3495.8477430776966,5941.440799393853,OpenAlex Works API primary_topic.id and AI-subfield topics.id grouped counts,2026-06-19T23:47:35+00:00
2017,T13062,Cognitive Computing and Networks,460,793,135900,3384.841795437822,5835.172921265636,OpenAlex Works API primary_topic.id and AI-subfield topics.id grouped counts,2026-06-19T23:47:35+00:00
2018,T13062,Cognitive Computing and Networks,466,792,151657,3072.7233164311574,5222.310872561108,OpenAlex Works API primary_topic.id and AI-subfield topics.id grouped counts,2026-06-19T23:47:35+00:00
2019,T13062,Cognitive Computing and Networks,467,834,170876,2732.9759591750744,4880.73222687797,OpenAlex Works API primary_topic.id and AI-subfield topics.id grouped counts,2026-06-19T23:47:35+00:00
2020,T13062,Cognitive Computing and Networks,470,783,187432,2507.576080925349,4177.5150454564855,OpenAlex Works API primary_topic.id and AI-subfield topics.id grouped counts,2026-06-19T23:47:35+00:00
2021,T13062,Cognitive Computing and Networks,407,687,188280,2161.6741024006797,3648.8209050350542,OpenAlex Works API primary_topic.id and AI-subfield topics.id grouped counts,2026-06-19T23:47:35+00:00
2022,T13062,Cognitive Computing and Networks,432,736,182108,2372.218683418631,4041.557756935445,OpenAlex Works API primary_topic.id and AI-subfield topics.id grouped counts,2026-06-19T23:47:35+00:00
2023,T13062,Cognitive Computing and Networks,421,717,213149,1975.1441479903729,3363.8440715180463,OpenAlex Works API primary_topic.id and AI-subfield topics.id grouped counts,2026-06-19T23:47:35+00:00
2024,T13062,Cognitive Computing and Networks,782,1347,233624,3347.258843269527,5765.674759442523,OpenAlex Works API primary_topic.id and AI-subfield topics.id grouped counts,2026-06-19T23:47:35+00:00
2025,T13062,Cognitive Computing and Networks,1163,2025,287086,4051.050904606982,7053.635495983782,OpenAlex Works API primary_topic.id and AI-subfield topics.id grouped counts,2026-06-19T23:47:35+00:00
2026,T13062,Cognitive Computing and Networks,1221,2030,214412,5694.6439564949715,9467.753670503516,OpenAlex Works API primary_topic.id and AI-subfield topics.id grouped counts,2026-06-19T23:47:35+00:00
1990,T12676,Machine Learning and ELM,10,88,21171,472.34424448538095,4156.6293514713525,OpenAlex Works API primary_topic.id and AI-subfield topics.id grouped counts,2026-06-19T23:47:35+00:00
1991,T12676,Machine Learning and ELM,9,142,22358,402.54047768136684,6351.194203417122,OpenAlex Works API primary_topic.id and AI-subfield topics.id grouped counts,2026-06-19T23:47:35+00:00
1992,T12676,Machine Learning and ELM,6,126,23668,253.5068446848065,5323.643738380936,OpenAlex Works API primary_topic.id and AI-subfield topics.id grouped counts,2026-06-19T23:47:35+00:00
1993,T12676,Machine Learning and ELM,5,118,25174,198.61762135536665,4687.375863986653,OpenAlex Works API primary_topic.id and AI-subfield topics.id grouped counts,2026-06-19T23:47:35+00:00
1994,T12676,Machine Learning and ELM,6,145,26808,223.81378692927484,5408.8331841241425,OpenAlex Works API primary_topic.id and AI-subfield topics.id grouped counts,2026-06-19T23:47:35+00:00
1995,T12676,Machine Learning and ELM,11,155,26910,408.7699739873653,5759.940542549238,OpenAlex Works API primary_topic.id and AI-subfield topics.id grouped counts,2026-06-19T23:47:35+00:00
1996,T12676,Machine Learning and ELM,10,119,29167,342.8532245345768,4079.9533719614633,OpenAlex Works API primary_topic.id and AI-subfield topics.id grouped counts,2026-06-19T23:47:35+00:00
1997,T12676,Machine Learning and ELM,14,123,29921,467.898800173791,4110.8251729554495,OpenAlex Works API primary_topic.id and AI-subfield topics.id grouped counts,2026-06-19T23:47:35+00:00
1998,T12676,Machine Learning and ELM,14,156,31737,441.1255002048083,4915.398430853578,OpenAlex Works API primary_topic.id and AI-subfield topics.id grouped counts,2026-06-19T23:47:35+00:00
1999,T12676,Machine Learning and ELM,7,97,33899,206.49576683677984,2861.4413404525208,OpenAlex Works API primary_topic.id and AI-subfield topics.id grouped counts,2026-06-19T23:47:35+00:00
2000,T12676,Machine Learning and ELM,18,129,41542,433.29642289730873,3105.291030764046,OpenAlex Works API primary_topic.id and AI-subfield topics.id grouped counts,2026-06-19T23:47:35+00:00
2001,T12676,Machine Learning and ELM,18,97,44511,404.39441935701285,2179.2365932016805,OpenAlex Works API primary_topic.id and AI-subfield topics.id grouped counts,2026-06-19T23:47:35+00:00
2002,T12676,Machine Learning and ELM,33,485,73689,447.82803403493057,6581.715045664889,OpenAlex Works API primary_topic.id and AI-subfield topics.id grouped counts,2026-06-19T23:47:35+00:00
2003,T12676,Machine Learning and ELM,26,290,67186,386.9853838597327,4316.375435358557,OpenAlex Works API primary_topic.id and AI-subfield topics.id grouped counts,2026-06-19T23:47:35+00:00
2004,T12676,Machine Learning and ELM,22,184,70835,310.58092750758806,2597.5859391543727,OpenAlex Works API primary_topic.id and AI-subfield topics.id grouped counts,2026-06-19T23:47:35+00:00
2005,T12676,Machine Learning and ELM,37,213,82556,448.18062890643927,2580.0668637046365,OpenAlex Works API primary_topic.id and AI-subfield topics.id grouped counts,2026-06-19T23:47:35+00:00
2006,T12676,Machine Learning and ELM,78,272,89915,867.4859589612411,3025.0792415058663,OpenAlex Works API primary_topic.id and AI-subfield topics.id grouped counts,2026-06-19T23:47:35+00:00
2007,T12676,Machine Learning and ELM,68,267,94054,722.9889212580007,2838.794734939503,OpenAlex Works API primary_topic.id and AI-subfield topics.id grouped counts,2026-06-19T23:47:35+00:00
2008,T12676,Machine Learning and ELM,90,283,97967,918.6766972551982,2888.7278369246787,OpenAlex Works API primary_topic.id and AI-subfield topics.id grouped counts,2026-06-19T23:47:35+00:00
2009,T12676,Machine Learning and ELM,118,345,104332,1131.0048690718093,3306.7515239811373,OpenAlex Works API primary_topic.id and AI-subfield topics.id grouped counts,2026-06-19T23:47:35+00:00
2010,T12676,Machine Learning and ELM,119,363,110997,1072.101047776066,3270.3586583421175,OpenAlex Works API primary_topic.id and AI-subfield topics.id grouped counts,2026-06-19T23:47:35+00:00
2011,T12676,Machine Learning and ELM,197,453,113882,1729.860733039462,3977.8015840958183,OpenAlex Works API primary_topic.id and AI-subfield topics.id grouped counts,2026-06-19T23:47:35+00:00
2012,T12676,Machine Learning and ELM,333,606,117229,2840.5940509600864,5169.3693539994365,OpenAlex Works API primary_topic.id and AI-subfield topics.id grouped counts,2026-06-19T23:47:35+00:00
2013,T12676,Machine Learning and ELM,449,751,119603,3754.086435958964,6279.106711370116,OpenAlex Works API primary_topic.id and AI-subfield topics.id grouped counts,2026-06-19T23:47:35+00:00
2014,T12676,Machine Learning and ELM,659,993,123428,5339.14508863467,8045.176135074699,OpenAlex Works API primary_topic.id and AI-subfield topics.id grouped counts,2026-06-19T23:47:35+00:00
2015,T12676,Machine Learning and ELM,811,1167,123162,6584.823240934704,9475.32518146831,OpenAlex Works API primary_topic.id and AI-subfield topics.id grouped counts,2026-06-19T23:47:35+00:00
2016,T12676,Machine Learning and ELM,836,1273,133301,6271.520843804623,9549.815830338857,OpenAlex Works API primary_topic.id and AI-subfield topics.id grouped counts,2026-06-19T23:47:35+00:00
2017,T12676,Machine Learning and ELM,961,1535,135900,7071.376011773363,11295.069904341428,OpenAlex Works API primary_topic.id and AI-subfield topics.id grouped counts,2026-06-19T23:47:35+00:00
2018,T12676,Machine Learning and ELM,1114,1936,151657,7345.523121253883,12765.64879959382,OpenAlex Works API primary_topic.id and AI-subfield topics.id grouped counts,2026-06-19T23:47:35+00:00
2019,T12676,Machine Learning and ELM,1192,2285,170876,6975.818722348369,13372.269950139282,OpenAlex Works API primary_topic.id and AI-subfield topics.id grouped counts,2026-06-19T23:47:35+00:00
2020,T12676,Machine Learning and ELM,1120,2483,187432,5975.500448162534,13247.471082846047,OpenAlex Works API primary_topic.id and AI-subfield topics.id grouped counts,2026-06-19T23:47:35+00:00
2021,T12676,Machine Learning and ELM,1115,2735,188280,5922.031017633311,14526.237518589336,OpenAlex Works API primary_topic.id and AI-subfield topics.id grouped counts,2026-06-19T23:47:35+00:00
2022,T12676,Machine Learning and ELM,1217,2846,182108,6682.847541019615,15628.088826410702,OpenAlex Works API primary_topic.id and AI-subfield topics.id grouped counts,2026-06-19T23:47:35+00:00
2023,T12676,Machine Learning and ELM,1328,3239,213149,6230.383440691722,15195.942744277478,OpenAlex Works API primary_topic.id and AI-subfield topics.id grouped counts,2026-06-19T23:47:35+00:00
2024,T12676,Machine Learning and ELM,1303,2972,233624,5577.337944731706,12721.29575728521,OpenAlex Works API primary_topic.id and AI-subfield topics.id grouped counts,2026-06-19T23:47:35+00:00
2025,T12676,Machine Learning and ELM,1150,2689,287086,4005.7683063611603,9366.531283308834,OpenAlex Works API primary_topic.id and AI-subfield topics.id grouped counts,2026-06-19T23:47:35+00:00
2026,T12676,Machine Learning and ELM,360,1183,214412,1679.0105031434807,5517.4150700520495,OpenAlex Works API primary_topic.id and AI-subfield topics.id grouped counts,2026-06-19T23:47:35+00:00
1990,T14413,Advanced Technologies in Various Fields,1,1,21171,47.23442444853809,47.23442444853809,OpenAlex Works API primary_topic.id and AI-subfield topics.id grouped counts,2026-06-19T23:47:35+00:00
1991,T14413,Advanced Technologies in Various Fields,5,5,22358,223.63359871187046,223.63359871187046,OpenAlex Works API primary_topic.id and AI-subfield topics.id grouped counts,2026-06-19T23:47:35+00:00
1992,T14413,Advanced Technologies in Various Fields,0,0,23668,0.0,0.0,OpenAlex Works API primary_topic.id and AI-subfield topics.id grouped counts,2026-06-19T23:47:35+00:00
1993,T14413,Advanced Technologies in Various Fields,3,3,25174,119.17057281321999,119.17057281321999,OpenAlex Works API primary_topic.id and AI-subfield topics.id grouped counts,2026-06-19T23:47:35+00:00
1994,T14413,Advanced Technologies in Various Fields,2,2,26808,74.60459564309161,74.60459564309161,OpenAlex Works API primary_topic.id and AI-subfield topics.id grouped counts,2026-06-19T23:47:35+00:00
1995,T14413,Advanced Technologies in Various Fields,1,2,26910,37.16090672612412,74.32181345224824,OpenAlex Works API primary_topic.id and AI-subfield topics.id grouped counts,2026-06-19T23:47:35+00:00
1996,T14413,Advanced Technologies in Various Fields,3,4,29167,102.85596736037303,137.1412898138307,OpenAlex Works API primary_topic.id and AI-subfield topics.id grouped counts,2026-06-19T23:47:35+00:00
1997,T14413,Advanced Technologies in Various Fields,1,1,29921,33.421342869556504,33.421342869556504,OpenAlex Works API primary_topic.id and AI-subfield topics.id grouped counts,2026-06-19T23:47:35+00:00
1998,T14413,Advanced Technologies in Various Fields,3,4,31737,94.52689290103035,126.0358572013738,OpenAlex Works API primary_topic.id and AI-subfield topics.id grouped counts,2026-06-19T23:47:35+00:00
1999,T14413,Advanced Technologies in Various Fields,4,4,33899,117.99758104958848,117.99758104958848,OpenAlex Works API primary_topic.id and AI-subfield topics.id grouped counts,2026-06-19T23:47:35+00:00
2000,T14413,Advanced Technologies in Various Fields,9,9,41542,216.64821144865437,216.64821144865437,OpenAlex Works API primary_topic.id and AI-subfield topics.id grouped counts,2026-06-19T23:47:35+00:00
2001,T14413,Advanced Technologies in Various Fields,19,20,44511,426.860775987958,449.3271326189032,OpenAlex Works API primary_topic.id and AI-subfield topics.id grouped counts,2026-06-19T23:47:35+00:00
2002,T14413,Advanced Technologies in Various Fields,21,23,73689,284.98147620404677,312.1225691758607,OpenAlex Works API primary_topic.id and AI-subfield topics.id grouped counts,2026-06-19T23:47:35+00:00
2003,T14413,Advanced Technologies in Various Fields,25,28,67186,372.1013306343583,416.75349031048137,OpenAlex Works API primary_topic.id and AI-subfield topics.id grouped counts,2026-06-19T23:47:35+00:00
2004,T14413,Advanced Technologies in Various Fields,19,24,70835,268.2289828474624,338.81555728100517,OpenAlex Works API primary_topic.id and AI-subfield topics.id grouped counts,2026-06-19T23:47:35+00:00
2005,T14413,Advanced Technologies in Various Fields,45,52,82556,545.0845486699938,629.8754784631038,OpenAlex Works API primary_topic.id and AI-subfield topics.id grouped counts,2026-06-19T23:47:35+00:00
2006,T14413,Advanced Technologies in Various Fields,42,47,89915,467.1078240560529,522.7158983484402,OpenAlex Works API primary_topic.id and AI-subfield topics.id grouped counts,2026-06-19T23:47:35+00:00
2007,T14413,Advanced Technologies in Various Fields,59,65,94054,627.2992110915006,691.0923512025007,OpenAlex Works API primary_topic.id and AI-subfield topics.id grouped counts,2026-06-19T23:47:35+00:00
2008,T14413,Advanced Technologies in Various Fields,71,78,97967,724.7338389457674,796.186470954505,OpenAlex Works API primary_topic.id and AI-subfield topics.id grouped counts,2026-06-19T23:47:35+00:00
2009,T14413,Advanced Technologies in Various Fields,86,95,104332,824.2916842387762,910.5547674730667,OpenAlex Works API primary_topic.id and AI-subfield topics.id grouped counts,2026-06-19T23:47:35+00:00
2010,T14413,Advanced Technologies in Various Fields,112,131,110997,1009.0362802598269,1180.2120778039045,OpenAlex Works API primary_topic.id and AI-subfield topics.id grouped counts,2026-06-19T23:47:35+00:00
2011,T14413,Advanced Technologies in Various Fields,130,144,113882,1141.532463427056,1264.4667287192005,OpenAlex Works API primary_topic.id and AI-subfield topics.id grouped counts,2026-06-19T23:47:35+00:00
2012,T14413,Advanced Technologies in Various Fields,169,183,117229,1441.6228066434073,1561.0471811582458,OpenAlex Works API primary_topic.id and AI-subfield topics.id grouped counts,2026-06-19T23:47:35+00:00
2013,T14413,Advanced Technologies in Various Fields,217,243,119603,1814.3357608086753,2031.7216123341389,OpenAlex Works API primary_topic.id and AI-subfield topics.id grouped counts,2026-06-19T23:47:35+00:00
2014,T14413,Advanced Technologies in Various Fields,186,213,123428,1506.9514210713937,1725.702433807564,OpenAlex Works API primary_topic.id and AI-subfield topics.id grouped counts,2026-06-19T23:47:35+00:00
2015,T14413,Advanced Technologies in Various Fields,169,188,123162,1372.176483006122,1526.444845000893,OpenAlex Works API primary_topic.id and AI-subfield topics.id grouped counts,2026-06-19T23:47:35+00:00
2016,T14413,Advanced Technologies in Various Fields,133,159,133301,997.7419524234627,1192.789251393463,OpenAlex Works API primary_topic.id and AI-subfield topics.id grouped counts,2026-06-19T23:47:35+00:00
2017,T14413,Advanced Technologies in Various Fields,264,295,135900,1942.6048565121412,2170.7137601177337,OpenAlex Works API primary_topic.id and AI-subfield topics.id grouped counts,2026-06-19T23:47:35+00:00
2018,T14413,Advanced Technologies in Various Fields,318,381,151657,2096.8369412555962,2512.248033391139,OpenAlex Works API primary_topic.id and AI-subfield topics.id grouped counts,2026-06-19T23:47:35+00:00
2019,T14413,Advanced Technologies in Various Fields,390,483,170876,2282.3567967414965,2826.611109810623,OpenAlex Works API primary_topic.id and AI-subfield topics.id grouped counts,2026-06-19T23:47:35+00:00
2020,T14413,Advanced Technologies in Various Fields,747,980,187432,3985.445388194118,5228.562892142217,OpenAlex Works API primary_topic.id and AI-subfield topics.id grouped counts,2026-06-19T23:47:35+00:00
2021,T14413,Advanced Technologies in Various Fields,1140,1564,188280,6054.811982154239,8306.777140429149,OpenAlex Works API primary_topic.id and AI-subfield topics.id grouped counts,2026-06-19T23:47:35+00:00
2022,T14413,Advanced Technologies in Various Fields,1497,2014,182108,8220.396687679839,11059.371362048894,OpenAlex Works API primary_topic.id and AI-subfield topics.id grouped counts,2026-06-19T23:47:35+00:00
2023,T14413,Advanced Technologies in Various Fields,1833,2243,213149,8599.61810752103,10523.155163758685,OpenAlex Works API primary_topic.id and AI-subfield topics.id grouped counts,2026-06-19T23:47:35+00:00
2024,T14413,Advanced Technologies in Various Fields,1287,1631,233624,5508.851830291408,6981.303290757799,OpenAlex Works API primary_topic.id and AI-subfield topics.id grouped counts,2026-06-19T23:47:35+00:00
2025,T14413,Advanced Technologies in Various Fields,2111,3159,287086,7353.197299763834,11003.671373734698,OpenAlex Works API primary_topic.id and AI-subfield topics.id grouped counts,2026-06-19T23:47:35+00:00
2026,T14413,Advanced Technologies in Various Fields,1334,2394,214412,6221.666697759453,11165.419845904147,OpenAlex Works API primary_topic.id and AI-subfield topics.id grouped counts,2026-06-19T23:47:35+00:00
1990,T13935,Mathematical Control Systems and Analysis,153,160,21171,7226.866940626329,7557.507911766095,OpenAlex Works API primary_topic.id and AI-subfield topics.id grouped counts,2026-06-19T23:47:35+00:00
1991,T13935,Mathematical Control Systems and Analysis,131,142,22358,5859.200286251006,6351.194203417122,OpenAlex Works API primary_topic.id and AI-subfield topics.id grouped counts,2026-06-19T23:47:35+00:00
1992,T13935,Mathematical Control Systems and Analysis,164,170,23668,6929.187088051378,7182.693932736184,OpenAlex Works API primary_topic.id and AI-subfield topics.id grouped counts,2026-06-19T23:47:35+00:00
1993,T13935,Mathematical Control Systems and Analysis,128,142,25174,5084.611106697386,5640.740446492412,OpenAlex Works API primary_topic.id and AI-subfield topics.id grouped counts,2026-06-19T23:47:35+00:00
1994,T13935,Mathematical Control Systems and Analysis,135,147,26808,5035.810205908684,5483.437779767233,OpenAlex Works API primary_topic.id and AI-subfield topics.id grouped counts,2026-06-19T23:47:35+00:00
1995,T13935,Mathematical Control Systems and Analysis,139,150,26910,5165.366034931252,5574.136008918618,OpenAlex Works API primary_topic.id and AI-subfield topics.id grouped counts,2026-06-19T23:47:35+00:00
1996,T13935,Mathematical Control Systems and Analysis,141,152,29167,4834.230465937531,5211.3690129255665,OpenAlex Works API primary_topic.id and AI-subfield topics.id grouped counts,2026-06-19T23:47:35+00:00
1997,T13935,Mathematical Control Systems and Analysis,172,186,29921,5748.470973563718,6216.36977373751,OpenAlex Works API primary_topic.id and AI-subfield topics.id grouped counts,2026-06-19T23:47:35+00:00
1998,T13935,Mathematical Control Systems and Analysis,176,193,31737,5545.577716860447,6081.230109966285,OpenAlex Works API primary_topic.id and AI-subfield topics.id grouped counts,2026-06-19T23:47:35+00:00
1999,T13935,Mathematical Control Systems and Analysis,159,173,33899,4690.403846721142,5103.395380394702,OpenAlex Works API primary_topic.id and AI-subfield topics.id grouped counts,2026-06-19T23:47:35+00:00
2000,T13935,Mathematical Control Systems and Analysis,172,198,41542,4140.3880410187285,4766.260651870396,OpenAlex Works API primary_topic.id and AI-subfield topics.id grouped counts,2026-06-19T23:47:35+00:00
2001,T13935,Mathematical Control Systems and Analysis,172,189,44511,3864.2133405225677,4246.1414032486355,OpenAlex Works API primary_topic.id and AI-subfield topics.id grouped counts,2026-06-19T23:47:35+00:00
2002,T13935,Mathematical Control Systems and Analysis,157,186,73689,2130.575798287397,2524.1216463786996,OpenAlex Works API primary_topic.id and AI-subfield topics.id grouped counts,2026-06-19T23:47:35+00:00
2003,T13935,Mathematical Control Systems and Analysis,193,219,67186,2872.6222724972467,3259.607656356979,OpenAlex Works API primary_topic.id and AI-subfield topics.id grouped counts,2026-06-19T23:47:35+00:00
2004,T13935,Mathematical Control Systems and Analysis,173,200,70835,2442.2954754005787,2823.4629773417096,OpenAlex Works API primary_topic.id and AI-subfield topics.id grouped counts,2026-06-19T23:47:35+00:00
2005,T13935,Mathematical Control Systems and Analysis,208,236,82556,2519.5019138524153,2858.6656330248557,OpenAlex Works API primary_topic.id and AI-subfield topics.id grouped counts,2026-06-19T23:47:35+00:00
2006,T13935,Mathematical Control Systems and Analysis,192,210,89915,2135.3500528276704,2335.539120280265,OpenAlex Works API primary_topic.id and AI-subfield topics.id grouped counts,2026-06-19T23:47:35+00:00
2007,T13935,Mathematical Control Systems and Analysis,246,274,94054,2615.518744551003,2913.220065069003,OpenAlex Works API primary_topic.id and AI-subfield topics.id grouped counts,2026-06-19T23:47:35+00:00
2008,T13935,Mathematical Control Systems and Analysis,246,279,97967,2511.0496391642087,2847.8977614911146,OpenAlex Works API primary_topic.id and AI-subfield topics.id grouped counts,2026-06-19T23:47:35+00:00
2009,T13935,Mathematical Control Systems and Analysis,269,293,104332,2578.3077100026835,2808.3425986274583,OpenAlex Works API primary_topic.id and AI-subfield topics.id grouped counts,2026-06-19T23:47:35+00:00
2010,T13935,Mathematical Control Systems and Analysis,321,352,110997,2891.9700532446823,3171.256880816599,OpenAlex Works API primary_topic.id and AI-subfield topics.id grouped counts,2026-06-19T23:47:35+00:00
2011,T13935,Mathematical Control Systems and Analysis,362,399,113882,3178.728859696879,3503.6265608261183,OpenAlex Works API primary_topic.id and AI-subfield topics.id grouped counts,2026-06-19T23:47:35+00:00
2012,T13935,Mathematical Control Systems and Analysis,351,389,117229,2994.1396753363074,3318.291549019441,OpenAlex Works API primary_topic.id and AI-subfield topics.id grouped counts,2026-06-19T23:47:35+00:00
2013,T13935,Mathematical Control Systems and Analysis,390,426,119603,3260.787772881951,3561.7835673018235,OpenAlex Works API primary_topic.id and AI-subfield topics.id grouped counts,2026-06-19T23:47:35+00:00
2014,T13935,Mathematical Control Systems and Analysis,391,431,123428,3167.8387399941666,3491.914314418122,OpenAlex Works API primary_topic.id and AI-subfield topics.id grouped counts,2026-06-19T23:47:35+00:00
2015,T13935,Mathematical Control Systems and Analysis,394,437,123162,3199.0386645231483,3548.1723258797356,OpenAlex Works API primary_topic.id and AI-subfield topics.id grouped counts,2026-06-19T23:47:35+00:00
2016,T13935,Mathematical Control Systems and Analysis,410,458,133301,3075.7458683730806,3435.8331895484657,OpenAlex Works API primary_topic.id and AI-subfield topics.id grouped counts,2026-06-19T23:47:35+00:00
2017,T13935,Mathematical Control Systems and Analysis,427,478,135900,3142.0161883738047,3517.2921265636496,OpenAlex Works API primary_topic.id and AI-subfield topics.id grouped counts,2026-06-19T23:47:35+00:00
2018,T13935,Mathematical Control Systems and Analysis,464,517,151657,3059.5356627125684,3409.008486255168,OpenAlex Works API primary_topic.id and AI-subfield topics.id grouped counts,2026-06-19T23:47:35+00:00
2019,T13935,Mathematical Control Systems and Analysis,484,543,170876,2832.463306725345,3177.74292469393,OpenAlex Works API primary_topic.id and AI-subfield topics.id grouped counts,2026-06-19T23:47:35+00:00
2020,T13935,Mathematical Control Systems and Analysis,470,522,187432,2507.576080925349,2785.0100303043237,OpenAlex Works API primary_topic.id and AI-subfield topics.id grouped counts,2026-06-19T23:47:35+00:00
2021,T13935,Mathematical Control Systems and Analysis,437,482,188280,2321.0112598257915,2560.016995963459,OpenAlex Works API primary_topic.id and AI-subfield topics.id grouped counts,2026-06-19T23:47:35+00:00
2022,T13935,Mathematical Control Systems and Analysis,351,381,182108,1927.4276802776374,2092.1650888483755,OpenAlex Works API primary_topic.id and AI-subfield topics.id grouped counts,2026-06-19T23:47:35+00:00
2023,T13935,Mathematical Control Systems and Analysis,337,387,213149,1581.0536291514386,1815.6313189365185,OpenAlex Works API primary_topic.id and AI-subfield topics.id grouped counts,2026-06-19T23:47:35+00:00
2024,T13935,Mathematical Control Systems and Analysis,358,410,233624,1532.3768106016505,1754.9566825326167,OpenAlex Works API primary_topic.id and AI-subfield topics.id grouped counts,2026-06-19T23:47:35+00:00
2025,T13935,Mathematical Control Systems and Analysis,443,540,287086,1543.0916171460817,1880.9694655956753,OpenAlex Works API primary_topic.id and AI-subfield topics.id grouped counts,2026-06-19T23:47:35+00:00
2026,T13935,Mathematical Control Systems and Analysis,219,297,214412,1021.398056078951,1385.1836650933715,OpenAlex Works API primary_topic.id and AI-subfield topics.id grouped counts,2026-06-19T23:47:35+00:00
1990,T14175,Intuitionistic Fuzzy Systems Applications,20,24,21171,944.6884889707619,1133.6261867649143,OpenAlex Works API primary_topic.id and AI-subfield topics.id grouped counts,2026-06-19T23:47:35+00:00
1991,T14175,Intuitionistic Fuzzy Systems Applications,22,24,22358,983.98783433223,1073.4412738169783,OpenAlex Works API primary_topic.id and AI-subfield topics.id grouped counts,2026-06-19T23:47:35+00:00
1992,T14175,Intuitionistic Fuzzy Systems Applications,37,44,23668,1563.29220888964,1859.0501943552474,OpenAlex Works API primary_topic.id and AI-subfield topics.id grouped counts,2026-06-19T23:47:35+00:00
1993,T14175,Intuitionistic Fuzzy Systems Applications,44,47,25174,1747.8350679272264,1867.0056407404466,OpenAlex Works API primary_topic.id and AI-subfield topics.id grouped counts,2026-06-19T23:47:35+00:00
1994,T14175,Intuitionistic Fuzzy Systems Applications,27,35,26808,1007.1620411817369,1305.580423754103,OpenAlex Works API primary_topic.id and AI-subfield topics.id grouped counts,2026-06-19T23:47:35+00:00
1995,T14175,Intuitionistic Fuzzy Systems Applications,27,33,26910,1003.3444816053511,1226.309921962096,OpenAlex Works API primary_topic.id and AI-subfield topics.id grouped counts,2026-06-19T23:47:35+00:00
1996,T14175,Intuitionistic Fuzzy Systems Applications,34,44,29167,1165.700963417561,1508.5541879521377,OpenAlex Works API primary_topic.id and AI-subfield topics.id grouped counts,2026-06-19T23:47:35+00:00
1997,T14175,Intuitionistic Fuzzy Systems Applications,27,39,29921,902.3762574780254,1303.4323719127035,OpenAlex Works API primary_topic.id and AI-subfield topics.id grouped counts,2026-06-19T23:47:35+00:00
1998,T14175,Intuitionistic Fuzzy Systems Applications,37,43,31737,1165.8316791127074,1354.8854649147684,OpenAlex Works API primary_topic.id and AI-subfield topics.id grouped counts,2026-06-19T23:47:35+00:00
1999,T14175,Intuitionistic Fuzzy Systems Applications,49,58,33899,1445.4703678574588,1710.9649252190331,OpenAlex Works API primary_topic.id and AI-subfield topics.id grouped counts,2026-06-19T23:47:35+00:00
2000,T14175,Intuitionistic Fuzzy Systems Applications,41,48,41542,986.9529632660923,1155.4571277261566,OpenAlex Works API primary_topic.id and AI-subfield topics.id grouped counts,2026-06-19T23:47:35+00:00
2001,T14175,Intuitionistic Fuzzy Systems Applications,48,57,44511,1078.3851182853678,1280.5823279638741,OpenAlex Works API primary_topic.id and AI-subfield topics.id grouped counts,2026-06-19T23:47:35+00:00
2002,T14175,Intuitionistic Fuzzy Systems Applications,50,65,73689,678.5273242953494,882.0855215839542,OpenAlex Works API primary_topic.id and AI-subfield topics.id grouped counts,2026-06-19T23:47:35+00:00
2003,T14175,Intuitionistic Fuzzy Systems Applications,69,77,67186,1026.999672550829,1146.0720983538238,OpenAlex Works API primary_topic.id and AI-subfield topics.id grouped counts,2026-06-19T23:47:35+00:00
2004,T14175,Intuitionistic Fuzzy Systems Applications,75,83,70835,1058.7986165031411,1171.7371355968096,OpenAlex Works API primary_topic.id and AI-subfield topics.id grouped counts,2026-06-19T23:47:35+00:00
2005,T14175,Intuitionistic Fuzzy Systems Applications,73,87,82556,884.2482678424342,1053.8301274286544,OpenAlex Works API primary_topic.id and AI-subfield topics.id grouped counts,2026-06-19T23:47:35+00:00
2006,T14175,Intuitionistic Fuzzy Systems Applications,100,116,89915,1112.161485847745,1290.1073235833842,OpenAlex Works API primary_topic.id and AI-subfield topics.id grouped counts,2026-06-19T23:47:35+00:00
2007,T14175,Intuitionistic Fuzzy Systems Applications,84,103,94054,893.103961554001,1095.1155719055012,OpenAlex Works API primary_topic.id and AI-subfield topics.id grouped counts,2026-06-19T23:47:35+00:00
2008,T14175,Intuitionistic Fuzzy Systems Applications,121,145,97967,1235.109781865322,1480.0902344667081,OpenAlex Works API primary_topic.id and AI-subfield topics.id grouped counts,2026-06-19T23:47:35+00:00
2009,T14175,Intuitionistic Fuzzy Systems Applications,134,153,104332,1284.3614614883259,1466.472414982939,OpenAlex Works API primary_topic.id and AI-subfield topics.id grouped counts,2026-06-19T23:47:35+00:00
2010,T14175,Intuitionistic Fuzzy Systems Applications,174,197,110997,1567.6099354036594,1774.8227429570168,OpenAlex Works API primary_topic.id and AI-subfield topics.id grouped counts,2026-06-19T23:47:35+00:00
2011,T14175,Intuitionistic Fuzzy Systems Applications,176,199,113882,1545.459335101245,1747.4227709383397,OpenAlex Works API primary_topic.id and AI-subfield topics.id grouped counts,2026-06-19T23:47:35+00:00
2012,T14175,Intuitionistic Fuzzy Systems Applications,206,231,117229,1757.2443678611946,1970.502179494835,OpenAlex Works API primary_topic.id and AI-subfield topics.id grouped counts,2026-06-19T23:47:35+00:00
2013,T14175,Intuitionistic Fuzzy Systems Applications,210,230,119603,1755.808800782589,1923.0286865714072,OpenAlex Works API primary_topic.id and AI-subfield topics.id grouped counts,2026-06-19T23:47:35+00:00
2014,T14175,Intuitionistic Fuzzy Systems Applications,209,236,123428,1693.2948763651682,1912.0458891013384,OpenAlex Works API primary_topic.id and AI-subfield topics.id grouped counts,2026-06-19T23:47:35+00:00
2015,T14175,Intuitionistic Fuzzy Systems Applications,260,295,123162,2111.0407430863415,2395.2193046556567,OpenAlex Works API primary_topic.id and AI-subfield topics.id grouped counts,2026-06-19T23:47:35+00:00
2016,T14175,Intuitionistic Fuzzy Systems Applications,271,301,133301,2032.9930008026945,2258.0475765373103,OpenAlex Works API primary_topic.id and AI-subfield topics.id grouped counts,2026-06-19T23:47:35+00:00
2017,T14175,Intuitionistic Fuzzy Systems Applications,284,315,135900,2089.7718910963945,2317.880794701987,OpenAlex Works API primary_topic.id and AI-subfield topics.id grouped counts,2026-06-19T23:47:35+00:00
2018,T14175,Intuitionistic Fuzzy Systems Applications,315,353,151657,2077.055460677713,2327.620881330898,OpenAlex Works API primary_topic.id and AI-subfield topics.id grouped counts,2026-06-19T23:47:35+00:00
2019,T14175,Intuitionistic Fuzzy Systems Applications,284,331,170876,1662.0239237809874,1937.0771787729113,OpenAlex Works API primary_topic.id and AI-subfield topics.id grouped counts,2026-06-19T23:47:35+00:00
2020,T14175,Intuitionistic Fuzzy Systems Applications,270,312,187432,1440.5224294677535,1664.6036962738488,OpenAlex Works API primary_topic.id and AI-subfield topics.id grouped counts,2026-06-19T23:47:35+00:00
2021,T14175,Intuitionistic Fuzzy Systems Applications,223,259,188280,1184.4062035266625,1375.6107924367964,OpenAlex Works API primary_topic.id and AI-subfield topics.id grouped counts,2026-06-19T23:47:35+00:00
2022,T14175,Intuitionistic Fuzzy Systems Applications,223,266,182108,1224.5480703758208,1460.6716893272126,OpenAlex Works API primary_topic.id and AI-subfield topics.id grouped counts,2026-06-19T23:47:35+00:00
2023,T14175,Intuitionistic Fuzzy Systems Applications,197,217,213149,924.2360977532148,1018.067173667247,OpenAlex Works API primary_topic.id and AI-subfield topics.id grouped counts,2026-06-19T23:47:35+00:00
2024,T14175,Intuitionistic Fuzzy Systems Applications,171,200,233624,731.9453480806766,856.0764305037153,OpenAlex Works API primary_topic.id and AI-subfield topics.id grouped counts,2026-06-19T23:47:35+00:00
2025,T14175,Intuitionistic Fuzzy Systems Applications,416,492,287086,1449.043143866298,1713.7721797649485,OpenAlex Works API primary_topic.id and AI-subfield topics.id grouped counts,2026-06-19T23:47:35+00:00
2026,T14175,Intuitionistic Fuzzy Systems Applications,370,431,214412,1725.6496837863554,2010.1486857078896,OpenAlex Works API primary_topic.id and AI-subfield topics.id grouped counts,2026-06-19T23:47:35+00:00
1990,T13567,AI and Multimedia in Education,0,0,21171,0.0,0.0,OpenAlex Works API primary_topic.id and AI-subfield topics.id grouped counts,2026-06-19T23:47:35+00:00
1991,T13567,AI and Multimedia in Education,3,3,22358,134.1801592271223,134.1801592271223,OpenAlex Works API primary_topic.id and AI-subfield topics.id grouped counts,2026-06-19T23:47:35+00:00
1992,T13567,AI and Multimedia in Education,1,2,23668,42.25114078080108,84.50228156160216,OpenAlex Works API primary_topic.id and AI-subfield topics.id grouped counts,2026-06-19T23:47:35+00:00
1993,T13567,AI and Multimedia in Education,1,1,25174,39.72352427107333,39.72352427107333,OpenAlex Works API primary_topic.id and AI-subfield topics.id grouped counts,2026-06-19T23:47:35+00:00
1994,T13567,AI and Multimedia in Education,0,0,26808,0.0,0.0,OpenAlex Works API primary_topic.id and AI-subfield topics.id grouped counts,2026-06-19T23:47:35+00:00
1995,T13567,AI and Multimedia in Education,2,2,26910,74.32181345224824,74.32181345224824,OpenAlex Works API primary_topic.id and AI-subfield topics.id grouped counts,2026-06-19T23:47:35+00:00
1996,T13567,AI and Multimedia in Education,0,1,29167,0.0,34.285322453457674,OpenAlex Works API primary_topic.id and AI-subfield topics.id grouped counts,2026-06-19T23:47:35+00:00
1997,T13567,AI and Multimedia in Education,0,1,29921,0.0,33.421342869556504,OpenAlex Works API primary_topic.id and AI-subfield topics.id grouped counts,2026-06-19T23:47:35+00:00
1998,T13567,AI and Multimedia in Education,2,3,31737,63.0179286006869,94.52689290103035,OpenAlex Works API primary_topic.id and AI-subfield topics.id grouped counts,2026-06-19T23:47:35+00:00
1999,T13567,AI and Multimedia in Education,0,2,33899,0.0,58.99879052479424,OpenAlex Works API primary_topic.id and AI-subfield topics.id grouped counts,2026-06-19T23:47:35+00:00
2000,T13567,AI and Multimedia in Education,2,4,41542,48.144046988589864,96.28809397717973,OpenAlex Works API primary_topic.id and AI-subfield topics.id grouped counts,2026-06-19T23:47:35+00:00
2001,T13567,AI and Multimedia in Education,2,11,44511,44.93271326189032,247.12992294039677,OpenAlex Works API primary_topic.id and AI-subfield topics.id grouped counts,2026-06-19T23:47:35+00:00
2002,T13567,AI and Multimedia in Education,11,19,73689,149.27601134497684,257.84038323223274,OpenAlex Works API primary_topic.id and AI-subfield topics.id grouped counts,2026-06-19T23:47:35+00:00
2003,T13567,AI and Multimedia in Education,9,22,67186,133.95647902836902,327.44917095823536,OpenAlex Works API primary_topic.id and AI-subfield topics.id grouped counts,2026-06-19T23:47:35+00:00
2004,T13567,AI and Multimedia in Education,9,23,70835,127.05583398037695,324.6982423942966,OpenAlex Works API primary_topic.id and AI-subfield topics.id grouped counts,2026-06-19T23:47:35+00:00
2005,T13567,AI and Multimedia in Education,16,34,82556,193.80783952710888,411.84165899510634,OpenAlex Works API primary_topic.id and AI-subfield topics.id grouped counts,2026-06-19T23:47:35+00:00
2006,T13567,AI and Multimedia in Education,7,26,89915,77.85130400934216,289.1619863204137,OpenAlex Works API primary_topic.id and AI-subfield topics.id grouped counts,2026-06-19T23:47:35+00:00
2007,T13567,AI and Multimedia in Education,8,22,94054,85.05752014800008,233.90818040700023,OpenAlex Works API primary_topic.id and AI-subfield topics.id grouped counts,2026-06-19T23:47:35+00:00
2008,T13567,AI and Multimedia in Education,13,33,97967,132.69774515908418,336.848122326906,OpenAlex Works API primary_topic.id and AI-subfield topics.id grouped counts,2026-06-19T23:47:35+00:00
2009,T13567,AI and Multimedia in Education,19,47,104332,182.11095349461334,450.48499022351723,OpenAlex Works API primary_topic.id and AI-subfield topics.id grouped counts,2026-06-19T23:47:35+00:00
2010,T13567,AI and Multimedia in Education,23,51,110997,207.2128075533573,459.471877618314,OpenAlex Works API primary_topic.id and AI-subfield topics.id grouped counts,2026-06-19T23:47:35+00:00
2011,T13567,AI and Multimedia in Education,34,73,113882,298.5546442809224,641.0143833090392,OpenAlex Works API primary_topic.id and AI-subfield topics.id grouped counts,2026-06-19T23:47:35+00:00
2012,T13567,AI and Multimedia in Education,36,73,117229,307.0912487524418,622.7128099702293,OpenAlex Works API primary_topic.id and AI-subfield topics.id grouped counts,2026-06-19T23:47:35+00:00
2013,T13567,AI and Multimedia in Education,55,92,119603,459.8546859192495,769.2114746285628,OpenAlex Works API primary_topic.id and AI-subfield topics.id grouped counts,2026-06-19T23:47:35+00:00
2014,T13567,AI and Multimedia in Education,49,86,123428,396.99257866934573,696.7624850115046,OpenAlex Works API primary_topic.id and AI-subfield topics.id grouped counts,2026-06-19T23:47:35+00:00
2015,T13567,AI and Multimedia in Education,50,74,123162,405.96937367045035,600.8346730322664,OpenAlex Works API primary_topic.id and AI-subfield topics.id grouped counts,2026-06-19T23:47:35+00:00
2016,T13567,AI and Multimedia in Education,43,70,133301,322.5782252196158,525.1273433807698,OpenAlex Works API primary_topic.id and AI-subfield topics.id grouped counts,2026-06-19T23:47:35+00:00
2017,T13567,AI and Multimedia in Education,45,74,135900,331.12582781456956,544.5180279617366,OpenAlex Works API primary_topic.id and AI-subfield topics.id grouped counts,2026-06-19T23:47:35+00:00
2018,T13567,AI and Multimedia in Education,108,147,151657,712.1333008037875,969.2925483162662,OpenAlex Works API primary_topic.id and AI-subfield topics.id grouped counts,2026-06-19T23:47:35+00:00
2019,T13567,AI and Multimedia in Education,141,200,170876,825.1597649757719,1170.4393829443572,OpenAlex Works API primary_topic.id and AI-subfield topics.id grouped counts,2026-06-19T23:47:35+00:00
2020,T13567,AI and Multimedia in Education,287,420,187432,1531.2219898416492,2240.81266806095,OpenAlex Works API primary_topic.id and AI-subfield topics.id grouped counts,2026-06-19T23:47:35+00:00
2021,T13567,AI and Multimedia in Education,604,790,188280,3207.988102825579,4195.87847886127,OpenAlex Works API primary_topic.id and AI-subfield topics.id grouped counts,2026-06-19T23:47:35+00:00
2022,T13567,AI and Multimedia in Education,669,997,182108,3673.6442111274628,5474.773211500868,OpenAlex Works API primary_topic.id and AI-subfield topics.id grouped counts,2026-06-19T23:47:35+00:00
2023,T13567,AI and Multimedia in Education,355,618,213149,1665.5015974740675,2899.3802457435877,OpenAlex Works API primary_topic.id and AI-subfield topics.id grouped counts,2026-06-19T23:47:35+00:00
2024,T13567,AI and Multimedia in Education,271,483,233624,1159.9835633325342,2067.4245796664727,OpenAlex Works API primary_topic.id and AI-subfield topics.id grouped counts,2026-06-19T23:47:35+00:00
2025,T13567,AI and Multimedia in Education,510,865,287086,1776.471161951471,3013.0344217412203,OpenAlex Works API primary_topic.id and AI-subfield topics.id grouped counts,2026-06-19T23:47:35+00:00
2026,T13567,AI and Multimedia in Education,335,712,214412,1562.4125515362946,3320.709661772662,OpenAlex Works API primary_topic.id and AI-subfield topics.id grouped counts,2026-06-19T23:47:35+00:00
1990,T13514,Experience-Based Knowledge Management,11,11,21171,519.5786689339191,519.5786689339191,OpenAlex Works API primary_topic.id and AI-subfield topics.id grouped counts,2026-06-19T23:47:35+00:00
1991,T13514,Experience-Based Knowledge Management,8,9,22358,357.81375793899275,402.54047768136684,OpenAlex Works API primary_topic.id and AI-subfield topics.id grouped counts,2026-06-19T23:47:35+00:00
1992,T13514,Experience-Based Knowledge Management,11,12,23668,464.76254858881185,507.013689369613,OpenAlex Works API primary_topic.id and AI-subfield topics.id grouped counts,2026-06-19T23:47:35+00:00
1993,T13514,Experience-Based Knowledge Management,8,9,25174,317.78819416858664,357.51171843965994,OpenAlex Works API primary_topic.id and AI-subfield topics.id grouped counts,2026-06-19T23:47:35+00:00
1994,T13514,Experience-Based Knowledge Management,19,19,26808,708.7436586093703,708.7436586093703,OpenAlex Works API primary_topic.id and AI-subfield topics.id grouped counts,2026-06-19T23:47:35+00:00
1995,T13514,Experience-Based Knowledge Management,12,13,26910,445.93088071348944,483.09178743961354,OpenAlex Works API primary_topic.id and AI-subfield topics.id grouped counts,2026-06-19T23:47:35+00:00
1996,T13514,Experience-Based Knowledge Management,22,22,29167,754.2770939760688,754.2770939760688,OpenAlex Works API primary_topic.id and AI-subfield topics.id grouped counts,2026-06-19T23:47:35+00:00
1997,T13514,Experience-Based Knowledge Management,5,6,29921,167.10671434778249,200.52805721733898,OpenAlex Works API primary_topic.id and AI-subfield topics.id grouped counts,2026-06-19T23:47:35+00:00
1998,T13514,Experience-Based Knowledge Management,11,12,31737,346.59860730377795,378.1075716041214,OpenAlex Works API primary_topic.id and AI-subfield topics.id grouped counts,2026-06-19T23:47:35+00:00
1999,T13514,Experience-Based Knowledge Management,15,15,33899,442.49092893595684,442.49092893595684,OpenAlex Works API primary_topic.id and AI-subfield topics.id grouped counts,2026-06-19T23:47:35+00:00
2000,T13514,Experience-Based Knowledge Management,14,14,41542,337.00832892012903,337.00832892012903,OpenAlex Works API primary_topic.id and AI-subfield topics.id grouped counts,2026-06-19T23:47:35+00:00
2001,T13514,Experience-Based Knowledge Management,13,14,44511,292.0626362022871,314.5289928332322,OpenAlex Works API primary_topic.id and AI-subfield topics.id grouped counts,2026-06-19T23:47:35+00:00
2002,T13514,Experience-Based Knowledge Management,15,15,73689,203.55819728860482,203.55819728860482,OpenAlex Works API primary_topic.id and AI-subfield topics.id grouped counts,2026-06-19T23:47:35+00:00
2003,T13514,Experience-Based Knowledge Management,16,16,67186,238.14485160598934,238.14485160598934,OpenAlex Works API primary_topic.id and AI-subfield topics.id grouped counts,2026-06-19T23:47:35+00:00
2004,T13514,Experience-Based Knowledge Management,12,12,70835,169.40777864050258,169.40777864050258,OpenAlex Works API primary_topic.id and AI-subfield topics.id grouped counts,2026-06-19T23:47:35+00:00
2005,T13514,Experience-Based Knowledge Management,22,23,82556,266.4857793497747,278.598769320219,OpenAlex Works API primary_topic.id and AI-subfield topics.id grouped counts,2026-06-19T23:47:35+00:00
2006,T13514,Experience-Based Knowledge Management,25,27,89915,278.0403714619363,300.28360117889116,OpenAlex Works API primary_topic.id and AI-subfield topics.id grouped counts,2026-06-19T23:47:35+00:00
2007,T13514,Experience-Based Knowledge Management,33,35,94054,350.86227061050033,372.12665064750036,OpenAlex Works API primary_topic.id and AI-subfield topics.id grouped counts,2026-06-19T23:47:35+00:00
2008,T13514,Experience-Based Knowledge Management,35,35,97967,357.2631600436882,357.2631600436882,OpenAlex Works API primary_topic.id and AI-subfield topics.id grouped counts,2026-06-19T23:47:35+00:00
2009,T13514,Experience-Based Knowledge Management,40,40,104332,383.3914810412913,383.3914810412913,OpenAlex Works API primary_topic.id and AI-subfield topics.id grouped counts,2026-06-19T23:47:35+00:00
2010,T13514,Experience-Based Knowledge Management,85,85,110997,765.78646269719,765.78646269719,OpenAlex Works API primary_topic.id and AI-subfield topics.id grouped counts,2026-06-19T23:47:35+00:00
2011,T13514,Experience-Based Knowledge Management,83,84,113882,728.8245728034282,737.605591752867,OpenAlex Works API primary_topic.id and AI-subfield topics.id grouped counts,2026-06-19T23:47:35+00:00
2012,T13514,Experience-Based Knowledge Management,93,93,117229,793.3190592771414,793.3190592771414,OpenAlex Works API primary_topic.id and AI-subfield topics.id grouped counts,2026-06-19T23:47:35+00:00
2013,T13514,Experience-Based Knowledge Management,87,87,119603,727.4065031813583,727.4065031813583,OpenAlex Works API primary_topic.id and AI-subfield topics.id grouped counts,2026-06-19T23:47:35+00:00
2014,T13514,Experience-Based Knowledge Management,118,118,123428,956.0229445506692,956.0229445506692,OpenAlex Works API primary_topic.id and AI-subfield topics.id grouped counts,2026-06-19T23:47:35+00:00
2015,T13514,Experience-Based Knowledge Management,79,79,123162,641.4316103993115,641.4316103993115,OpenAlex Works API primary_topic.id and AI-subfield topics.id grouped counts,2026-06-19T23:47:35+00:00
2016,T13514,Experience-Based Knowledge Management,64,65,133301,480.1164282338467,487.61824742500056,OpenAlex Works API primary_topic.id and AI-subfield topics.id grouped counts,2026-06-19T23:47:35+00:00
2017,T13514,Experience-Based Knowledge Management,71,73,135900,522.4429727740986,537.1596762325239,OpenAlex Works API primary_topic.id and AI-subfield topics.id grouped counts,2026-06-19T23:47:35+00:00
2018,T13514,Experience-Based Knowledge Management,58,58,151657,382.44195783907105,382.44195783907105,OpenAlex Works API primary_topic.id and AI-subfield topics.id grouped counts,2026-06-19T23:47:35+00:00
2019,T13514,Experience-Based Knowledge Management,58,60,170876,339.4274210538636,351.1318148833072,OpenAlex Works API primary_topic.id and AI-subfield topics.id grouped counts,2026-06-19T23:47:35+00:00
2020,T13514,Experience-Based Knowledge Management,67,68,187432,357.46297323829447,362.7982414955824,OpenAlex Works API primary_topic.id and AI-subfield topics.id grouped counts,2026-06-19T23:47:35+00:00
2021,T13514,Experience-Based Knowledge Management,39,39,188280,207.138304652645,207.138304652645,OpenAlex Works API primary_topic.id and AI-subfield topics.id grouped counts,2026-06-19T23:47:35+00:00
2022,T13514,Experience-Based Knowledge Management,31,31,182108,170.2286555230962,170.2286555230962,OpenAlex Works API primary_topic.id and AI-subfield topics.id grouped counts,2026-06-19T23:47:35+00:00
2023,T13514,Experience-Based Knowledge Management,25,26,213149,117.28884489253996,121.98039868824155,OpenAlex Works API primary_topic.id and AI-subfield topics.id grouped counts,2026-06-19T23:47:35+00:00
2024,T13514,Experience-Based Knowledge Management,21,23,233624,89.88802520289012,98.44878950792727,OpenAlex Works API primary_topic.id and AI-subfield topics.id grouped counts,2026-06-19T23:47:35+00:00
2025,T13514,Experience-Based Knowledge Management,33,39,287086,114.94813400862459,135.84779473746542,OpenAlex Works API primary_topic.id and AI-subfield topics.id grouped counts,2026-06-19T23:47:35+00:00
2026,T13514,Experience-Based Knowledge Management,41,44,214412,191.22064063578532,205.21239482864763,OpenAlex Works API primary_topic.id and AI-subfield topics.id grouped counts,2026-06-19T23:47:35+00:00
